country_code,activity_code,year,emp_index
008,10,2014,100.0
008,10,2015,128.4
008,10,2016,170.4
008,10,2017,183.8
008,10,2018,198.6
008,10,2019,207.9
008,10,2020,209.2
008,10,2021,195.7
008,10,2022,210.7
008,10,2023,207.0
008,11,2014,100.0
008,11,2015,99.8
008,11,2016,113.2
008,11,2017,101.6
008,11,2018,101.6
008,11,2019,112.9
008,11,2020,112.2
008,11,2021,116.8
008,11,2022,120.2
008,11,2023,120.6
008,13,2014,100.0
008,13,2015,110.3
008,13,2016,111.5
008,13,2017,163.0
008,13,2018,218.6
008,13,2019,255.8
008,13,2020,284.5
008,13,2021,287.4
008,13,2022,329.7
008,13,2023,369.0
008,14,2014,100.0
008,14,2015,111.1
008,14,2016,131.2
008,14,2017,148.9
008,14,2018,154.4
008,14,2019,162.2
008,14,2020,141.2
008,14,2021,137.0
008,14,2022,139.5
008,14,2023,140.1
008,15,2014,100.0
008,15,2015,116.3
008,15,2016,131.2
008,15,2017,140.6
008,15,2018,154.5
008,15,2019,152.4
008,15,2020,125.0
008,15,2021,118.4
008,15,2022,124.9
008,15,2023,121.3
008,16,2014,100.0
008,16,2015,100.6
008,16,2016,106.9
008,16,2017,135.2
008,16,2018,151.4
008,16,2019,151.1
008,16,2020,128.4
008,16,2021,130.4
008,16,2022,147.5
008,16,2023,147.9
008,17,2014,100.0
008,17,2015,117.8
008,17,2016,117.8
008,17,2017,105.9
008,17,2018,114.1
008,17,2019,127.4
008,17,2020,120.4
008,17,2021,128.3
008,17,2022,165.3
008,17,2023,148.5
008,18,2014,100.0
008,18,2015,98.5
008,18,2016,116.7
008,18,2017,113.2
008,18,2018,120.2
008,18,2019,143.7
008,18,2020,131.0
008,18,2021,125.4
008,18,2022,133.3
008,18,2023,116.9
008,19,2014,100.0
008,19,2015,91.3
008,19,2016,84.1
008,19,2017,6.9
008,19,2018,7.2
008,19,2019,8.1
008,19,2020,7.1
008,19,2021,7.6
008,19,2022,7.2
008,19,2023,8.0
008,20,2014,100.0
008,20,2015,99.6
008,20,2016,92.4
008,20,2017,88.3
008,20,2018,90.0
008,20,2019,96.8
008,20,2020,100.2
008,20,2021,108.6
008,20,2022,101.3
008,20,2023,106.6
008,22,2014,100.0
008,22,2015,95.3
008,22,2016,131.7
008,22,2017,153.1
008,22,2018,159.4
008,22,2019,160.4
008,22,2020,159.5
008,22,2021,175.6
008,22,2022,147.9
008,22,2023,144.2
008,23,2014,100.0
008,23,2015,95.4
008,23,2016,117.8
008,23,2017,131.7
008,23,2018,126.9
008,23,2019,125.0
008,23,2020,126.0
008,23,2021,125.8
008,23,2022,126.8
008,23,2023,120.5
008,24,2014,100.0
008,24,2015,84.4
008,24,2016,82.2
008,24,2017,79.5
008,24,2018,77.0
008,24,2019,90.8
008,24,2020,89.7
008,24,2021,100.2
008,24,2022,104.0
008,24,2023,99.3
008,25,2014,100.0
008,25,2015,98.7
008,25,2016,123.8
008,25,2017,120.7
008,25,2018,133.7
008,25,2019,128.0
008,25,2020,128.6
008,25,2021,133.4
008,25,2022,138.3
008,25,2023,139.2
008,26,2014,100.0
008,26,2015,71.6
008,26,2016,122.5
008,26,2017,159.0
008,26,2018,225.0
008,26,2019,285.7
008,26,2020,299.8
008,26,2021,413.1
008,26,2022,561.7
008,26,2023,626.9
008,28,2014,100.0
008,28,2015,166.8
008,28,2016,230.1
008,28,2017,172.5
008,28,2018,168.1
008,28,2019,254.6
008,28,2020,562.9
008,28,2021,902.2
008,28,2022,1166.8
008,28,2023,1323.6
008,31,2014,100.0
008,31,2015,125.0
008,31,2016,137.6
008,31,2017,161.4
008,31,2018,181.3
008,31,2019,185.3
008,31,2020,177.6
008,31,2021,179.3
008,31,2022,190.3
008,31,2023,175.6
008,32,2014,100.0
008,32,2015,119.8
008,32,2016,119.2
008,32,2017,114.1
008,32,2018,103.1
008,32,2019,103.2
008,32,2020,94.6
008,32,2021,98.2
008,32,2022,102.9
008,32,2023,112.2
008,33,2014,100.0
008,33,2015,761.1
008,33,2016,766.7
008,33,2017,1140.7
008,33,2018,1011.1
008,33,2019,1122.2
008,33,2020,1072.2
008,33,2021,1238.9
008,33,2022,1261.1
008,33,2023,1229.6
031,10,2013,100.0
031,10,2014,109.7
031,10,2015,99.9
031,10,2016,102.6
031,10,2017,110.6
031,10,2018,114.7
031,10,2019,138.9
031,10,2021,160.9
031,10,2022,161.0
031,10,2023,173.3
031,11,2013,100.0
031,11,2014,103.7
031,11,2015,107.8
031,11,2016,107.7
031,11,2017,116.3
031,11,2018,120.2
031,11,2019,130.4
031,11,2021,144.5
031,11,2022,149.6
031,11,2023,137.8
031,12,2013,100.0
031,12,2014,65.1
031,12,2015,66.4
031,12,2016,70.7
031,12,2017,73.2
031,12,2018,124.5
031,12,2019,219.5
031,12,2021,271.0
031,12,2022,272.6
031,12,2023,283.0
031,13,2013,100.0
031,13,2014,110.1
031,13,2015,84.6
031,13,2016,116.0
031,13,2017,153.7
031,13,2018,188.1
031,13,2019,209.6
031,13,2021,216.0
031,13,2022,203.8
031,13,2023,197.0
031,14,2013,100.0
031,14,2014,99.0
031,14,2015,92.4
031,14,2016,100.2
031,14,2017,96.1
031,14,2018,97.5
031,14,2019,113.2
031,14,2021,120.6
031,14,2022,127.6
031,14,2023,131.9
031,15,2013,100.0
031,15,2014,70.4
031,15,2015,74.7
031,15,2016,64.0
031,15,2017,71.2
031,15,2018,73.5
031,15,2019,70.7
031,15,2021,71.3
031,15,2022,67.2
031,15,2023,58.2
031,16,2013,100.0
031,16,2014,112.3
031,16,2015,88.2
031,16,2016,69.0
031,16,2017,61.5
031,16,2018,58.2
031,16,2019,69.3
031,16,2021,72.6
031,16,2022,63.3
031,16,2023,51.2
031,17,2013,100.0
031,17,2014,100.3
031,17,2015,98.2
031,17,2016,91.1
031,17,2017,94.9
031,17,2018,109.2
031,17,2019,113.9
031,17,2021,138.3
031,17,2022,149.6
031,17,2023,146.8
031,18,2013,100.0
031,18,2014,104.2
031,18,2015,108.9
031,18,2016,91.9
031,18,2017,88.1
031,18,2018,93.7
031,18,2019,101.1
031,18,2021,106.4
031,18,2022,103.4
031,18,2023,112.8
031,19,2013,100.0
031,19,2014,96.9
031,19,2015,82.5
031,19,2016,78.3
031,19,2017,76.7
031,19,2018,75.8
031,19,2019,75.7
031,19,2021,72.6
031,19,2022,66.7
031,19,2023,61.6
031,20,2013,100.0
031,20,2014,86.4
031,20,2015,82.7
031,20,2016,78.9
031,20,2017,86.1
031,20,2018,94.8
031,20,2019,104.7
031,20,2021,116.0
031,20,2022,118.8
031,20,2023,115.9
031,21,2013,100.0
031,21,2014,101.2
031,21,2015,92.5
031,21,2016,76.7
031,21,2017,72.1
031,21,2018,79.2
031,21,2019,90.4
031,21,2021,120.4
031,21,2022,131.7
031,21,2023,127.9
031,22,2013,100.0
031,22,2014,128.3
031,22,2015,114.8
031,22,2016,125.5
031,22,2017,124.8
031,22,2018,129.5
031,22,2019,141.8
031,22,2021,154.8
031,22,2022,148.7
031,22,2023,149.2
031,23,2013,100.0
031,23,2014,123.4
031,23,2015,122.3
031,23,2016,105.4
031,23,2017,116.8
031,23,2018,111.4
031,23,2019,128.9
031,23,2021,118.0
031,23,2022,115.5
031,23,2023,113.9
031,24,2013,100.0
031,24,2014,74.0
031,24,2015,64.8
031,24,2016,57.1
031,24,2017,53.2
031,24,2018,84.7
031,24,2019,78.2
031,24,2021,92.9
031,24,2022,97.2
031,24,2023,94.6
031,25,2013,100.0
031,25,2014,130.2
031,25,2015,127.6
031,25,2016,113.2
031,25,2017,157.8
031,25,2018,108.7
031,25,2019,146.7
031,25,2021,163.6
031,25,2022,155.3
031,25,2023,138.3
031,26,2013,100.0
031,26,2014,93.3
031,26,2015,85.0
031,26,2016,92.1
031,26,2017,95.7
031,26,2018,97.8
031,26,2019,97.8
031,26,2021,56.6
031,26,2022,56.4
031,26,2023,58.9
031,27,2013,100.0
031,27,2014,103.8
031,27,2015,89.3
031,27,2016,67.7
031,27,2017,71.9
031,27,2018,79.5
031,27,2019,89.1
031,27,2021,74.6
031,27,2022,64.7
031,27,2023,62.7
031,28,2013,100.0
031,28,2014,89.1
031,28,2015,81.7
031,28,2016,79.7
031,28,2017,77.9
031,28,2018,88.3
031,28,2019,91.1
031,28,2021,107.3
031,28,2022,108.6
031,28,2023,112.6
031,29,2013,100.0
031,29,2014,500.8
031,29,2015,505.7
031,29,2016,516.4
031,29,2017,519.7
031,29,2018,543.4
031,29,2019,607.4
031,29,2021,617.2
031,29,2022,618.0
031,29,2023,673.8
031,30,2013,100.0
031,30,2014,83.6
031,30,2015,79.7
031,30,2016,71.4
031,30,2017,64.8
031,30,2018,56.6
031,30,2019,57.4
031,30,2021,43.4
031,30,2022,31.9
031,30,2023,31.4
031,31,2013,100.0
031,31,2014,105.4
031,31,2015,96.6
031,31,2016,94.1
031,31,2017,97.6
031,31,2018,101.9
031,31,2019,113.8
031,31,2021,153.2
031,31,2022,170.4
031,31,2023,182.9
031,32,2013,100.0
031,32,2014,61.8
031,32,2015,54.3
031,32,2016,49.1
031,32,2017,65.6
031,32,2018,73.9
031,32,2019,87.6
031,32,2021,89.4
031,32,2022,93.4
031,32,2023,109.1
031,33,2013,100.0
031,33,2014,108.1
031,33,2015,142.1
031,33,2016,131.4
031,33,2017,120.3
031,33,2018,118.7
031,33,2019,127.2
031,33,2021,121.0
031,33,2022,120.4
031,33,2023,137.3
040,10,2014,100.0
040,10,2015,101.5
040,10,2016,102.2
040,10,2017,104.4
040,10,2018,108.1
040,10,2019,109.4
040,10,2020,108.1
040,10,2021,109.0
040,10,2022,112.8
040,10,2023,114.8
040,11,2014,100.0
040,11,2015,102.4
040,11,2016,103.9
040,11,2017,101.5
040,11,2018,119.7
040,11,2019,118.4
040,11,2020,118.7
040,11,2021,118.9
040,11,2022,125.2
040,11,2023,128.9
040,12,2014,
040,12,2015,
040,12,2016,
040,12,2017,
040,12,2018,
040,12,2019,
040,12,2020,
040,12,2021,
040,12,2022,
040,12,2023,
040,13,2014,100.0
040,13,2015,97.4
040,13,2016,92.1
040,13,2017,92.3
040,13,2018,93.1
040,13,2019,89.1
040,13,2020,83.2
040,13,2021,83.1
040,13,2022,84.8
040,13,2023,82.0
040,14,2014,100.0
040,14,2015,94.0
040,14,2016,86.4
040,14,2017,74.2
040,14,2018,71.4
040,14,2019,68.1
040,14,2020,58.9
040,14,2021,54.7
040,14,2022,54.2
040,14,2023,51.3
040,15,2014,100.0
040,15,2015,96.1
040,15,2016,91.5
040,15,2017,91.2
040,15,2018,92.7
040,15,2019,88.2
040,15,2020,82.6
040,15,2021,78.4
040,15,2022,78.1
040,15,2023,74.1
040,16,2014,100.0
040,16,2015,99.2
040,16,2016,100.2
040,16,2017,101.1
040,16,2018,104.8
040,16,2019,106.4
040,16,2020,104.9
040,16,2021,109.3
040,16,2022,110.7
040,16,2023,108.7
040,17,2014,100.0
040,17,2015,99.6
040,17,2016,98.7
040,17,2017,99.2
040,17,2018,103.7
040,17,2019,108.9
040,17,2020,108.6
040,17,2021,110.8
040,17,2022,111.6
040,17,2023,108.6
040,18,2014,100.0
040,18,2015,97.2
040,18,2016,97.0
040,18,2017,91.7
040,18,2018,90.8
040,18,2019,88.6
040,18,2020,81.3
040,18,2021,77.4
040,18,2022,77.7
040,18,2023,75.7
040,19,2012,100.0
040,19,2013,93.1
040,19,2014,94.9
040,19,2015,97.8
040,19,2016,100.8
040,19,2017,105.0
040,19,2018,165.8
040,19,2019,183.4
040,19,2020,208.2
040,19,2021,205.9
040,20,2014,100.0
040,20,2015,100.8
040,20,2016,103.7
040,20,2017,103.4
040,20,2018,107.6
040,20,2019,111.7
040,20,2020,112.6
040,20,2021,116.5
040,20,2022,118.9
040,20,2023,121.8
040,21,2012,100.0
040,21,2013,107.3
040,21,2014,111.1
040,21,2015,115.8
040,21,2016,120.2
040,21,2017,121.8
040,21,2018,135.8
040,21,2019,140.0
040,21,2020,140.8
040,21,2021,146.0
040,22,2014,100.0
040,22,2015,100.4
040,22,2016,101.7
040,22,2017,102.6
040,22,2018,109.6
040,22,2019,109.4
040,22,2020,109.3
040,22,2021,108.1
040,22,2022,109.9
040,22,2023,113.0
040,23,2014,100.0
040,23,2015,98.9
040,23,2016,97.8
040,23,2017,98.1
040,23,2018,106.3
040,23,2019,106.9
040,23,2020,103.6
040,23,2021,100.3
040,23,2022,95.8
040,23,2023,93.2
040,24,2014,100.0
040,24,2015,101.5
040,24,2016,103.0
040,24,2017,104.2
040,24,2018,123.9
040,24,2019,125.8
040,24,2020,124.4
040,24,2021,123.1
040,24,2022,127.2
040,24,2023,131.9
040,25,2014,100.0
040,25,2015,101.2
040,25,2016,102.8
040,25,2017,104.9
040,25,2018,108.4
040,25,2019,109.5
040,25,2020,106.4
040,25,2021,107.9
040,25,2022,111.3
040,25,2023,110.3
040,26,2014,100.0
040,26,2015,101.6
040,26,2016,105.3
040,26,2017,108.3
040,26,2018,117.8
040,26,2019,120.7
040,26,2020,119.7
040,26,2021,146.3
040,26,2022,153.9
040,26,2023,163.6
040,27,2014,100.0
040,27,2015,100.9
040,27,2016,101.2
040,27,2017,104.4
040,27,2018,110.1
040,27,2019,108.8
040,27,2020,108.3
040,27,2021,107.5
040,27,2022,111.4
040,27,2023,114.6
040,28,2014,100.0
040,28,2015,100.5
040,28,2016,100.9
040,28,2017,102.3
040,28,2018,111.5
040,28,2019,116.0
040,28,2020,117.5
040,28,2021,119.5
040,28,2022,123.5
040,28,2023,129.7
040,29,2014,100.0
040,29,2015,101.4
040,29,2016,103.9
040,29,2017,109.8
040,29,2018,126.2
040,29,2019,129.4
040,29,2020,124.6
040,29,2021,122.7
040,29,2022,119.8
040,29,2023,121.4
040,30,2014,100.0
040,30,2015,104.8
040,30,2016,112.3
040,30,2017,119.5
040,30,2018,142.3
040,30,2019,186.7
040,30,2020,199.3
040,30,2021,206.8
040,30,2022,221.3
040,30,2023,235.7
040,31,2014,100.0
040,31,2015,98.8
040,31,2016,95.8
040,31,2017,96.9
040,31,2018,98.0
040,31,2019,96.6
040,31,2020,92.5
040,31,2021,93.5
040,31,2022,92.8
040,31,2023,89.2
040,32,2014,100.0
040,32,2015,99.5
040,32,2016,98.9
040,32,2017,100.4
040,32,2018,105.6
040,32,2019,108.2
040,32,2020,107.9
040,32,2021,104.4
040,32,2022,106.2
040,32,2023,107.4
040,33,2014,100.0
040,33,2015,100.4
040,33,2016,103.0
040,33,2017,104.6
040,33,2018,92.9
040,33,2019,94.6
040,33,2020,92.7
040,33,2021,96.0
040,33,2022,99.9
040,33,2023,95.5
044,10,2008,100.0
044,10,2009,106.6
044,10,2010,108.0
044,10,2011,106.4
044,10,2012,94.8
044,10,2013,104.2
044,10,2014,100.2
044,10,2015,91.8
044,11,2008,100.0
044,11,2009,100.7
044,11,2010,100.7
044,11,2011,101.0
044,11,2012,102.5
044,11,2013,108.6
044,11,2014,100.3
044,11,2015,120.2
044,13,2008,100.0
044,13,2009,75.2
044,13,2010,95.0
044,13,2011,89.1
044,13,2012,82.2
044,13,2013,76.2
044,13,2014,77.2
044,13,2015,77.2
044,14,2008,100.0
044,14,2009,102.9
044,14,2010,130.4
044,14,2011,112.3
044,14,2012,117.4
044,14,2013,115.2
044,14,2014,105.8
044,14,2015,98.6
044,16,2008,100.0
044,16,2009,82.8
044,16,2010,62.4
044,16,2011,63.4
044,16,2012,63.4
044,16,2013,60.2
044,16,2014,51.6
044,16,2015,87.1
044,18,2008,100.0
044,18,2009,119.9
044,18,2010,95.9
044,18,2011,95.5
044,18,2012,101.1
044,18,2013,87.2
044,18,2014,89.8
044,18,2015,104.9
044,23,2008,100.0
044,23,2009,99.1
044,23,2010,122.6
044,23,2011,118.1
044,23,2012,99.4
044,23,2013,114.8
044,23,2014,89.5
044,23,2015,67.5
044,25,2008,100.0
044,25,2009,104.2
044,25,2010,90.8
044,25,2011,89.0
044,25,2012,93.2
044,25,2013,91.6
044,25,2014,92.2
044,25,2015,85.2
044,31,2008,100.0
044,31,2009,100.0
044,31,2010,81.7
044,31,2011,80.3
044,31,2012,74.5
044,31,2013,71.6
044,31,2014,72.6
044,31,2015,82.2
044,32,2008,100.0
044,32,2009,92.5
044,32,2010,91.0
044,32,2011,83.6
044,32,2012,82.1
044,32,2013,68.7
044,33,2008,100.0
044,33,2009,100.7
044,33,2010,126.3
044,33,2011,133.5
044,33,2012,134.8
044,33,2013,132.5
044,33,2014,132.1
044,33,2015,7.1
050,10,2012,100.0
050,10,2018,108.4
050,11,2012,100.0
050,11,2018,25.9
050,12,2012,100.0
050,12,2018,59.7
050,13,2012,100.0
050,13,2018,82.7
050,14,2012,100.0
050,14,2018,117.8
050,15,2012,100.0
050,15,2018,153.8
050,16,2012,100.0
050,16,2018,171.9
050,17,2012,100.0
050,17,2018,63.3
050,18,2012,100.0
050,18,2018,56.8
050,19,2012,100.0
050,19,2018,192.4
050,20,2012,100.0
050,20,2018,63.7
050,21,2012,100.0
050,21,2018,69.0
050,22,2012,100.0
050,22,2018,153.8
050,23,2012,100.0
050,23,2018,122.7
050,24,2012,100.0
050,24,2018,21.7
050,25,2012,100.0
050,25,2018,97.5
050,26,2012,100.0
050,26,2018,105.0
050,27,2012,100.0
050,27,2018,115.1
050,28,2012,100.0
050,28,2018,50.6
050,29,2012,100.0
050,29,2018,49.7
050,30,2012,100.0
050,30,2018,105.5
050,31,2012,100.0
050,31,2018,297.2
050,32,2012,100.0
050,32,2018,291.7
050,33,2012,100.0
050,33,2018,83.1
051,10,2014,100.0
051,10,2015,102.5
051,10,2016,98.3
051,10,2017,98.9
051,10,2018,113.1
051,10,2019,146.1
051,10,2020,149.3
051,10,2021,145.2
051,10,2022,136.8
051,10,2023,149.6
051,11,2014,100.0
051,11,2015,95.7
051,11,2016,89.2
051,11,2017,95.3
051,11,2018,113.9
051,11,2019,123.7
051,11,2020,122.3
051,11,2021,125.2
051,11,2022,122.6
051,11,2023,126.2
051,12,2014,100.0
051,12,2015,117.9
051,12,2016,134.8
051,12,2017,150.1
051,12,2018,185.2
051,12,2019,192.9
051,12,2020,184.2
051,12,2021,177.1
051,12,2022,180.6
051,12,2023,196.2
051,13,2014,100.0
051,13,2015,90.4
051,13,2016,95.0
051,13,2017,103.2
051,13,2018,190.9
051,13,2019,171.7
051,13,2020,184.5
051,13,2021,227.9
051,13,2022,353.0
051,13,2023,607.3
051,14,2014,100.0
051,14,2015,101.9
051,14,2016,112.5
051,14,2017,160.6
051,14,2018,224.9
051,14,2019,271.0
051,14,2020,316.7
051,14,2021,323.7
051,14,2022,372.7
051,14,2023,387.2
051,15,2014,100.0
051,15,2015,82.3
051,15,2016,93.6
051,15,2017,96.7
051,15,2018,119.3
051,15,2019,185.7
051,15,2020,152.3
051,15,2021,163.2
051,15,2022,188.8
051,15,2023,278.8
051,16,2014,100.0
051,16,2015,98.9
051,16,2016,80.7
051,16,2017,74.2
051,16,2018,80.7
051,16,2019,82.9
051,16,2020,54.4
051,16,2021,46.0
051,16,2022,53.0
051,16,2023,50.0
051,17,2014,100.0
051,17,2015,96.7
051,17,2016,111.3
051,17,2017,117.4
051,17,2018,195.0
051,17,2019,209.4
051,17,2020,218.9
051,17,2021,210.5
051,17,2022,221.7
051,17,2023,228.9
051,18,2014,100.0
051,18,2015,94.5
051,18,2016,94.6
051,18,2017,99.0
051,18,2018,101.4
051,18,2019,99.9
051,18,2020,110.9
051,18,2021,119.0
051,18,2022,125.6
051,18,2023,117.8
051,19,2022,100.0
051,19,2023,200.0
051,20,2014,100.0
051,20,2015,42.8
051,20,2016,32.8
051,20,2017,24.9
051,20,2018,29.6
051,20,2019,35.6
051,20,2020,40.2
051,20,2021,28.8
051,20,2022,33.5
051,20,2023,37.5
051,21,2014,100.0
051,21,2015,108.0
051,21,2016,115.4
051,21,2017,122.9
051,21,2018,135.1
051,21,2019,145.7
051,21,2020,156.0
051,21,2021,160.3
051,21,2022,120.2
051,21,2023,129.6
051,22,2014,100.0
051,22,2015,108.9
051,22,2016,103.8
051,22,2017,93.4
051,22,2018,109.9
051,22,2019,114.8
051,22,2020,136.5
051,22,2021,140.0
051,22,2022,128.3
051,22,2023,133.3
051,23,2014,100.0
051,23,2015,95.2
051,23,2016,88.1
051,23,2017,95.8
051,23,2018,102.4
051,23,2019,112.7
051,23,2020,122.4
051,23,2021,132.5
051,23,2022,144.6
051,23,2023,175.6
051,24,2014,100.0
051,24,2015,92.4
051,24,2016,81.4
051,24,2017,82.1
051,24,2018,83.7
051,24,2019,75.6
051,24,2020,75.9
051,24,2021,99.1
051,24,2022,87.3
051,24,2023,82.7
051,25,2014,100.0
051,25,2015,81.4
051,25,2016,87.3
051,25,2017,82.6
051,25,2018,89.8
051,25,2019,116.7
051,25,2020,112.4
051,25,2021,113.1
051,25,2022,153.2
051,25,2023,203.0
051,26,2014,100.0
051,26,2015,107.7
051,26,2016,104.8
051,26,2017,97.2
051,26,2018,97.7
051,26,2019,101.0
051,26,2020,99.8
051,26,2021,100.6
051,26,2022,58.3
051,26,2023,49.6
051,27,2014,100.0
051,27,2015,90.1
051,27,2016,85.8
051,27,2017,79.6
051,27,2018,80.5
051,27,2019,97.7
051,27,2020,100.2
051,27,2021,106.7
051,27,2022,100.2
051,27,2023,104.9
051,28,2014,100.0
051,28,2015,104.3
051,28,2016,94.9
051,28,2017,90.7
051,28,2018,121.0
051,28,2019,103.3
051,28,2020,89.4
051,28,2021,96.0
051,28,2022,121.7
051,28,2023,106.6
051,29,2020,100.0
051,29,2021,200.0
051,29,2022,4200.0
051,29,2023,2300.0
051,30,2013,100.0
051,30,2014,116.7
051,30,2015,150.0
051,30,2016,550.0
051,30,2017,716.7
051,30,2018,750.0
051,30,2019,566.7
051,30,2020,0.0
051,30,2021,0.0
051,30,2023,66.7
051,31,2014,100.0
051,31,2015,106.8
051,31,2016,104.0
051,31,2017,106.5
051,31,2018,133.8
051,31,2019,164.4
051,31,2020,254.6
051,31,2021,240.5
051,31,2022,230.7
051,31,2023,313.1
051,32,2014,100.0
051,32,2015,97.9
051,32,2016,107.3
051,32,2017,98.8
051,32,2018,118.2
051,32,2019,152.5
051,32,2020,138.9
051,32,2021,152.2
051,32,2022,140.0
051,32,2023,182.0
051,33,2014,100.0
051,33,2015,95.3
051,33,2016,88.3
051,33,2017,88.0
051,33,2018,108.0
051,33,2019,115.6
051,33,2020,107.3
051,33,2021,96.2
051,33,2022,113.9
051,33,2023,140.0
056,10,2014,100.0
056,10,2015,100.5
056,10,2016,102.6
056,10,2017,105.1
056,10,2018,109.3
056,10,2019,113.9
056,10,2020,112.4
056,10,2021,114.0
056,10,2022,119.1
056,10,2023,123.7
056,11,2013,100.0
056,11,2014,95.3
056,11,2015,96.2
056,11,2016,97.8
056,11,2017,102.4
056,11,2018,120.0
056,11,2019,123.9
056,11,2020,125.7
056,11,2022,130.3
056,11,2023,125.9
056,12,2014,100.0
056,12,2015,101.6
056,12,2016,99.3
056,12,2017,92.5
056,12,2018,85.6
056,12,2019,83.7
056,12,2020,82.1
056,12,2021,81.3
056,12,2022,81.8
056,12,2023,89.9
056,13,2014,100.0
056,13,2015,95.6
056,13,2016,91.4
056,13,2017,90.9
056,13,2018,80.3
056,13,2019,90.3
056,13,2020,80.5
056,13,2021,91.4
056,13,2022,91.4
056,13,2023,87.8
056,14,2014,100.0
056,14,2015,101.6
056,14,2016,98.1
056,14,2017,96.1
056,14,2018,92.2
056,14,2019,85.0
056,14,2020,85.0
056,14,2021,77.9
056,14,2022,83.8
056,14,2023,76.8
056,15,2014,100.0
056,15,2015,39.6
056,15,2016,36.4
056,15,2017,38.6
056,15,2018,36.4
056,15,2019,30.4
056,15,2020,30.4
056,15,2021,26.8
056,15,2022,28.0
056,15,2023,28.0
056,16,2014,100.0
056,16,2015,95.1
056,16,2016,94.5
056,16,2017,99.0
056,16,2018,94.2
056,16,2019,102.2
056,16,2020,98.6
056,16,2021,101.6
056,16,2022,106.8
056,16,2023,100.8
056,17,2014,100.0
056,17,2015,93.4
056,17,2016,92.4
056,17,2017,92.7
056,17,2018,93.0
056,17,2019,96.4
056,17,2020,97.6
056,17,2021,98.3
056,17,2022,97.2
056,17,2023,99.3
056,18,2014,100.0
056,18,2015,93.6
056,18,2016,88.1
056,18,2017,87.2
056,18,2018,72.4
056,18,2019,76.8
056,18,2020,70.1
056,18,2021,69.2
056,18,2022,63.4
056,18,2023,63.7
056,19,2011,100.0
056,19,2012,101.6
056,19,2013,109.8
056,19,2014,108.6
056,19,2016,114.9
056,19,2017,112.6
056,19,2018,144.1
056,19,2019,147.8
056,19,2020,153.5
056,19,2023,117.5
056,20,2014,100.0
056,20,2015,101.5
056,20,2016,98.7
056,20,2017,98.1
056,20,2018,105.6
056,20,2019,99.2
056,20,2020,96.5
056,20,2021,98.5
056,20,2022,99.4
056,20,2023,102.3
056,21,2014,100.0
056,21,2015,99.8
056,21,2016,102.4
056,21,2017,105.5
056,21,2018,118.2
056,21,2019,121.3
056,21,2020,113.7
056,21,2021,115.1
056,21,2022,116.8
056,21,2023,138.4
056,22,2014,100.0
056,22,2015,98.8
056,22,2016,105.3
056,22,2017,105.7
056,22,2018,102.2
056,22,2019,104.0
056,22,2020,115.7
056,22,2021,113.3
056,22,2022,108.1
056,22,2023,107.6
056,23,2014,100.0
056,23,2015,97.7
056,23,2016,101.2
056,23,2017,99.8
056,23,2018,101.1
056,23,2019,100.0
056,23,2020,94.9
056,23,2021,97.9
056,23,2022,97.2
056,23,2023,97.8
056,24,2014,100.0
056,24,2015,96.9
056,24,2016,98.2
056,24,2017,98.9
056,24,2018,104.6
056,24,2019,105.8
056,24,2020,102.2
056,24,2021,98.2
056,24,2022,100.2
056,24,2023,103.2
056,25,2014,100.0
056,25,2015,96.5
056,25,2016,95.5
056,25,2017,91.7
056,25,2018,88.4
056,25,2019,93.8
056,25,2020,87.2
056,25,2021,88.1
056,25,2022,87.7
056,25,2023,84.2
056,26,2013,100.0
056,26,2014,99.3
056,26,2015,99.5
056,26,2016,103.1
056,26,2017,104.8
056,26,2018,104.8
056,26,2019,112.9
056,26,2020,114.0
056,26,2021,116.6
056,26,2023,100.6
056,27,2014,100.0
056,27,2015,103.8
056,27,2016,98.7
056,27,2017,97.2
056,27,2018,99.8
056,27,2019,91.9
056,27,2020,88.5
056,27,2021,83.1
056,27,2022,78.0
056,27,2023,82.0
056,28,2014,100.0
056,28,2015,92.0
056,28,2016,94.1
056,28,2017,95.0
056,28,2018,92.7
056,28,2019,94.5
056,28,2020,91.5
056,28,2021,95.0
056,28,2022,98.4
056,28,2023,99.9
056,29,2014,100.0
056,29,2015,83.9
056,29,2016,80.1
056,29,2017,82.8
056,29,2018,84.4
056,29,2019,85.2
056,29,2020,86.7
056,29,2021,83.7
056,29,2022,87.6
056,29,2023,83.9
056,30,2012,100.0
056,30,2013,108.1
056,30,2014,109.7
056,30,2016,108.9
056,30,2017,106.5
056,30,2018,108.7
056,30,2019,83.0
056,30,2020,103.7
056,30,2021,98.6
056,30,2023,103.1
056,31,2014,100.0
056,31,2015,101.9
056,31,2016,95.2
056,31,2017,93.0
056,31,2018,96.5
056,31,2019,100.3
056,31,2020,92.2
056,31,2021,83.0
056,31,2022,87.8
056,31,2023,81.1
056,32,2014,100.0
056,32,2015,113.8
056,32,2016,115.7
056,32,2017,120.5
056,32,2018,126.2
056,32,2019,144.7
056,32,2020,135.7
056,32,2021,140.3
056,32,2022,152.5
056,32,2023,145.5
056,33,2014,100.0
056,33,2015,116.4
056,33,2016,120.4
056,33,2017,127.6
056,33,2018,120.7
056,33,2019,137.2
056,33,2020,136.3
056,33,2021,138.5
056,33,2022,147.6
056,33,2023,145.2
070,10,2014,100.0
070,10,2015,102.9
070,10,2016,111.6
070,10,2017,115.1
070,10,2018,114.5
070,10,2019,114.2
070,10,2020,108.2
070,10,2021,110.1
070,10,2022,103.9
070,10,2023,103.8
070,11,2014,100.0
070,11,2015,99.3
070,11,2016,101.0
070,11,2017,101.9
070,11,2018,106.9
070,11,2019,110.1
070,11,2020,105.3
070,11,2021,101.8
070,11,2022,99.2
070,11,2023,99.4
070,12,2014,100.0
070,12,2015,108.4
070,12,2016,104.0
070,12,2017,89.5
070,12,2018,55.1
070,12,2019,28.0
070,12,2020,24.2
070,12,2021,21.9
070,12,2022,20.3
070,12,2023,1.8
070,13,2014,100.0
070,13,2015,91.8
070,13,2016,95.1
070,13,2017,87.8
070,13,2018,97.8
070,13,2019,88.4
070,13,2020,78.4
070,13,2021,77.0
070,13,2022,84.4
070,13,2023,76.7
070,14,2014,100.0
070,14,2015,105.5
070,14,2016,111.2
070,14,2017,116.1
070,14,2018,123.5
070,14,2019,125.9
070,14,2020,124.0
070,14,2021,116.3
070,14,2022,122.0
070,14,2023,119.6
070,15,2014,100.0
070,15,2015,100.9
070,15,2016,100.2
070,15,2017,113.0
070,15,2018,118.1
070,15,2019,117.1
070,15,2020,109.5
070,15,2021,106.2
070,15,2022,110.6
070,15,2023,104.1
070,16,2014,100.0
070,16,2015,105.2
070,16,2016,119.4
070,16,2017,127.8
070,16,2018,134.1
070,16,2019,138.4
070,16,2020,133.3
070,16,2021,131.3
070,16,2022,134.3
070,16,2023,130.7
070,17,2014,100.0
070,17,2015,103.6
070,17,2016,99.1
070,17,2017,106.1
070,17,2018,110.9
070,17,2019,113.6
070,17,2020,113.1
070,17,2021,121.0
070,17,2022,123.0
070,17,2023,125.9
070,18,2014,100.0
070,18,2015,97.1
070,18,2016,87.9
070,18,2017,104.6
070,18,2018,104.1
070,18,2019,108.4
070,18,2020,103.6
070,18,2021,104.9
070,18,2022,105.1
070,18,2023,103.0
070,19,2014,100.0
070,19,2015,96.1
070,19,2016,86.0
070,19,2017,85.5
070,19,2018,83.1
070,19,2019,77.9
070,19,2020,64.3
070,19,2021,59.1
070,19,2022,53.0
070,19,2023,40.5
070,20,2014,100.0
070,20,2015,106.6
070,20,2016,119.8
070,20,2017,122.9
070,20,2018,132.3
070,20,2019,128.8
070,20,2020,129.1
070,20,2021,121.6
070,20,2022,126.4
070,20,2023,128.3
070,21,2014,100.0
070,21,2015,94.4
070,21,2016,97.2
070,21,2017,96.2
070,21,2018,97.7
070,21,2019,97.1
070,21,2020,100.3
070,21,2021,100.0
070,21,2022,103.6
070,21,2023,110.2
070,22,2014,100.0
070,22,2015,99.0
070,22,2016,109.9
070,22,2017,132.9
070,22,2018,143.7
070,22,2019,164.5
070,22,2020,179.8
070,22,2021,192.2
070,22,2022,196.5
070,22,2023,197.5
070,23,2014,100.0
070,23,2015,109.0
070,23,2016,117.2
070,23,2017,108.1
070,23,2018,114.2
070,23,2019,119.1
070,23,2020,120.6
070,23,2021,126.4
070,23,2022,131.6
070,23,2023,133.1
070,24,2014,100.0
070,24,2015,88.3
070,24,2016,86.5
070,24,2017,92.6
070,24,2018,91.9
070,24,2019,90.3
070,24,2020,78.6
070,24,2021,76.5
070,24,2022,82.8
070,24,2023,77.7
070,25,2014,100.0
070,25,2015,105.7
070,25,2016,115.1
070,25,2017,125.6
070,25,2018,138.5
070,25,2019,151.0
070,25,2020,148.1
070,25,2021,152.5
070,25,2022,164.1
070,25,2023,166.4
070,26,2014,100.0
070,26,2015,146.0
070,26,2016,152.9
070,26,2017,109.9
070,26,2018,118.1
070,26,2019,116.8
070,26,2020,116.7
070,26,2021,181.1
070,26,2022,190.1
070,26,2023,195.8
070,27,2014,100.0
070,27,2015,93.7
070,27,2016,105.6
070,27,2017,124.9
070,27,2018,134.3
070,27,2019,141.7
070,27,2020,136.1
070,27,2021,155.4
070,27,2022,162.6
070,27,2023,170.2
070,28,2014,100.0
070,28,2015,92.5
070,28,2016,96.6
070,28,2017,98.1
070,28,2018,111.9
070,28,2019,116.8
070,28,2020,117.3
070,28,2021,134.2
070,28,2022,134.5
070,28,2023,135.4
070,29,2014,100.0
070,29,2015,98.7
070,29,2016,101.7
070,29,2017,117.3
070,29,2018,115.2
070,29,2019,116.8
070,29,2020,112.9
070,29,2021,120.3
070,29,2022,131.8
070,29,2023,131.5
070,30,2014,100.0
070,30,2015,584.7
070,30,2016,640.0
070,30,2017,660.0
070,30,2018,649.4
070,30,2019,252.9
070,30,2020,56.5
070,30,2021,498.8
070,30,2022,536.5
070,30,2023,554.1
070,31,2014,100.0
070,31,2015,86.5
070,31,2016,102.3
070,31,2017,111.8
070,31,2018,120.9
070,31,2019,120.2
070,31,2020,115.5
070,31,2021,131.6
070,31,2022,131.3
070,31,2023,128.8
070,32,2014,100.0
070,32,2015,110.3
070,32,2016,134.6
070,32,2017,170.4
070,32,2018,209.4
070,32,2019,201.3
070,32,2020,210.9
070,32,2021,260.8
070,32,2022,237.7
070,32,2023,213.5
070,33,2014,100.0
070,33,2015,88.3
070,33,2016,92.2
070,33,2017,97.2
070,33,2018,109.8
070,33,2019,127.9
070,33,2020,120.6
070,33,2021,121.4
070,33,2022,123.7
070,33,2023,123.7
076,10,2014,100.0
076,10,2015,98.9
076,10,2016,99.0
076,10,2017,101.8
076,10,2018,97.5
076,10,2019,94.6
076,10,2020,103.1
076,10,2021,105.7
076,10,2022,110.4
076,10,2023,116.6
076,11,2014,100.0
076,11,2015,101.0
076,11,2016,96.9
076,11,2017,95.2
076,11,2018,98.1
076,11,2019,99.5
076,11,2020,97.4
076,11,2021,99.4
076,11,2022,102.8
076,11,2023,108.1
076,12,2014,100.0
076,12,2015,104.9
076,12,2016,107.2
076,12,2017,106.8
076,12,2018,103.7
076,12,2019,95.0
076,12,2020,96.3
076,12,2021,97.0
076,12,2022,93.5
076,12,2023,100.8
076,13,2014,100.0
076,13,2015,84.5
076,13,2016,82.6
076,13,2017,85.0
076,13,2018,83.6
076,13,2019,82.6
076,13,2020,83.8
076,13,2021,86.7
076,13,2022,85.3
076,13,2023,86.2
076,14,2014,100.0
076,14,2015,87.7
076,14,2016,83.7
076,14,2017,78.5
076,14,2018,78.5
076,14,2019,76.6
076,14,2020,68.4
076,14,2021,75.3
076,14,2022,75.2
076,14,2023,74.6
076,15,2014,100.0
076,15,2015,91.0
076,15,2016,91.6
076,15,2017,88.1
076,15,2018,84.8
076,15,2019,84.3
076,15,2020,76.7
076,15,2021,84.5
076,15,2022,88.8
076,15,2023,84.3
076,16,2014,100.0
076,16,2015,89.2
076,16,2016,84.7
076,16,2017,83.9
076,16,2018,83.8
076,16,2019,80.8
076,16,2020,84.1
076,16,2021,93.6
076,16,2022,89.0
076,16,2023,86.8
076,17,2014,100.0
076,17,2015,99.8
076,17,2016,96.6
076,17,2017,96.7
076,17,2018,97.9
076,17,2019,98.5
076,17,2020,99.2
076,17,2021,104.5
076,17,2022,107.4
076,17,2023,112.2
076,18,2014,100.0
076,18,2015,91.9
076,18,2016,86.1
076,18,2017,81.9
076,18,2018,82.1
076,18,2019,82.7
076,18,2020,74.8
076,18,2021,74.5
076,18,2022,75.5
076,18,2023,77.8
076,19,2014,100.0
076,19,2015,96.7
076,19,2016,88.7
076,19,2017,82.2
076,19,2018,79.9
076,19,2019,81.5
076,19,2020,80.8
076,19,2021,75.5
076,19,2022,78.5
076,19,2023,84.1
076,20,2014,100.0
076,20,2015,100.8
076,20,2016,91.5
076,20,2017,91.5
076,20,2018,104.2
076,20,2019,115.3
076,20,2020,95.5
076,20,2021,102.2
076,20,2022,101.2
076,20,2023,103.1
076,21,2014,100.0
076,21,2015,98.6
076,21,2016,96.5
076,21,2017,98.3
076,21,2018,100.0
076,21,2019,99.3
076,21,2020,104.2
076,21,2021,106.6
076,21,2022,113.1
076,21,2023,113.6
076,22,2014,100.0
076,22,2015,90.8
076,22,2016,87.9
076,22,2017,83.7
076,22,2018,86.1
076,22,2019,85.1
076,22,2020,87.2
076,22,2021,89.9
076,22,2022,91.2
076,22,2023,95.0
076,23,2014,100.0
076,23,2015,93.0
076,23,2016,83.8
076,23,2017,80.2
076,23,2018,77.2
076,23,2019,76.2
076,23,2020,79.9
076,23,2021,85.5
076,23,2022,85.1
076,23,2023,84.1
076,24,2014,100.0
076,24,2015,84.7
076,24,2016,80.4
076,24,2017,81.2
076,24,2018,85.1
076,24,2019,86.1
076,24,2020,88.1
076,24,2021,93.5
076,24,2022,96.5
076,24,2023,96.3
076,25,2014,100.0
076,25,2015,86.5
076,25,2016,79.8
076,25,2017,75.9
076,25,2018,76.1
076,25,2019,76.4
076,25,2020,77.3
076,25,2021,82.4
076,25,2022,84.1
076,25,2023,87.9
076,26,2014,100.0
076,26,2015,83.1
076,26,2016,75.1
076,26,2017,75.0
076,26,2018,73.0
076,26,2019,69.3
076,26,2020,66.8
076,26,2021,72.7
076,26,2022,74.1
076,26,2023,70.1
076,27,2014,100.0
076,27,2015,85.5
076,27,2016,79.3
076,27,2017,77.7
076,27,2018,76.0
076,27,2019,78.1
076,27,2020,82.8
076,27,2021,86.1
076,27,2022,88.8
076,27,2023,90.7
076,28,2014,100.0
076,28,2015,83.2
076,28,2016,77.0
076,28,2017,73.5
076,28,2018,78.2
076,28,2019,81.1
076,28,2020,83.6
076,28,2021,92.8
076,28,2022,94.7
076,28,2023,95.9
076,29,2014,100.0
076,29,2015,88.3
076,29,2016,82.6
076,29,2017,84.9
076,29,2018,88.0
076,29,2019,86.9
076,29,2020,85.0
076,29,2021,87.0
076,29,2022,90.7
076,29,2023,90.9
076,30,2014,100.0
076,30,2015,89.8
076,30,2016,70.8
076,30,2017,61.5
076,30,2018,57.2
076,30,2019,57.4
076,30,2020,59.0
076,30,2021,60.0
076,30,2022,62.6
076,30,2023,70.1
076,31,2014,100.0
076,31,2015,90.0
076,31,2016,81.7
076,31,2017,83.3
076,31,2018,81.5
076,31,2019,78.8
076,31,2020,84.1
076,31,2021,85.0
076,31,2022,86.1
076,31,2023,86.5
076,32,2014,100.0
076,32,2015,99.0
076,32,2016,89.7
076,32,2017,90.4
076,32,2018,91.2
076,32,2019,91.7
076,32,2020,92.2
076,32,2021,94.6
076,32,2022,94.4
076,32,2023,97.2
076,33,2014,100.0
076,33,2015,98.6
076,33,2016,87.3
076,33,2017,91.0
076,33,2018,94.8
076,33,2019,96.5
076,33,2020,105.3
076,33,2021,114.5
076,33,2022,126.4
076,33,2023,141.1
100,10,2014,100.0
100,10,2015,101.6
100,10,2016,100.7
100,10,2017,101.4
100,10,2018,101.2
100,10,2019,99.6
100,10,2020,94.5
100,10,2021,94.9
100,10,2022,93.0
100,10,2023,94.4
100,11,2014,100.0
100,11,2015,99.6
100,11,2016,96.6
100,11,2017,95.6
100,11,2018,96.0
100,11,2019,91.3
100,11,2020,86.1
100,11,2021,85.9
100,11,2022,82.7
100,11,2023,81.8
100,12,2014,100.0
100,12,2015,94.6
100,12,2016,75.3
100,12,2017,64.4
100,12,2018,51.1
100,12,2019,44.2
100,12,2020,37.0
100,12,2021,37.4
100,12,2022,33.5
100,12,2023,30.4
100,13,2014,100.0
100,13,2015,102.1
100,13,2016,107.3
100,13,2017,107.8
100,13,2018,104.7
100,13,2019,99.8
100,13,2020,95.8
100,13,2021,97.4
100,13,2022,92.1
100,13,2023,84.4
100,14,2014,100.0
100,14,2015,96.9
100,14,2016,92.1
100,14,2017,87.9
100,14,2018,83.3
100,14,2019,76.6
100,14,2020,65.0
100,14,2021,59.3
100,14,2022,57.4
100,14,2023,54.2
100,15,2014,100.0
100,15,2015,94.9
100,15,2016,89.1
100,15,2017,83.3
100,15,2018,78.5
100,15,2019,72.3
100,15,2020,57.3
100,15,2021,54.2
100,15,2022,53.0
100,15,2023,48.6
100,16,2014,100.0
100,16,2015,101.8
100,16,2016,97.4
100,16,2017,97.7
100,16,2018,94.8
100,16,2019,88.4
100,16,2020,79.3
100,16,2021,81.9
100,16,2022,80.0
100,16,2023,75.7
100,17,2014,100.0
100,17,2015,112.2
100,17,2016,111.4
100,17,2017,109.0
100,17,2018,105.5
100,17,2019,108.8
100,17,2020,101.3
100,17,2021,99.4
100,17,2022,98.5
100,17,2023,91.9
100,18,2014,100.0
100,18,2015,96.7
100,18,2016,101.9
100,18,2017,105.4
100,18,2018,104.2
100,18,2019,103.9
100,18,2020,93.2
100,18,2021,95.2
100,18,2022,94.3
100,18,2023,93.5
100,19,2014,100.0
100,19,2015,98.0
100,19,2016,93.8
100,19,2017,116.2
100,19,2018,116.9
100,19,2019,116.4
100,19,2020,116.5
100,19,2021,113.8
100,19,2022,114.3
100,19,2023,114.7
100,20,2014,100.0
100,20,2015,102.9
100,20,2016,104.5
100,20,2017,106.5
100,20,2018,107.9
100,20,2019,107.6
100,20,2020,106.7
100,20,2021,107.4
100,20,2022,104.9
100,20,2023,108.1
100,21,2014,100.0
100,21,2015,100.2
100,21,2016,102.2
100,21,2017,104.4
100,21,2018,105.7
100,21,2019,98.2
100,21,2020,97.6
100,21,2021,93.2
100,21,2022,91.4
100,21,2023,93.4
100,22,2014,100.0
100,22,2015,108.4
100,22,2016,113.0
100,22,2017,119.4
100,22,2018,119.2
100,22,2019,119.8
100,22,2020,117.4
100,22,2021,122.3
100,22,2022,121.0
100,22,2023,119.4
100,23,2014,100.0
100,23,2015,98.1
100,23,2016,99.9
100,23,2017,99.1
100,23,2018,99.1
100,23,2019,97.6
100,23,2020,95.0
100,23,2021,96.9
100,23,2022,96.9
100,23,2023,95.4
100,24,2014,100.0
100,24,2015,102.5
100,24,2016,110.5
100,24,2017,115.8
100,24,2018,115.8
100,24,2019,126.2
100,24,2020,112.6
100,24,2021,113.8
100,24,2022,113.4
100,24,2023,111.8
100,25,2014,100.0
100,25,2015,105.0
100,25,2016,108.1
100,25,2017,114.0
100,25,2018,112.4
100,25,2019,107.5
100,25,2020,96.8
100,25,2021,97.1
100,25,2022,95.9
100,25,2023,100.2
100,26,2014,100.0
100,26,2015,109.8
100,26,2016,107.9
100,26,2017,116.2
100,26,2018,121.2
100,26,2019,121.3
100,26,2020,111.5
100,26,2021,111.6
100,26,2022,120.9
100,26,2023,123.9
100,27,2014,100.0
100,27,2015,103.7
100,27,2016,112.0
100,27,2017,120.7
100,27,2018,131.2
100,27,2019,134.7
100,27,2020,115.6
100,27,2021,118.6
100,27,2022,126.0
100,27,2023,127.7
100,28,2014,100.0
100,28,2015,100.8
100,28,2016,102.7
100,28,2017,106.8
100,28,2018,113.5
100,28,2019,110.5
100,28,2020,103.2
100,28,2021,106.0
100,28,2022,108.2
100,28,2023,102.7
100,29,2014,100.0
100,29,2015,119.1
100,29,2016,125.0
100,29,2017,138.3
100,29,2018,135.2
100,29,2019,127.3
100,29,2020,142.0
100,29,2021,150.6
100,29,2022,143.2
100,29,2023,144.6
100,30,2014,100.0
100,30,2015,102.0
100,30,2016,102.2
100,30,2017,97.8
100,30,2018,112.9
100,30,2019,112.6
100,30,2020,115.3
100,30,2021,124.3
100,30,2022,134.0
100,30,2023,140.0
100,31,2014,100.0
100,31,2015,100.1
100,31,2016,103.6
100,31,2017,103.3
100,31,2018,107.8
100,31,2019,105.5
100,31,2020,90.2
100,31,2021,96.7
100,31,2022,96.8
100,31,2023,94.5
100,32,2014,100.0
100,32,2015,108.2
100,32,2016,108.1
100,32,2017,115.4
100,32,2018,119.5
100,32,2019,116.5
100,32,2020,113.2
100,32,2021,115.1
100,32,2022,115.4
100,32,2023,118.5
100,33,2014,100.0
100,33,2015,102.2
100,33,2016,107.1
100,33,2017,104.9
100,33,2018,103.9
100,33,2019,108.5
100,33,2020,104.3
100,33,2021,102.2
100,33,2022,105.6
100,33,2023,100.6
104,10,2014,100.0
104,10,2015,95.8
104,10,2016,32.8
104,10,2017,32.5
104,10,2018,22.4
104,10,2019,26.2
104,10,2020,20.5
104,10,2021,24.1
104,10,2022,25.1
104,10,2023,29.1
104,11,2014,100.0
104,11,2015,92.3
104,11,2016,35.9
104,11,2017,26.7
104,11,2018,29.8
104,11,2019,26.9
104,11,2020,17.0
104,11,2021,17.6
104,11,2022,7.2
104,11,2023,15.6
104,12,2009,100.0
104,12,2010,0.0
104,12,2011,0.0
104,12,2012,0.0
104,12,2013,0.0
104,13,2014,100.0
104,13,2015,97.3
104,13,2016,35.0
104,13,2017,37.7
104,13,2018,37.9
104,13,2019,37.9
104,13,2020,30.8
104,13,2021,28.3
104,13,2022,19.1
104,13,2023,27.9
104,15,2009,100.0
104,15,2010,97.1
104,15,2011,87.4
104,15,2012,129.3
104,15,2013,18.1
104,15,2014,94.8
104,15,2015,77.6
104,16,2014,100.0
104,16,2015,96.8
104,16,2016,253.8
104,16,2017,235.6
104,16,2018,217.8
104,16,2019,203.0
104,16,2020,185.9
104,16,2021,171.7
104,16,2022,129.6
104,16,2023,121.8
104,17,2013,100.0
104,17,2014,81.1
104,17,2015,69.8
104,17,2017,15.7
104,17,2018,14.5
104,17,2019,14.3
104,17,2020,13.2
104,17,2021,10.9
104,17,2022,8.6
104,17,2023,4.5
104,18,2014,100.0
104,18,2015,93.2
104,18,2016,92.4
104,18,2017,85.6
104,18,2018,79.8
104,18,2019,72.3
104,18,2020,70.2
104,18,2021,80.3
104,18,2022,66.2
104,18,2023,40.8
104,19,2009,100.0
104,19,2010,98.2
104,19,2011,114.0
104,19,2012,0.0
104,19,2013,0.0
104,20,2014,100.0
104,20,2015,79.2
104,20,2016,223.5
104,20,2017,153.4
104,20,2018,62.1
104,20,2019,94.1
104,20,2020,87.8
104,20,2021,87.0
104,20,2022,136.4
104,20,2023,135.1
104,21,2014,100.0
104,21,2015,95.8
104,21,2016,77.6
104,21,2017,78.2
104,21,2018,95.2
104,21,2019,68.2
104,21,2020,55.6
104,21,2021,55.7
104,21,2022,70.0
104,21,2023,69.4
104,22,2014,100.0
104,22,2015,82.5
104,22,2016,76.2
104,22,2017,75.3
104,22,2018,81.0
104,22,2019,80.3
104,22,2020,75.0
104,22,2021,59.5
104,22,2022,51.3
104,22,2023,51.7
104,23,2014,100.0
104,23,2015,104.7
104,23,2016,155.7
104,23,2017,161.0
104,23,2018,137.1
104,23,2019,122.9
104,23,2020,130.7
104,23,2021,96.9
104,23,2022,81.7
104,23,2023,90.4
104,24,2014,100.0
104,24,2015,113.4
104,24,2016,106.8
104,24,2017,108.6
104,24,2018,93.2
104,24,2019,82.0
104,24,2020,77.8
104,24,2021,75.1
104,24,2022,49.4
104,24,2023,52.4
104,25,2013,100.0
104,25,2014,230.5
104,25,2015,230.0
104,25,2017,95.0
104,25,2018,77.7
104,25,2019,92.3
104,25,2020,90.0
104,25,2021,93.2
104,25,2022,89.1
104,25,2023,66.8
104,27,2014,100.0
104,27,2015,93.3
104,27,2016,34.7
104,27,2017,61.2
104,27,2018,44.6
104,27,2019,54.2
104,27,2020,46.0
104,27,2021,43.5
104,27,2022,30.1
104,27,2023,28.3
104,28,2014,100.0
104,28,2015,192.5
104,28,2016,183.4
104,28,2017,168.5
104,28,2018,148.4
104,28,2019,131.6
104,28,2020,120.5
104,28,2021,14.7
104,28,2022,1.5
104,28,2023,1.6
104,29,2009,
104,29,2010,
104,29,2011,
104,29,2012,
104,29,2013,
104,29,2014,inf
104,29,2015,inf
104,30,2011,100.0
104,30,2012,47.1
104,30,2013,22.9
104,30,2014,0.7
104,30,2015,0.8
104,30,2016,0.7
104,30,2017,0.7
104,30,2018,0.7
104,30,2019,0.7
104,30,2020,0.7
104,31,2014,100.0
104,31,2015,88.9
104,31,2016,88.1
104,31,2017,84.9
104,31,2018,73.0
104,31,2019,73.8
104,31,2020,71.4
104,31,2021,59.5
104,31,2022,61.9
104,31,2023,64.3
104,32,2014,100.0
104,32,2015,67.1
104,32,2016,681.4
104,32,2017,711.4
104,32,2018,715.0
104,32,2019,693.6
104,32,2020,687.1
104,32,2021,667.9
104,32,2022,655.0
104,32,2023,701.4
112,10,2013,100.0
112,10,2014,99.6
112,10,2015,96.4
112,10,2016,83.7
112,10,2017,93.1
112,10,2018,92.5
112,10,2019,81.8
112,10,2020,90.9
112,10,2021,90.6
112,10,2023,94.1
112,11,2016,100.0
112,11,2019,84.5
112,13,2013,100.0
112,13,2014,93.8
112,13,2015,81.7
112,13,2016,24.8
112,13,2017,77.6
112,13,2018,77.0
112,13,2019,23.0
112,13,2020,69.0
112,13,2021,67.4
112,13,2023,67.6
112,14,2016,100.0
112,14,2019,102.3
112,15,2016,100.0
112,15,2019,92.3
112,16,2013,100.0
112,16,2014,95.0
112,16,2015,87.9
112,16,2016,58.5
112,16,2017,88.7
112,16,2018,91.2
112,16,2019,66.0
112,16,2020,91.6
112,16,2021,90.6
112,16,2023,81.8
112,17,2016,100.0
112,17,2019,103.0
112,18,2016,100.0
112,18,2019,94.3
112,19,2013,100.0
112,19,2014,95.3
112,19,2015,93.3
112,19,2016,91.7
112,19,2017,92.7
112,19,2018,93.4
112,19,2019,93.7
112,19,2020,91.1
112,19,2021,91.2
112,19,2023,90.5
112,20,2013,100.0
112,20,2014,93.3
112,20,2015,90.4
112,20,2016,90.5
112,20,2017,89.9
112,20,2018,90.4
112,20,2019,90.7
112,20,2020,88.3
112,20,2021,88.0
112,20,2023,87.2
112,21,2013,100.0
112,21,2014,97.7
112,21,2015,98.9
112,21,2016,113.2
112,21,2017,113.3
112,21,2018,114.9
112,21,2019,118.5
112,21,2020,118.5
112,21,2021,118.0
112,21,2023,122.7
112,22,2013,100.0
112,22,2014,96.0
112,22,2015,85.6
112,22,2016,32.2
112,22,2017,74.2
112,22,2018,73.5
112,22,2019,29.7
112,22,2020,69.2
112,22,2021,68.1
112,22,2023,67.9
112,23,2016,100.0
112,23,2019,91.5
112,24,2013,100.0
112,24,2014,98.2
112,24,2015,88.1
112,24,2016,23.0
112,24,2017,78.1
112,24,2018,77.4
112,24,2019,21.1
112,24,2020,74.7
112,24,2021,73.8
112,24,2023,71.7
112,25,2016,100.0
112,25,2019,94.9
112,26,2013,100.0
112,26,2014,91.1
112,26,2015,88.4
112,26,2016,91.0
112,26,2017,90.5
112,26,2018,90.1
112,26,2019,89.3
112,26,2020,83.2
112,26,2021,83.2
112,26,2023,84.2
112,27,2013,100.0
112,27,2014,93.8
112,27,2015,85.1
112,27,2016,84.2
112,27,2017,83.1
112,27,2018,81.1
112,27,2019,79.9
112,27,2020,76.6
112,27,2021,74.7
112,27,2023,74.6
112,28,2013,100.0
112,28,2014,91.5
112,28,2015,84.9
112,28,2016,74.0
112,28,2017,73.5
112,28,2018,73.7
112,28,2019,73.4
112,28,2020,71.0
112,28,2021,70.3
112,28,2023,73.5
112,29,2013,100.0
112,29,2014,91.0
112,29,2015,81.4
112,29,2016,66.5
112,29,2017,75.0
112,29,2018,75.0
112,29,2019,62.6
112,29,2020,73.8
112,29,2021,73.0
112,29,2023,74.0
112,30,2016,100.0
112,30,2019,121.9
112,31,2013,100.0
112,31,2014,97.4
112,31,2015,90.2
112,31,2016,40.1
112,31,2017,88.2
112,31,2018,88.6
112,31,2019,42.4
112,31,2020,87.3
112,31,2021,89.3
112,31,2023,79.3
112,32,2016,100.0
112,32,2019,107.4
112,33,2016,100.0
112,33,2019,91.1
120,10,2017,100.0
120,10,2018,113.9
120,13,2017,100.0
120,13,2018,91.4
120,16,2017,100.0
120,16,2018,93.6
120,17,2017,100.0
120,17,2018,252.6
120,19,2017,100.0
120,19,2018,70.3
120,20,2017,100.0
120,20,2018,54.2
124,10,2010,100.0
124,10,2011,98.6
124,10,2012,100.7
124,10,2015,94.6
124,10,2016,100.3
124,10,2017,104.0
124,10,2018,105.6
124,10,2019,110.8
124,10,2020,110.5
124,10,2021,115.2
124,11,2010,100.0
124,11,2011,121.2
124,11,2012,124.0
124,11,2015,129.1
124,11,2016,139.8
124,11,2017,132.0
124,11,2018,145.5
124,11,2019,150.7
124,11,2020,154.1
124,11,2021,167.8
124,12,2010,100.0
124,12,2011,116.0
124,12,2012,118.0
124,12,2015,160.3
124,12,2016,163.0
124,12,2017,168.7
124,12,2018,191.9
124,12,2019,190.9
124,12,2020,187.7
124,12,2021,186.7
124,13,2010,100.0
124,13,2011,97.1
124,13,2012,97.3
124,13,2015,95.4
124,13,2016,95.0
124,13,2017,92.4
124,13,2018,92.7
124,13,2019,90.8
124,13,2020,85.2
124,13,2021,88.3
124,14,2010,100.0
124,14,2011,93.8
124,14,2012,85.5
124,14,2015,69.0
124,14,2016,73.3
124,14,2017,80.4
124,14,2018,87.4
124,14,2019,82.2
124,14,2020,69.3
124,14,2021,71.2
124,15,2008,100.0
124,15,2009,85.1
124,15,2010,84.7
124,15,2011,88.3
124,15,2012,84.9
124,15,2015,113.0
124,15,2018,64.9
124,15,2019,67.1
124,15,2020,57.1
124,15,2021,64.0
124,16,2010,100.0
124,16,2011,96.4
124,16,2012,95.9
124,16,2015,109.6
124,16,2016,107.6
124,16,2017,106.2
124,16,2018,107.7
124,16,2019,105.1
124,16,2020,104.8
124,16,2021,112.8
124,17,2010,100.0
124,17,2011,96.4
124,17,2012,94.4
124,17,2015,89.9
124,17,2016,84.3
124,17,2017,87.8
124,17,2018,88.9
124,17,2019,90.6
124,17,2020,85.2
124,17,2021,84.7
124,18,2010,100.0
124,18,2011,94.8
124,18,2012,93.5
124,18,2015,97.0
124,18,2016,102.4
124,18,2017,96.3
124,18,2018,95.0
124,18,2019,93.1
124,18,2020,76.8
124,18,2021,75.4
124,19,2010,100.0
124,19,2011,103.5
124,19,2012,101.9
124,19,2015,96.5
124,19,2016,108.5
124,19,2017,105.8
124,19,2018,119.7
124,19,2019,110.7
124,19,2020,98.1
124,19,2021,108.2
124,20,2010,100.0
124,20,2011,99.6
124,20,2012,104.3
124,20,2015,109.1
124,20,2016,109.5
124,20,2017,110.3
124,20,2018,110.0
124,20,2019,109.1
124,20,2020,105.5
124,20,2021,110.7
124,21,2010,100.0
124,21,2011,95.3
124,21,2012,100.2
124,21,2015,95.6
124,21,2016,94.2
124,21,2017,100.1
124,21,2018,98.0
124,21,2019,97.0
124,21,2020,100.0
124,21,2021,104.1
124,22,2010,100.0
124,22,2011,99.3
124,22,2012,99.8
124,22,2015,106.2
124,22,2016,109.7
124,22,2017,112.4
124,22,2018,113.6
124,22,2019,116.0
124,22,2020,107.3
124,22,2021,115.6
124,23,2010,100.0
124,23,2011,100.5
124,23,2012,106.1
124,23,2015,107.7
124,23,2016,107.0
124,23,2017,117.0
124,23,2018,112.5
124,23,2019,108.3
124,23,2020,105.6
124,23,2021,110.3
124,24,2010,100.0
124,24,2011,108.3
124,24,2012,106.9
124,24,2015,102.7
124,24,2016,98.9
124,24,2017,95.6
124,24,2018,101.8
124,24,2019,96.4
124,24,2020,88.9
124,24,2021,89.2
124,25,2010,100.0
124,25,2011,105.2
124,25,2012,110.0
124,25,2015,110.1
124,25,2016,107.3
124,25,2017,110.9
124,25,2018,111.6
124,25,2019,118.6
124,25,2020,110.7
124,25,2021,118.1
124,26,2010,100.0
124,26,2011,103.6
124,26,2012,106.0
124,26,2015,96.1
124,26,2016,26.7
124,26,2017,25.8
124,26,2018,99.9
124,26,2019,106.1
124,26,2020,97.9
124,26,2021,103.9
124,27,2010,100.0
124,27,2011,104.2
124,27,2012,101.2
124,27,2015,89.3
124,27,2016,87.5
124,27,2017,93.2
124,27,2018,92.2
124,27,2019,93.3
124,27,2020,91.6
124,27,2021,103.7
124,29,2010,100.0
124,29,2011,104.9
124,29,2012,112.7
124,29,2015,121.6
124,29,2016,116.9
124,29,2017,126.2
124,29,2018,130.0
124,29,2019,128.9
124,29,2020,111.6
124,29,2021,114.9
124,30,2010,100.0
124,30,2011,110.1
124,30,2012,115.7
124,30,2015,129.7
124,30,2016,127.3
124,30,2017,128.6
124,30,2018,138.5
124,30,2019,148.9
124,30,2020,125.5
124,30,2021,113.1
124,31,2010,100.0
124,31,2011,98.1
124,31,2012,97.4
124,31,2015,103.4
124,31,2016,103.4
124,31,2017,109.6
124,31,2018,111.7
124,31,2019,110.1
124,31,2020,96.5
124,31,2021,105.4
124,32,2010,100.0
124,32,2011,102.4
124,32,2012,101.5
124,32,2015,106.5
124,32,2016,108.2
124,32,2017,104.1
124,32,2018,113.9
124,32,2019,109.9
124,32,2020,98.3
124,32,2021,111.3
132,10,2015,100.0
132,10,2016,80.9
132,10,2017,64.5
132,10,2018,87.7
132,10,2019,46.4
132,10,2020,48.4
132,10,2021,46.2
132,10,2022,65.5
132,10,2023,58.8
132,11,2015,100.0
132,11,2016,143.6
132,11,2017,87.7
132,11,2018,136.5
132,11,2019,92.6
132,11,2020,104.3
132,11,2021,85.5
132,11,2022,143.4
132,11,2023,175.3
132,12,2015,100.0
132,12,2016,104.8
132,12,2017,107.1
132,12,2018,116.7
132,12,2019,104.8
132,12,2020,104.8
132,12,2021,90.5
132,12,2022,102.4
132,12,2023,107.1
132,13,2015,100.0
132,13,2016,159.2
132,13,2017,147.4
132,13,2019,8.8
132,13,2020,9.2
132,13,2021,10.7
132,13,2022,13.9
132,13,2023,11.4
132,14,2019,100.0
132,14,2020,113.6
132,14,2021,94.2
132,14,2022,130.6
132,14,2023,131.2
132,15,2019,100.0
132,15,2020,96.2
132,15,2021,95.7
132,15,2022,126.2
132,15,2023,123.8
132,16,2015,100.0
132,16,2016,121.7
132,16,2017,83.5
132,16,2018,116.7
132,16,2019,35.8
132,16,2020,32.2
132,16,2021,46.3
132,16,2022,43.1
132,16,2023,38.1
132,17,2019,100.0
132,17,2020,85.7
132,17,2021,85.7
132,17,2022,242.9
132,17,2023,100.0
132,18,2015,100.0
132,18,2016,142.5
132,18,2017,52.0
132,18,2018,130.9
132,18,2019,98.9
132,18,2020,90.0
132,18,2021,81.8
132,18,2022,98.6
132,18,2023,106.8
132,19,2019,
132,19,2020,
132,19,2021,
132,19,2022,
132,19,2023,
132,20,2015,100.0
132,20,2016,98.1
132,20,2017,110.6
132,20,2018,140.6
132,20,2019,125.1
132,20,2020,116.4
132,20,2021,118.8
132,20,2022,117.4
132,20,2023,146.9
132,21,2015,100.0
132,21,2016,93.1
132,21,2017,84.5
132,21,2018,110.3
132,21,2019,113.8
132,21,2020,119.0
132,21,2021,110.3
132,21,2022,122.4
132,21,2023,120.7
132,22,2015,100.0
132,22,2016,113.8
132,22,2017,153.4
132,22,2018,184.5
132,22,2019,189.7
132,22,2020,210.3
132,22,2021,203.4
132,22,2022,253.4
132,22,2023,270.7
132,23,2015,100.0
132,23,2016,93.7
132,23,2017,102.9
132,23,2018,100.0
132,23,2019,127.2
132,23,2020,131.1
132,23,2021,145.4
132,23,2022,161.2
132,23,2023,158.6
132,24,2015,100.0
132,24,2016,151.9
132,24,2017,127.0
132,25,2019,100.0
132,25,2020,133.0
132,25,2021,124.8
132,25,2022,123.2
132,25,2023,122.5
132,26,2019,
132,26,2020,
132,26,2021,
132,26,2022,
132,26,2023,
132,30,2019,100.0
132,30,2020,133.3
132,30,2021,866.7
132,30,2022,333.3
132,30,2023,433.3
132,31,2015,100.0
132,31,2016,69.9
132,31,2017,104.7
132,31,2018,67.1
132,31,2019,11.2
132,31,2020,14.8
132,31,2021,14.4
132,31,2022,22.6
132,31,2023,23.6
132,32,2015,100.0
132,32,2019,18.8
132,32,2020,55.5
132,32,2021,64.8
132,32,2022,22.7
132,32,2023,18.8
132,33,2015,100.0
132,33,2016,136.2
132,33,2017,80.6
132,33,2018,148.2
132,33,2019,145.2
132,33,2020,155.4
132,33,2021,150.5
132,33,2022,178.8
132,33,2023,180.6
144,10,2013,100.0
144,10,2014,101.0
144,10,2015,134.9
144,10,2016,161.9
144,10,2017,160.2
144,10,2018,175.9
144,10,2019,175.8
144,10,2020,96.7
144,10,2021,117.6
144,11,2013,100.0
144,11,2014,57.0
144,11,2015,71.6
144,11,2016,77.8
144,11,2017,106.3
144,11,2018,105.1
144,11,2019,127.8
144,11,2020,91.9
144,11,2021,89.1
144,12,2013,100.0
144,12,2014,273.0
144,12,2015,293.6
144,12,2016,115.9
144,12,2017,104.0
144,12,2018,89.9
144,12,2019,78.0
144,12,2020,76.9
144,12,2021,77.4
144,13,2013,100.0
144,13,2014,74.2
144,13,2015,88.7
144,13,2016,106.2
144,13,2017,123.0
144,13,2018,136.8
144,13,2019,119.9
144,13,2020,117.0
144,13,2021,102.6
144,14,2013,100.0
144,14,2014,116.8
144,14,2015,126.0
144,14,2016,172.2
144,14,2017,183.8
144,14,2018,174.6
144,14,2019,175.0
144,14,2020,133.1
144,14,2021,118.3
144,15,2013,100.0
144,15,2014,101.0
144,15,2015,120.4
144,15,2016,180.4
144,15,2017,168.2
144,15,2018,167.3
144,15,2019,147.3
144,15,2020,120.7
144,15,2021,113.8
144,16,2013,100.0
144,16,2014,887.5
144,16,2015,791.7
144,16,2016,325.2
144,16,2017,286.9
144,16,2018,203.8
144,16,2019,194.4
144,16,2020,142.1
144,16,2021,182.2
144,17,2013,100.0
144,17,2014,95.7
144,17,2015,96.8
144,17,2016,112.5
144,17,2017,123.6
144,17,2018,74.6
144,17,2019,77.1
144,17,2020,69.7
144,17,2021,85.2
144,18,2013,100.0
144,18,2014,103.4
144,18,2015,107.3
144,18,2016,85.0
144,18,2017,92.4
144,18,2018,108.1
144,18,2019,90.0
144,18,2020,81.1
144,18,2021,83.3
144,19,2013,100.0
144,19,2014,98.8
144,19,2015,110.8
144,19,2016,109.5
144,19,2017,112.4
144,19,2018,90.9
144,19,2019,109.4
144,19,2020,111.2
144,19,2021,92.8
144,20,2013,100.0
144,20,2014,97.9
144,20,2015,111.6
144,20,2016,82.0
144,20,2017,87.2
144,20,2018,80.3
144,20,2019,86.5
144,20,2020,64.3
144,20,2021,58.8
144,21,2013,100.0
144,21,2014,72.1
144,21,2015,67.7
144,21,2016,111.4
144,21,2017,107.0
144,21,2018,100.7
144,21,2019,95.8
144,21,2020,83.2
144,21,2021,104.4
144,22,2013,100.0
144,22,2014,101.9
144,22,2015,104.8
144,22,2016,104.5
144,22,2017,98.9
144,22,2018,99.1
144,22,2019,114.8
144,22,2020,97.8
144,22,2021,96.2
144,23,2013,100.0
144,23,2014,98.3
144,23,2015,89.1
144,23,2016,61.9
144,23,2017,88.2
144,23,2018,98.1
144,23,2019,78.3
144,23,2020,61.4
144,23,2021,64.7
144,24,2013,100.0
144,24,2014,92.5
144,24,2015,100.1
144,24,2016,109.8
144,24,2017,134.0
144,24,2018,113.1
144,24,2019,148.7
144,24,2020,82.1
144,24,2021,62.9
144,25,2013,100.0
144,25,2014,105.9
144,25,2015,119.8
144,25,2016,129.4
144,25,2017,150.3
144,25,2018,136.5
144,25,2019,110.0
144,25,2020,123.0
144,25,2021,95.2
144,26,2013,100.0
144,26,2014,141.9
144,26,2015,144.4
144,26,2016,138.0
144,26,2017,119.3
144,26,2018,106.8
144,26,2019,108.2
144,26,2020,178.2
144,26,2021,181.6
144,27,2013,100.0
144,27,2014,89.9
144,27,2015,98.9
144,27,2016,113.9
144,27,2017,126.6
144,27,2018,136.7
144,27,2019,132.1
144,27,2020,129.8
144,27,2021,124.8
144,28,2013,100.0
144,28,2014,122.6
144,28,2015,15.8
144,28,2016,25.6
144,28,2017,39.8
144,28,2018,50.6
144,28,2019,63.1
144,28,2020,91.8
144,28,2021,69.0
144,29,2013,100.0
144,29,2014,106.0
144,29,2015,37.9
144,29,2016,23.5
144,29,2017,27.2
144,29,2018,31.7
144,29,2019,32.0
144,29,2020,67.6
144,29,2021,42.7
144,30,2013,100.0
144,30,2014,129.3
144,30,2015,80.1
144,30,2016,151.2
144,30,2017,150.0
144,30,2018,121.1
144,30,2019,134.4
144,30,2020,100.6
144,30,2021,87.5
144,31,2013,100.0
144,31,2014,32.8
144,31,2015,115.0
144,31,2016,139.8
144,31,2017,121.8
144,31,2018,125.9
144,31,2019,106.8
144,31,2020,148.7
144,31,2021,123.0
144,32,2013,100.0
144,32,2014,179.0
144,32,2015,93.1
144,32,2016,107.3
144,32,2017,125.3
144,32,2018,126.0
144,32,2019,119.7
144,32,2020,102.2
144,32,2021,128.1
144,33,2013,100.0
144,33,2014,127.7
144,33,2015,81.3
144,33,2016,316.1
144,33,2017,285.8
144,33,2018,489.7
144,33,2019,399.4
144,33,2020,366.5
144,33,2021,252.3
152,10,2013,100.0
152,10,2014,104.6
152,10,2015,117.4
152,10,2016,124.3
152,10,2017,119.3
152,11,2013,100.0
152,11,2014,116.0
152,11,2015,113.4
152,11,2016,143.9
152,11,2017,125.0
152,13,2013,100.0
152,13,2014,133.2
152,13,2015,167.1
152,13,2016,163.9
152,13,2017,130.4
152,14,2013,100.0
152,14,2014,90.6
152,14,2015,110.5
152,14,2016,122.1
152,14,2017,349.0
152,15,2013,100.0
152,15,2014,114.9
152,15,2015,112.2
152,15,2016,101.5
152,15,2017,100.1
152,16,2013,100.0
152,16,2014,98.9
152,16,2015,155.9
152,16,2016,146.0
152,16,2017,121.4
152,17,2013,100.0
152,17,2014,103.6
152,17,2015,116.9
152,17,2016,103.2
152,17,2017,78.9
152,18,2013,100.0
152,18,2014,21.4
152,18,2015,27.0
152,18,2016,22.9
152,18,2017,17.4
152,20,2013,100.0
152,20,2014,101.6
152,20,2017,98.7
152,21,2013,100.0
152,21,2014,159.3
152,21,2015,128.0
152,21,2016,122.8
152,21,2017,119.8
152,22,2013,100.0
152,22,2014,93.1
152,22,2015,148.1
152,22,2016,156.7
152,22,2017,136.6
152,23,2013,100.0
152,23,2014,89.7
152,23,2015,117.9
152,23,2016,97.0
152,23,2017,98.9
152,24,2013,100.0
152,24,2014,200.3
152,24,2015,127.6
152,24,2016,127.0
152,24,2017,83.2
152,25,2013,100.0
152,25,2014,107.5
152,25,2017,141.7
152,26,2013,100.0
152,26,2014,45.2
152,26,2015,233.1
152,26,2016,97.5
152,26,2017,49.2
152,27,2013,100.0
152,27,2014,120.4
152,27,2015,114.5
152,27,2016,111.8
152,27,2017,102.4
152,28,2013,100.0
152,28,2014,111.2
152,28,2015,126.1
152,28,2016,122.3
152,28,2017,109.2
152,29,2013,100.0
152,29,2014,52.7
152,29,2015,83.2
152,29,2016,77.8
152,29,2017,44.1
152,30,2013,100.0
152,30,2014,125.1
152,30,2016,101.6
152,30,2017,67.2
152,31,2013,100.0
152,31,2014,108.7
152,31,2015,112.3
152,31,2016,118.9
152,31,2017,115.2
152,32,2013,100.0
152,32,2014,88.0
152,32,2015,123.7
152,32,2016,110.3
152,32,2017,85.0
152,33,2013,100.0
152,33,2014,85.1
152,33,2015,138.1
152,33,2016,136.8
152,33,2017,156.5
156,10,2013,100.0
156,10,2014,100.8
156,10,2015,100.8
156,10,2016,99.1
156,10,2017,86.2
156,10,2018,74.8
156,11,2013,100.0
156,11,2014,99.1
156,11,2015,99.1
156,11,2016,93.5
156,11,2017,133.8
156,11,2018,117.0
156,12,2013,100.0
156,12,2014,100.3
156,12,2015,99.4
156,12,2016,92.3
156,12,2017,93.4
156,12,2018,80.3
156,13,2013,100.0
156,13,2014,96.2
156,13,2015,92.4
156,13,2016,88.9
156,13,2017,77.3
156,13,2018,65.5
156,14,2013,100.0
156,14,2014,98.7
156,14,2015,96.2
156,14,2016,92.4
156,14,2017,80.8
156,14,2018,70.0
156,15,2013,100.0
156,15,2014,97.3
156,15,2015,94.0
156,15,2016,88.0
156,15,2017,93.4
156,15,2018,79.7
156,16,2013,100.0
156,16,2014,101.1
156,16,2015,100.0
156,16,2016,96.7
156,16,2017,82.4
156,16,2018,66.7
156,17,2013,100.0
156,17,2014,95.7
156,17,2015,92.8
156,17,2016,89.2
156,17,2017,79.6
156,17,2018,70.9
156,18,2013,100.0
156,18,2014,103.3
156,18,2015,103.8
156,18,2016,105.1
156,18,2017,104.6
156,18,2018,92.6
156,19,2013,100.0
156,19,2014,39.9
156,19,2015,38.9
156,19,2016,91.1
156,19,2017,86.6
156,19,2018,86.5
156,20,2013,100.0
156,20,2014,99.5
156,20,2015,97.6
156,20,2016,94.6
156,20,2017,85.8
156,20,2018,74.4
156,21,2013,100.0
156,21,2014,103.4
156,21,2015,106.0
156,21,2016,108.0
156,21,2017,104.6
156,21,2018,98.3
156,22,2013,100.0
156,22,2014,102.1
156,22,2015,101.1
156,22,2016,98.9
156,22,2017,93.0
156,22,2018,81.3
156,23,2013,100.0
156,23,2014,102.3
156,23,2015,100.2
156,23,2016,98.3
156,23,2017,94.2
156,23,2018,79.1
156,24,2013,100.0
156,24,2014,96.5
156,24,2015,89.4
156,24,2016,83.6
156,24,2017,83.0
156,24,2018,64.4
156,25,2013,100.0
156,25,2014,100.7
156,25,2015,99.1
156,25,2016,97.9
156,25,2017,87.9
156,25,2018,85.1
156,26,2013,100.0
156,26,2014,103.6
156,26,2015,100.8
156,26,2016,100.5
156,26,2017,106.5
156,26,2018,98.7
156,27,2013,100.0
156,27,2014,101.6
156,27,2015,99.4
156,27,2016,99.2
156,27,2017,95.5
156,27,2018,86.5
156,28,2013,100.0
156,28,2014,101.2
156,28,2015,97.9
156,28,2016,94.3
156,28,2017,101.7
156,28,2018,92.3
156,29,2013,100.0
156,29,2014,105.9
156,29,2015,107.7
156,29,2016,111.8
156,29,2017,112.8
156,29,2018,106.1
156,30,2013,100.0
156,30,2014,97.9
156,30,2015,96.5
156,30,2016,92.0
156,30,2017,110.2
156,30,2018,77.9
156,31,2013,100.0
156,31,2014,102.3
156,31,2015,102.2
156,31,2016,103.8
156,31,2017,106.6
156,31,2018,94.4
156,32,2013,100.0
156,32,2014,101.6
156,32,2015,102.2
156,32,2016,102.2
156,32,2017,110.8
156,32,2018,94.2
156,33,2013,100.0
156,33,2014,88.6
156,33,2015,94.5
156,33,2016,98.5
156,33,2017,95.6
156,33,2018,85.8
170,10,2014,100.0
170,10,2015,111.3
170,10,2016,115.2
170,10,2017,117.1
170,10,2018,118.1
170,10,2019,119.4
170,10,2020,115.7
170,10,2021,117.4
170,10,2022,122.0
170,10,2023,128.1
170,11,2014,100.0
170,11,2015,116.2
170,11,2016,135.3
170,11,2017,127.3
170,11,2018,127.0
170,11,2019,128.4
170,11,2020,121.3
170,11,2021,125.4
170,11,2022,133.4
170,11,2023,136.8
170,13,2014,100.0
170,13,2015,110.6
170,13,2016,110.5
170,13,2017,102.4
170,13,2018,98.7
170,13,2019,95.2
170,13,2020,87.9
170,13,2021,88.6
170,13,2022,91.4
170,13,2023,83.1
170,14,2014,100.0
170,14,2015,110.6
170,14,2016,114.3
170,14,2017,113.5
170,14,2018,110.5
170,14,2019,109.3
170,14,2020,92.0
170,14,2021,97.5
170,14,2022,101.4
170,14,2023,99.2
170,15,2014,100.0
170,15,2015,104.8
170,15,2016,112.5
170,15,2017,110.5
170,15,2018,103.3
170,15,2019,95.7
170,15,2020,75.2
170,15,2021,76.8
170,15,2022,83.8
170,15,2023,80.8
170,16,2014,100.0
170,16,2015,115.5
170,16,2016,114.9
170,16,2017,104.2
170,16,2018,88.7
170,16,2019,83.6
170,16,2020,79.2
170,16,2021,83.1
170,16,2022,79.5
170,16,2023,81.5
170,17,2014,100.0
170,17,2015,111.0
170,17,2016,117.9
170,17,2017,114.2
170,17,2018,115.4
170,17,2019,116.1
170,17,2020,116.3
170,17,2021,124.6
170,17,2022,129.2
170,17,2023,139.6
170,18,2014,100.0
170,18,2015,125.2
170,18,2016,117.7
170,18,2017,115.8
170,18,2018,114.4
170,18,2019,113.3
170,18,2020,101.5
170,18,2021,96.0
170,18,2022,98.5
170,18,2023,97.6
170,19,2014,100.0
170,19,2015,114.0
170,19,2016,117.6
170,19,2017,115.0
170,19,2018,134.0
170,19,2019,135.4
170,19,2020,130.2
170,19,2021,141.5
170,19,2022,171.1
170,19,2023,163.6
170,20,2014,100.0
170,20,2015,113.4
170,20,2016,114.0
170,20,2017,120.9
170,20,2018,118.6
170,20,2019,121.1
170,20,2020,120.9
170,20,2021,119.4
170,20,2022,123.1
170,20,2023,126.1
170,21,2014,100.0
170,21,2015,120.6
170,21,2016,120.7
170,21,2017,121.4
170,21,2018,122.8
170,21,2019,125.0
170,21,2020,126.6
170,21,2021,136.4
170,21,2022,145.8
170,21,2023,142.7
170,22,2014,100.0
170,22,2015,114.3
170,22,2016,115.9
170,22,2017,117.4
170,22,2018,116.7
170,22,2019,116.2
170,22,2020,113.8
170,22,2021,117.9
170,22,2022,120.3
170,22,2023,122.4
170,23,2014,100.0
170,23,2015,114.4
170,23,2016,118.2
170,23,2017,109.9
170,23,2018,103.7
170,23,2019,100.2
170,23,2020,94.3
170,23,2021,98.6
170,23,2022,105.6
170,23,2023,105.0
170,24,2014,100.0
170,24,2015,124.2
170,24,2016,120.1
170,24,2017,118.3
170,24,2018,115.0
170,24,2019,113.7
170,24,2020,112.2
170,24,2021,111.7
170,24,2022,118.4
170,24,2023,120.4
170,25,2014,100.0
170,25,2015,111.7
170,25,2016,107.0
170,25,2017,108.1
170,25,2018,102.8
170,25,2019,96.5
170,25,2020,87.6
170,25,2021,94.2
170,25,2022,99.3
170,25,2023,96.5
170,27,2014,100.0
170,27,2015,116.7
170,27,2016,116.9
170,27,2017,114.1
170,27,2018,112.5
170,27,2019,103.4
170,27,2020,99.8
170,27,2021,110.0
170,27,2022,108.8
170,27,2023,120.4
170,28,2014,100.0
170,28,2015,114.7
170,28,2016,108.8
170,28,2017,99.6
170,28,2018,98.0
170,28,2019,99.3
170,28,2020,93.7
170,28,2021,91.9
170,28,2022,95.0
170,28,2023,96.0
170,29,2014,100.0
170,29,2015,104.0
170,29,2016,97.3
170,29,2017,92.4
170,29,2018,90.4
170,29,2019,100.3
170,29,2020,87.2
170,29,2021,78.4
170,29,2022,82.3
170,29,2023,82.2
170,30,2013,100.0
170,30,2014,107.7
170,30,2015,117.6
170,30,2016,117.7
170,30,2017,134.2
170,30,2018,127.3
170,30,2019,121.5
170,30,2020,113.9
170,30,2021,168.3
170,30,2023,143.2
170,31,2014,100.0
170,31,2015,100.2
170,31,2016,100.4
170,31,2017,99.3
170,31,2018,101.8
170,31,2019,100.2
170,31,2020,85.3
170,31,2021,86.2
170,31,2022,88.7
170,31,2023,85.9
170,32,2014,100.0
170,32,2015,122.4
170,32,2016,151.6
170,32,2017,129.8
170,32,2018,144.3
170,32,2019,151.9
170,32,2020,131.1
170,32,2021,147.3
170,32,2022,159.1
170,32,2023,175.7
188,10,2014,100.0
188,10,2015,98.8
188,10,2016,101.7
188,10,2017,102.0
188,10,2018,100.9
188,10,2019,100.7
188,10,2020,101.7
188,10,2021,96.2
188,10,2022,98.6
188,10,2023,99.9
188,11,2014,100.0
188,11,2015,97.7
188,11,2016,99.4
188,11,2017,98.0
188,11,2018,98.5
188,11,2019,98.5
188,11,2020,76.9
188,11,2021,80.5
188,11,2022,82.2
188,11,2023,80.5
188,12,2014,100.0
188,12,2015,91.9
188,12,2016,91.2
188,12,2017,91.9
188,12,2018,91.7
188,12,2019,91.4
188,12,2020,7.6
188,12,2021,3.3
188,12,2022,3.3
188,12,2023,6.8
188,13,2014,100.0
188,13,2015,100.5
188,13,2016,102.1
188,13,2017,83.1
188,13,2018,80.5
188,13,2019,69.6
188,13,2020,77.8
188,13,2021,73.4
188,13,2022,85.9
188,13,2023,93.2
188,14,2014,100.0
188,14,2015,82.9
188,14,2016,54.0
188,14,2017,51.3
188,14,2018,48.0
188,14,2019,37.3
188,14,2020,34.2
188,14,2021,25.5
188,14,2022,24.8
188,14,2023,26.1
188,15,2014,100.0
188,15,2015,100.5
188,15,2016,92.5
188,15,2017,93.4
188,15,2018,79.3
188,15,2019,49.2
188,15,2020,38.6
188,15,2021,39.1
188,15,2022,37.6
188,15,2023,33.6
188,16,2014,100.0
188,16,2015,96.0
188,16,2016,86.9
188,16,2017,87.0
188,16,2018,82.6
188,16,2019,77.0
188,16,2020,75.4
188,16,2021,77.2
188,16,2022,83.0
188,16,2023,77.6
188,17,2014,100.0
188,17,2015,102.7
188,17,2016,98.0
188,17,2017,96.9
188,17,2018,96.1
188,17,2019,95.8
188,17,2020,96.2
188,17,2021,91.7
188,17,2022,94.5
188,17,2023,96.8
188,18,2014,100.0
188,18,2015,102.1
188,18,2016,100.6
188,18,2017,99.9
188,18,2018,100.5
188,18,2019,92.0
188,18,2020,88.2
188,18,2021,83.4
188,18,2022,86.7
188,18,2023,88.9
188,19,2014,100.0
188,19,2015,304.3
188,19,2016,347.8
188,19,2017,369.6
188,19,2018,378.3
188,19,2019,287.0
188,19,2020,265.2
188,19,2021,265.2
188,19,2022,273.9
188,19,2023,326.1
188,20,2014,100.0
188,20,2015,99.2
188,20,2016,93.1
188,20,2017,108.6
188,20,2018,107.0
188,20,2019,91.0
188,20,2020,78.8
188,20,2021,82.0
188,20,2022,91.2
188,20,2023,91.4
188,21,2014,100.0
188,21,2015,99.9
188,21,2016,115.7
188,21,2017,116.0
188,21,2018,116.5
188,21,2019,92.3
188,21,2020,82.1
188,21,2021,81.2
188,21,2022,78.4
188,21,2023,75.3
188,22,2014,100.0
188,22,2015,98.4
188,22,2016,96.6
188,22,2017,101.7
188,22,2018,99.4
188,22,2019,96.2
188,22,2020,98.9
188,22,2021,92.1
188,22,2022,94.2
188,22,2023,95.0
188,23,2014,100.0
188,23,2015,94.2
188,23,2016,97.9
188,23,2017,98.7
188,23,2018,93.0
188,23,2019,85.5
188,23,2020,81.0
188,23,2021,82.5
188,23,2022,80.4
188,23,2023,77.1
188,24,2014,100.0
188,24,2015,111.5
188,24,2016,109.5
188,24,2017,120.8
188,24,2018,83.1
188,24,2019,69.5
188,24,2020,79.1
188,24,2021,76.5
188,24,2022,76.6
188,24,2023,77.0
188,25,2014,100.0
188,25,2015,105.1
188,25,2016,94.5
188,25,2017,98.5
188,25,2018,99.4
188,25,2019,98.3
188,25,2020,96.2
188,25,2021,88.2
188,25,2022,83.6
188,25,2023,87.6
188,26,2014,100.0
188,26,2015,84.0
188,26,2016,83.6
188,26,2017,86.1
188,26,2018,79.6
188,26,2019,104.2
188,26,2020,129.6
188,26,2021,150.8
188,26,2022,165.3
188,26,2023,148.3
188,27,2014,100.0
188,27,2015,85.0
188,27,2016,71.3
188,27,2017,72.6
188,27,2018,73.1
188,27,2019,71.2
188,27,2020,68.5
188,27,2021,72.2
188,27,2022,73.5
188,27,2023,71.5
188,28,2014,100.0
188,28,2015,124.5
188,28,2016,119.2
188,28,2017,125.4
188,28,2018,125.3
188,28,2019,99.8
188,28,2020,91.1
188,28,2021,87.1
188,28,2022,84.9
188,28,2023,98.2
188,29,2014,100.0
188,29,2015,97.8
188,29,2016,92.4
188,29,2017,88.4
188,29,2018,85.2
188,29,2019,65.9
188,29,2020,59.6
188,29,2021,25.3
188,29,2022,25.2
188,29,2023,27.2
188,30,2014,100.0
188,30,2015,129.7
188,30,2016,115.3
188,30,2017,129.7
188,30,2018,169.5
188,30,2019,116.1
188,30,2020,111.0
188,30,2021,111.0
188,30,2022,111.0
188,30,2023,86.4
188,31,2014,100.0
188,31,2015,97.3
188,31,2016,97.8
188,31,2017,99.2
188,31,2018,93.0
188,31,2019,91.5
188,31,2020,90.6
188,31,2021,92.8
188,31,2022,97.3
188,31,2023,92.7
188,32,2014,100.0
188,32,2015,109.7
188,32,2016,132.0
188,32,2017,121.7
188,32,2018,121.9
188,32,2019,141.5
188,32,2020,158.9
188,32,2021,166.6
188,32,2022,172.1
188,32,2023,173.1
188,33,2014,100.0
188,33,2015,103.9
188,33,2016,54.4
188,33,2017,54.3
188,33,2018,53.3
188,33,2019,61.3
188,33,2020,65.2
188,33,2021,62.7
188,33,2022,65.7
188,33,2023,71.6
191,10,2014,100.0
191,10,2015,100.0
191,10,2016,101.0
191,10,2017,100.2
191,10,2018,95.7
191,10,2019,98.3
191,10,2020,96.6
191,10,2021,95.7
191,10,2022,96.2
191,10,2023,92.8
191,11,2014,100.0
191,11,2015,95.1
191,11,2016,88.9
191,11,2017,90.1
191,11,2018,90.3
191,11,2019,93.0
191,11,2020,90.0
191,11,2021,91.9
191,11,2022,92.9
191,11,2023,99.6
191,12,2014,100.0
191,12,2015,95.7
191,12,2016,102.2
191,12,2017,108.2
191,12,2018,125.9
191,12,2019,132.2
191,12,2020,127.0
191,12,2021,123.4
191,12,2022,131.4
191,12,2023,116.9
191,13,2014,100.0
191,13,2015,104.3
191,13,2016,90.9
191,13,2017,81.0
191,13,2018,81.0
191,13,2019,77.1
191,13,2020,74.7
191,13,2021,82.9
191,13,2022,81.9
191,13,2023,83.3
191,14,2014,100.0
191,14,2015,94.2
191,14,2016,91.2
191,14,2017,89.8
191,14,2018,86.0
191,14,2019,85.6
191,14,2020,77.1
191,14,2021,74.6
191,14,2022,72.1
191,14,2023,66.9
191,15,2014,100.0
191,15,2015,96.1
191,15,2016,98.4
191,15,2017,99.7
191,15,2018,95.3
191,15,2019,89.4
191,15,2020,87.6
191,15,2021,86.4
191,15,2022,80.7
191,15,2023,76.5
191,16,2014,100.0
191,16,2015,102.2
191,16,2016,104.0
191,16,2017,111.2
191,16,2018,110.8
191,16,2019,110.4
191,16,2020,112.9
191,16,2021,115.4
191,16,2022,120.7
191,16,2023,120.3
191,17,2014,100.0
191,17,2015,101.7
191,17,2016,103.0
191,17,2017,105.7
191,17,2018,108.0
191,17,2019,111.9
191,17,2020,110.3
191,17,2021,115.1
191,17,2022,118.1
191,17,2023,125.9
191,18,2014,100.0
191,18,2015,98.4
191,18,2016,99.1
191,18,2017,98.7
191,18,2018,97.9
191,18,2019,102.4
191,18,2020,100.9
191,18,2021,98.2
191,18,2022,97.1
191,18,2023,91.1
191,19,2012,100.0
191,19,2013,92.4
191,19,2016,159.9
191,19,2017,147.3
191,19,2018,143.2
191,19,2019,303.6
191,19,2020,290.8
191,19,2021,277.2
191,19,2022,270.8
191,19,2023,268.4
191,20,2014,100.0
191,20,2015,98.7
191,20,2016,95.2
191,20,2017,94.8
191,20,2018,97.4
191,20,2019,96.3
191,20,2020,96.5
191,20,2021,99.7
191,20,2022,99.3
191,20,2023,98.7
191,21,2014,100.0
191,21,2015,99.9
191,21,2016,100.3
191,21,2017,100.6
191,21,2018,100.2
191,21,2019,115.9
191,21,2020,114.3
191,21,2021,118.4
191,21,2022,123.1
191,21,2023,129.2
191,22,2014,100.0
191,22,2015,108.4
191,22,2016,112.1
191,22,2017,119.0
191,22,2018,123.4
191,22,2019,126.5
191,22,2020,128.3
191,22,2021,127.4
191,22,2022,128.5
191,22,2023,128.0
191,23,2014,100.0
191,23,2015,99.2
191,23,2016,101.6
191,23,2017,105.3
191,23,2018,106.2
191,23,2019,112.1
191,23,2020,112.5
191,23,2021,117.6
191,23,2022,119.9
191,23,2023,117.8
191,24,2014,100.0
191,24,2015,103.5
191,24,2016,95.5
191,24,2017,101.7
191,24,2018,110.6
191,24,2019,99.0
191,24,2020,94.6
191,24,2021,99.5
191,24,2022,110.6
191,24,2023,102.1
191,25,2014,100.0
191,25,2015,103.3
191,25,2016,108.7
191,25,2017,112.9
191,25,2018,115.4
191,25,2019,118.3
191,25,2020,115.4
191,25,2021,118.5
191,25,2022,118.4
191,25,2023,126.3
191,26,2014,100.0
191,26,2015,109.0
191,26,2016,108.0
191,26,2017,107.6
191,26,2018,108.9
191,26,2019,61.5
191,26,2020,63.0
191,26,2021,67.8
191,26,2022,71.1
191,26,2023,71.7
191,27,2014,100.0
191,27,2015,102.3
191,27,2016,102.9
191,27,2017,107.0
191,27,2018,108.6
191,27,2019,108.3
191,27,2020,103.7
191,27,2021,106.6
191,27,2022,108.3
191,27,2023,108.2
191,28,2014,100.0
191,28,2015,103.3
191,28,2016,110.9
191,28,2017,111.5
191,28,2018,114.9
191,28,2019,111.3
191,28,2020,109.1
191,28,2021,108.2
191,28,2022,113.3
191,28,2023,113.7
191,29,2014,100.0
191,29,2015,108.7
191,29,2016,95.1
191,29,2017,109.7
191,29,2018,112.1
191,29,2019,93.7
191,29,2020,89.4
191,29,2021,98.7
191,29,2022,90.4
191,29,2023,91.4
191,30,2014,100.0
191,30,2015,101.1
191,30,2016,100.4
191,30,2017,110.7
191,30,2018,110.9
191,30,2019,95.1
191,30,2020,82.5
191,30,2021,76.7
191,30,2022,77.8
191,30,2023,92.1
191,31,2014,100.0
191,31,2015,102.0
191,31,2016,111.9
191,31,2017,112.9
191,31,2018,117.1
191,31,2019,120.1
191,31,2020,113.4
191,31,2021,112.9
191,31,2022,116.4
191,31,2023,113.9
191,32,2013,100.0
191,32,2015,155.0
191,32,2016,160.7
191,32,2017,176.0
191,32,2018,169.7
191,32,2019,207.1
191,32,2020,202.1
191,32,2021,204.9
191,32,2022,223.0
191,32,2023,226.9
191,33,2014,100.0
191,33,2015,101.5
191,33,2016,104.5
191,33,2017,110.8
191,33,2018,114.8
191,33,2019,145.5
191,33,2020,139.0
191,33,2021,115.3
191,33,2022,125.7
191,33,2023,138.0
196,10,2014,100.0
196,10,2015,102.7
196,10,2016,106.7
196,10,2017,114.2
196,10,2018,119.9
196,10,2019,124.6
196,10,2020,124.3
196,10,2021,126.7
196,10,2022,132.8
196,10,2023,135.3
196,11,2014,100.0
196,11,2015,101.2
196,11,2016,107.5
196,11,2017,113.0
196,11,2018,115.0
196,11,2019,122.8
196,11,2020,117.2
196,11,2021,119.9
196,11,2022,124.0
196,11,2023,120.6
196,12,2014,100.0
196,12,2015,126.2
196,12,2016,102.4
196,12,2017,78.6
196,12,2018,0.0
196,12,2019,0.0
196,12,2020,0.0
196,12,2021,0.0
196,12,2022,0.0
196,12,2023,0.0
196,13,2014,100.0
196,13,2015,109.9
196,13,2016,109.9
196,13,2017,125.8
196,13,2018,133.2
196,13,2019,139.7
196,13,2020,134.5
196,13,2021,136.6
196,13,2022,141.8
196,13,2023,140.7
196,14,2014,100.0
196,14,2015,92.8
196,14,2016,90.1
196,14,2017,83.9
196,14,2018,93.5
196,14,2019,93.8
196,14,2020,80.1
196,14,2021,72.3
196,14,2022,70.2
196,14,2023,78.1
196,15,2014,100.0
196,15,2015,97.9
196,15,2016,100.0
196,15,2017,104.2
196,15,2018,95.8
196,15,2019,83.3
196,15,2020,85.4
196,15,2021,79.2
196,15,2022,79.2
196,15,2023,60.4
196,16,2014,100.0
196,16,2015,102.9
196,16,2016,103.4
196,16,2017,114.3
196,16,2018,130.7
196,16,2019,140.7
196,16,2020,144.2
196,16,2021,152.9
196,16,2022,157.0
196,16,2023,165.5
196,17,2014,100.0
196,17,2015,103.6
196,17,2016,106.6
196,17,2017,107.9
196,17,2018,106.8
196,17,2019,108.6
196,17,2020,103.8
196,17,2021,96.9
196,17,2022,95.7
196,17,2023,81.3
196,18,2014,100.0
196,18,2015,94.7
196,18,2016,100.3
196,18,2017,106.1
196,18,2018,107.4
196,18,2019,105.4
196,18,2020,97.7
196,18,2021,88.5
196,18,2022,85.0
196,18,2023,82.8
196,19,2018,100.0
196,19,2019,100.0
196,19,2020,100.0
196,19,2021,78.9
196,19,2022,78.9
196,19,2023,68.4
196,20,2014,100.0
196,20,2015,94.4
196,20,2016,97.2
196,20,2017,95.8
196,20,2018,97.7
196,20,2019,101.6
196,20,2020,101.9
196,20,2021,111.4
196,20,2022,115.9
196,20,2023,118.4
196,21,2014,100.0
196,21,2015,102.5
196,21,2016,108.4
196,21,2017,112.6
196,21,2018,121.0
196,21,2019,131.2
196,21,2020,144.2
196,21,2021,153.2
196,21,2022,152.6
196,21,2023,152.6
196,22,2014,100.0
196,22,2015,102.5
196,22,2016,106.5
196,22,2017,109.5
196,22,2018,118.0
196,22,2019,122.6
196,22,2020,125.0
196,22,2021,136.0
196,22,2022,138.1
196,22,2023,139.5
196,23,2014,100.0
196,23,2015,95.6
196,23,2016,100.4
196,23,2017,106.5
196,23,2018,118.2
196,23,2019,127.8
196,23,2020,131.0
196,23,2021,137.1
196,23,2022,140.4
196,23,2023,142.7
196,24,2014,100.0
196,24,2015,90.8
196,24,2016,107.6
196,24,2017,121.9
196,24,2018,133.7
196,24,2019,133.0
196,24,2020,133.7
196,24,2021,132.4
196,24,2022,123.5
196,24,2023,114.0
196,25,2014,100.0
196,25,2015,101.2
196,25,2016,105.9
196,25,2017,120.0
196,25,2018,135.8
196,25,2019,147.3
196,25,2020,141.8
196,25,2021,154.6
196,25,2022,159.6
196,25,2023,163.1
196,26,2014,100.0
196,26,2015,102.6
196,26,2016,98.5
196,26,2017,97.2
196,26,2018,101.7
196,26,2019,103.9
196,26,2020,107.0
196,26,2021,114.1
196,26,2022,119.3
196,26,2023,119.6
196,27,2008,100.0
196,27,2009,103.1
196,28,2014,100.0
196,28,2015,103.9
196,28,2016,106.4
196,28,2017,113.9
196,28,2018,121.0
196,28,2019,122.3
196,28,2020,118.4
196,28,2021,118.8
196,28,2022,111.1
196,28,2023,110.7
196,29,2014,100.0
196,29,2015,114.0
196,29,2016,130.0
196,29,2017,135.0
196,29,2018,156.0
196,29,2019,156.0
196,29,2020,141.0
196,29,2021,153.0
196,29,2022,161.0
196,29,2023,162.0
196,30,2014,100.0
196,30,2015,107.7
196,30,2016,142.3
196,30,2017,188.5
196,30,2018,169.2
196,30,2019,188.5
196,30,2020,173.1
196,30,2021,257.7
196,30,2022,400.0
196,30,2023,519.2
196,31,2014,100.0
196,31,2015,85.1
196,31,2016,92.8
196,31,2017,97.6
196,31,2018,110.2
196,31,2019,119.2
196,31,2020,116.6
196,31,2021,128.6
196,31,2022,130.0
196,31,2023,130.0
196,32,2014,100.0
196,32,2015,90.7
196,32,2016,97.1
196,32,2017,108.1
196,32,2018,107.6
196,32,2019,104.1
196,32,2020,92.8
196,32,2021,101.2
196,32,2022,102.4
196,32,2023,98.5
196,33,2014,100.0
196,33,2015,128.3
196,33,2016,166.0
196,33,2017,192.3
196,33,2018,224.5
196,33,2019,222.6
196,33,2020,205.8
196,33,2021,211.7
196,33,2022,216.7
196,33,2023,198.2
203,10,2014,100.0
203,10,2015,102.5
203,10,2016,101.9
203,10,2017,101.9
203,10,2018,100.1
203,10,2019,99.3
203,10,2020,98.3
203,10,2021,97.6
203,10,2022,96.3
203,10,2023,95.6
203,11,2014,100.0
203,11,2015,100.9
203,11,2016,103.3
203,11,2017,106.2
203,11,2018,109.4
203,11,2019,112.5
203,11,2020,110.2
203,11,2021,110.8
203,11,2022,111.0
203,11,2023,110.3
203,13,2014,100.0
203,13,2015,102.6
203,13,2016,103.6
203,13,2017,101.4
203,13,2018,99.6
203,13,2019,95.6
203,13,2020,89.4
203,13,2021,89.1
203,13,2022,88.8
203,13,2023,85.3
203,14,2014,100.0
203,14,2015,102.1
203,14,2016,101.9
203,14,2017,102.0
203,14,2018,98.4
203,14,2019,95.0
203,14,2020,90.4
203,14,2021,85.7
203,14,2022,83.5
203,14,2023,80.2
203,15,2014,100.0
203,15,2015,99.1
203,15,2016,103.1
203,15,2017,101.3
203,15,2018,91.1
203,15,2019,80.6
203,15,2020,75.5
203,15,2021,70.0
203,15,2022,66.4
203,15,2023,62.9
203,16,2014,100.0
203,16,2015,100.1
203,16,2016,99.9
203,16,2017,96.3
203,16,2018,93.3
203,16,2019,92.3
203,16,2020,90.7
203,16,2021,91.0
203,16,2022,91.1
203,16,2023,87.0
203,17,2014,100.0
203,17,2015,106.0
203,17,2016,108.9
203,17,2017,111.7
203,17,2018,113.4
203,17,2019,111.8
203,17,2020,112.6
203,17,2021,115.1
203,17,2022,115.1
203,17,2023,113.3
203,18,2014,100.0
203,18,2015,100.0
203,18,2016,104.3
203,18,2017,104.5
203,18,2018,103.0
203,18,2019,100.2
203,18,2020,95.6
203,18,2021,93.2
203,18,2022,95.0
203,18,2023,92.3
203,19,2005,100.0
203,19,2006,97.4
203,19,2007,91.8
203,19,2008,91.0
203,19,2009,85.2
203,19,2010,86.4
203,19,2011,75.4
203,19,2012,70.1
203,19,2013,68.1
203,19,2014,64.5
203,20,2014,100.0
203,20,2015,101.8
203,20,2016,103.4
203,20,2017,107.0
203,20,2018,110.0
203,20,2019,111.0
203,20,2020,108.3
203,20,2021,108.1
203,20,2022,108.7
203,20,2023,108.2
203,21,2014,100.0
203,21,2015,98.0
203,21,2016,103.6
203,21,2017,105.9
203,21,2018,112.9
203,21,2019,116.0
203,21,2020,117.4
203,21,2021,117.6
203,21,2022,117.9
203,21,2023,119.8
203,22,2014,100.0
203,22,2015,105.5
203,22,2016,111.1
203,22,2017,114.2
203,22,2018,116.3
203,22,2019,112.0
203,22,2020,107.2
203,22,2021,106.3
203,22,2022,103.7
203,22,2023,101.7
203,23,2014,100.0
203,23,2015,103.7
203,23,2016,103.7
203,23,2017,103.6
203,23,2018,102.9
203,23,2019,100.8
203,23,2020,96.2
203,23,2021,96.7
203,23,2022,98.1
203,23,2023,93.5
203,24,2014,100.0
203,24,2015,100.6
203,24,2016,100.5
203,24,2017,98.6
203,24,2018,99.5
203,24,2019,97.1
203,24,2020,93.3
203,24,2021,90.4
203,24,2022,91.6
203,24,2023,89.1
203,25,2014,100.0
203,25,2015,104.4
203,25,2016,106.1
203,25,2017,108.9
203,25,2018,107.9
203,25,2019,107.4
203,25,2020,103.5
203,25,2021,103.5
203,25,2022,104.7
203,25,2023,101.2
203,26,2014,100.0
203,26,2015,103.4
203,26,2016,110.2
203,26,2017,118.9
203,26,2018,114.8
203,26,2019,102.7
203,26,2020,100.7
203,26,2021,101.9
203,26,2022,106.2
203,26,2023,107.1
203,27,2014,100.0
203,27,2015,102.2
203,27,2016,105.0
203,27,2017,108.0
203,27,2018,111.0
203,27,2019,113.6
203,27,2020,108.8
203,27,2021,109.1
203,27,2022,110.2
203,27,2023,109.9
203,28,2014,100.0
203,28,2015,102.4
203,28,2016,102.7
203,28,2017,104.0
203,28,2018,106.5
203,28,2019,106.3
203,28,2020,100.7
203,28,2021,98.5
203,28,2022,98.1
203,28,2023,95.9
203,29,2014,100.0
203,29,2015,107.0
203,29,2016,113.4
203,29,2017,119.3
203,29,2018,122.3
203,29,2019,122.6
203,29,2020,118.4
203,29,2021,118.0
203,29,2022,115.2
203,29,2023,115.3
203,30,2014,100.0
203,30,2015,103.3
203,30,2016,105.5
203,30,2017,104.6
203,30,2018,108.4
203,30,2019,105.8
203,30,2020,101.9
203,30,2021,104.6
203,30,2022,109.2
203,30,2023,112.1
203,31,2014,100.0
203,31,2015,102.3
203,31,2016,103.4
203,31,2017,103.2
203,31,2018,99.9
203,31,2019,99.0
203,31,2020,94.8
203,31,2021,92.9
203,31,2022,91.3
203,31,2023,85.2
203,32,2014,100.0
203,32,2015,100.6
203,32,2016,103.6
203,32,2017,107.1
203,32,2018,107.0
203,32,2019,105.9
203,32,2020,104.6
203,32,2021,106.8
203,32,2022,108.4
203,32,2023,104.6
203,33,2015,100.0
203,33,2016,102.1
203,33,2017,103.9
203,33,2018,102.0
203,33,2019,107.7
203,33,2020,105.8
203,33,2021,107.7
203,33,2022,109.0
203,33,2023,110.9
208,10,2014,100.0
208,10,2015,96.5
208,10,2016,93.5
208,10,2017,94.3
208,10,2018,97.6
208,10,2019,94.9
208,10,2020,97.1
208,10,2021,98.8
208,10,2022,100.1
208,10,2023,98.2
208,11,2014,100.0
208,11,2015,82.6
208,11,2016,57.1
208,11,2017,71.2
208,11,2018,74.8
208,11,2019,77.9
208,11,2020,77.3
208,11,2021,83.1
208,11,2022,89.8
208,11,2023,93.5
208,12,2012,100.0
208,12,2013,108.7
208,12,2014,103.0
208,12,2015,95.2
208,12,2016,66.3
208,12,2017,52.0
208,12,2020,51.6
208,12,2021,56.8
208,12,2022,99.5
208,12,2023,73.2
208,13,2014,100.0
208,13,2015,101.5
208,13,2016,88.1
208,13,2017,95.9
208,13,2018,96.7
208,13,2019,93.1
208,13,2020,88.1
208,13,2021,90.6
208,13,2022,85.5
208,13,2023,82.2
208,14,2010,100.0
208,14,2011,114.9
208,14,2016,103.3
208,14,2017,109.7
208,14,2018,114.7
208,14,2019,101.8
208,14,2020,106.8
208,14,2021,104.6
208,14,2022,111.2
208,14,2023,120.7
208,15,2009,100.0
208,15,2012,42.2
208,15,2013,51.6
208,15,2014,58.1
208,15,2015,56.7
208,15,2018,148.1
208,15,2019,141.9
208,15,2021,62.6
208,15,2022,50.5
208,15,2023,44.3
208,16,2014,100.0
208,16,2015,99.5
208,16,2016,87.2
208,16,2017,88.9
208,16,2018,85.3
208,16,2019,82.6
208,16,2020,86.4
208,16,2021,89.5
208,16,2022,93.3
208,16,2023,85.3
208,17,2014,100.0
208,17,2015,98.8
208,17,2016,77.8
208,17,2017,79.4
208,17,2018,80.7
208,17,2019,77.0
208,17,2020,77.5
208,17,2021,77.6
208,17,2022,77.5
208,17,2023,77.2
208,18,2014,100.0
208,18,2015,95.8
208,18,2016,82.1
208,18,2017,80.8
208,18,2018,77.4
208,18,2019,70.2
208,18,2020,62.1
208,18,2021,63.4
208,18,2022,59.0
208,18,2023,55.9
208,19,2021,100.0
208,19,2022,108.0
208,19,2023,116.6
208,20,2014,100.0
208,20,2015,106.1
208,20,2016,76.6
208,20,2017,74.9
208,20,2018,76.9
208,20,2019,79.3
208,20,2020,80.0
208,20,2021,86.7
208,20,2022,84.0
208,20,2023,83.1
208,21,2013,100.0
208,21,2014,114.8
208,21,2015,120.2
208,21,2016,95.6
208,21,2017,90.9
208,21,2018,93.5
208,21,2020,95.8
208,21,2021,101.6
208,21,2022,112.5
208,21,2023,132.2
208,22,2014,100.0
208,22,2015,102.3
208,22,2016,84.9
208,22,2017,86.1
208,22,2018,83.8
208,22,2019,84.0
208,22,2020,83.4
208,22,2021,82.2
208,22,2022,81.9
208,22,2023,77.4
208,23,2014,100.0
208,23,2015,102.6
208,23,2016,85.8
208,23,2017,87.8
208,23,2018,91.5
208,23,2019,90.0
208,23,2020,88.7
208,23,2021,93.1
208,23,2022,94.3
208,23,2023,89.5
208,24,2014,100.0
208,24,2015,103.3
208,24,2016,83.4
208,24,2017,88.7
208,24,2018,90.7
208,24,2019,86.2
208,24,2020,81.7
208,24,2021,90.4
208,24,2022,95.2
208,24,2023,97.3
208,25,2014,100.0
208,25,2015,99.4
208,25,2016,87.4
208,25,2017,89.0
208,25,2018,89.6
208,25,2019,86.0
208,25,2020,83.1
208,25,2021,83.0
208,25,2022,86.7
208,25,2023,86.8
208,26,2014,100.0
208,26,2015,99.8
208,26,2016,78.1
208,26,2017,82.6
208,26,2018,84.3
208,26,2019,86.7
208,26,2020,85.0
208,26,2021,88.1
208,26,2022,87.3
208,26,2023,89.6
208,27,2014,100.0
208,27,2015,100.7
208,27,2016,77.4
208,27,2017,75.8
208,27,2018,74.1
208,27,2019,75.2
208,27,2020,74.0
208,27,2021,75.9
208,27,2022,86.3
208,27,2023,87.2
208,28,2014,100.0
208,28,2015,103.6
208,28,2016,83.8
208,28,2017,85.7
208,28,2018,95.1
208,28,2019,95.9
208,28,2020,94.0
208,28,2021,90.8
208,28,2022,97.7
208,28,2023,100.5
208,29,2014,100.0
208,29,2015,106.6
208,29,2016,89.6
208,29,2017,91.1
208,29,2018,97.1
208,29,2019,85.3
208,29,2020,81.2
208,29,2021,83.7
208,29,2022,85.2
208,29,2023,90.0
208,30,2014,100.0
208,30,2015,101.3
208,30,2016,84.9
208,30,2017,90.0
208,30,2018,97.3
208,30,2019,97.8
208,30,2020,100.0
208,30,2021,104.6
208,30,2022,108.4
208,30,2023,111.9
208,31,2014,100.0
208,31,2015,101.8
208,31,2016,87.5
208,31,2017,87.1
208,31,2018,93.7
208,31,2019,89.3
208,31,2020,87.9
208,31,2021,93.2
208,31,2022,100.1
208,31,2023,89.9
208,32,2014,100.0
208,32,2015,101.2
208,32,2016,93.2
208,32,2017,103.1
208,32,2018,101.7
208,32,2019,98.9
208,32,2020,100.1
208,32,2021,107.9
208,32,2022,114.6
208,32,2023,121.2
208,33,2014,100.0
208,33,2015,103.1
208,33,2016,88.8
208,33,2017,92.9
208,33,2018,96.6
208,33,2019,95.9
208,33,2020,97.8
208,33,2021,104.0
208,33,2022,110.5
208,33,2023,109.6
218,10,2014,100.0
218,10,2015,111.4
218,10,2016,110.4
218,10,2017,110.8
218,10,2018,114.4
218,10,2019,114.1
218,10,2020,118.9
218,10,2021,129.1
218,10,2022,129.1
218,10,2023,130.7
218,11,2014,100.0
218,11,2015,107.1
218,11,2016,102.5
218,11,2017,99.0
218,11,2018,105.5
218,11,2019,91.7
218,11,2020,84.4
218,11,2021,85.5
218,11,2022,85.5
218,11,2023,92.9
218,12,2013,100.0
218,12,2014,94.9
218,12,2015,62.0
218,12,2016,42.2
218,12,2017,28.1
218,12,2018,19.2
218,12,2019,14.7
218,12,2020,14.1
218,12,2021,0.6
218,12,2022,0.6
218,13,2014,100.0
218,13,2015,89.1
218,13,2016,70.3
218,13,2017,63.5
218,13,2018,59.4
218,13,2019,60.3
218,13,2020,54.9
218,13,2021,52.6
218,13,2022,52.6
218,13,2023,52.4
218,14,2014,100.0
218,14,2015,90.9
218,14,2016,60.4
218,14,2017,42.1
218,14,2018,48.1
218,14,2019,36.2
218,14,2020,30.2
218,14,2021,35.8
218,14,2022,35.8
218,14,2023,43.8
218,15,2014,100.0
218,15,2015,99.4
218,15,2016,61.3
218,15,2017,63.1
218,15,2018,60.5
218,15,2019,58.0
218,15,2020,48.3
218,15,2021,38.8
218,15,2022,38.8
218,15,2023,59.6
218,16,2014,100.0
218,16,2015,91.6
218,16,2016,81.8
218,16,2017,80.6
218,16,2018,78.5
218,16,2019,92.3
218,16,2020,104.1
218,16,2021,83.8
218,16,2022,83.8
218,16,2023,72.1
218,17,2014,100.0
218,17,2015,104.1
218,17,2016,97.5
218,17,2017,105.6
218,17,2018,100.6
218,17,2019,97.7
218,17,2020,95.2
218,17,2021,94.4
218,17,2022,94.4
218,17,2023,106.9
218,18,2014,100.0
218,18,2015,80.9
218,18,2016,80.8
218,18,2017,86.1
218,18,2018,79.4
218,18,2019,76.1
218,18,2020,56.2
218,18,2021,42.1
218,18,2022,42.1
218,18,2023,34.8
218,19,2014,100.0
218,19,2015,99.0
218,19,2016,87.2
218,19,2017,92.2
218,19,2018,89.6
218,19,2019,80.7
218,19,2020,77.5
218,19,2021,72.8
218,19,2022,72.8
218,19,2023,76.9
218,20,2014,100.0
218,20,2015,103.7
218,20,2016,88.3
218,20,2017,90.1
218,20,2018,93.0
218,20,2019,87.4
218,20,2020,87.9
218,20,2021,95.3
218,20,2022,95.3
218,20,2023,105.9
218,21,2014,100.0
218,21,2015,110.6
218,21,2016,112.5
218,21,2017,120.7
218,21,2018,125.5
218,21,2019,116.4
218,21,2020,114.2
218,21,2021,124.8
218,21,2022,124.8
218,21,2023,142.2
218,22,2014,100.0
218,22,2015,100.9
218,22,2016,83.9
218,22,2017,83.3
218,22,2018,89.1
218,22,2019,87.6
218,22,2020,87.7
218,22,2021,91.9
218,22,2022,91.9
218,22,2023,96.8
218,23,2014,100.0
218,23,2015,99.4
218,23,2016,81.3
218,23,2017,79.5
218,23,2018,78.1
218,23,2019,75.2
218,23,2020,58.6
218,23,2021,70.9
218,23,2022,70.9
218,23,2023,69.2
218,24,2014,100.0
218,24,2015,102.7
218,24,2016,101.1
218,24,2017,116.9
218,24,2018,94.7
218,24,2019,88.3
218,24,2020,84.6
218,24,2021,89.5
218,24,2022,89.5
218,24,2023,108.5
218,25,2014,100.0
218,25,2015,105.1
218,25,2016,107.4
218,25,2017,114.9
218,25,2018,94.5
218,25,2019,78.9
218,25,2020,71.5
218,25,2021,70.8
218,25,2022,70.8
218,25,2023,100.3
218,26,2014,100.0
218,26,2015,78.7
218,26,2016,93.5
218,26,2017,122.6
218,26,2018,133.0
218,26,2019,97.4
218,26,2020,94.4
218,26,2021,108.7
218,26,2022,108.7
218,26,2023,206.7
218,27,2014,100.0
218,27,2015,97.5
218,27,2016,94.1
218,27,2017,86.5
218,27,2018,87.3
218,27,2019,90.0
218,27,2020,79.0
218,27,2021,84.4
218,27,2022,84.4
218,27,2023,82.9
218,28,2014,100.0
218,28,2015,110.8
218,28,2016,83.4
218,28,2017,79.5
218,28,2018,73.8
218,28,2019,66.5
218,28,2020,68.1
218,28,2021,94.1
218,28,2022,94.1
218,28,2023,89.1
218,29,2014,100.0
218,29,2015,84.8
218,29,2016,45.4
218,29,2017,53.2
218,29,2018,53.3
218,29,2019,54.5
218,29,2020,35.0
218,29,2021,33.9
218,29,2022,33.9
218,29,2023,46.1
218,30,2014,100.0
218,30,2015,100.2
218,30,2016,98.2
218,30,2017,111.6
218,30,2018,128.6
218,30,2019,114.8
218,30,2020,107.3
218,30,2021,116.4
218,30,2022,116.4
218,30,2023,126.6
218,31,2014,100.0
218,31,2015,92.2
218,31,2016,70.1
218,31,2017,75.9
218,31,2018,63.9
218,31,2019,62.7
218,31,2020,55.5
218,31,2021,56.3
218,31,2022,56.3
218,31,2023,67.8
218,32,2014,100.0
218,32,2015,99.5
218,32,2016,73.4
218,32,2017,75.9
218,32,2018,73.2
218,32,2019,45.8
218,32,2020,28.5
218,32,2021,19.1
218,32,2022,19.1
218,32,2023,22.8
218,33,2011,100.0
218,33,2015,40.2
218,33,2016,73.4
218,33,2017,45.6
218,33,2018,48.2
218,33,2019,53.6
218,33,2020,53.3
218,33,2021,90.1
218,33,2022,90.1
218,33,2023,110.4
233,10,2014,100.0
233,10,2015,102.3
233,10,2016,98.8
233,10,2017,98.3
233,10,2018,97.8
233,10,2019,97.1
233,10,2020,97.5
233,10,2021,95.0
233,10,2022,96.3
233,10,2023,94.2
233,11,2014,100.0
233,11,2015,98.7
233,11,2016,98.4
233,11,2017,92.8
233,11,2018,89.5
233,11,2019,88.6
233,11,2020,93.1
233,11,2021,93.8
233,11,2022,101.0
233,11,2023,101.2
233,12,2013,
233,12,2014,
233,12,2015,
233,12,2016,
233,12,2017,
233,12,2018,
233,12,2019,
233,12,2020,
233,12,2022,
233,12,2023,
233,13,2014,100.0
233,13,2015,106.5
233,13,2016,105.1
233,13,2017,106.0
233,13,2018,100.3
233,13,2019,102.5
233,13,2020,99.7
233,13,2021,95.6
233,13,2022,89.5
233,13,2023,82.4
233,14,2014,100.0
233,14,2015,96.7
233,14,2016,91.7
233,14,2017,88.2
233,14,2018,84.7
233,14,2019,80.5
233,14,2020,70.8
233,14,2021,66.4
233,14,2022,66.4
233,14,2023,63.9
233,15,2014,100.0
233,15,2015,92.3
233,15,2016,85.4
233,15,2017,81.6
233,15,2018,79.5
233,15,2019,65.2
233,15,2020,60.5
233,15,2021,52.6
233,15,2022,47.3
233,15,2023,47.6
233,16,2014,100.0
233,16,2015,104.3
233,16,2016,104.6
233,16,2017,108.4
233,16,2018,106.8
233,16,2019,106.0
233,16,2020,105.9
233,16,2021,112.7
233,16,2022,110.7
233,16,2023,102.0
233,17,2014,100.0
233,17,2015,103.7
233,17,2016,99.0
233,17,2017,98.2
233,17,2018,96.3
233,17,2019,93.8
233,17,2020,90.2
233,17,2021,96.3
233,17,2022,91.7
233,17,2023,92.1
233,18,2014,100.0
233,18,2015,103.4
233,18,2016,103.1
233,18,2017,102.1
233,18,2018,100.5
233,18,2019,102.0
233,18,2020,92.2
233,18,2021,85.7
233,18,2022,85.3
233,18,2023,82.9
233,19,2013,100.0
233,19,2014,101.7
233,19,2015,102.4
233,19,2016,91.8
233,19,2017,79.1
233,19,2018,78.9
233,19,2019,77.4
233,19,2020,72.6
233,19,2022,72.4
233,19,2023,73.5
233,20,2014,100.0
233,20,2015,100.2
233,20,2016,92.6
233,20,2017,91.5
233,20,2018,90.9
233,20,2019,94.7
233,20,2020,96.8
233,20,2021,98.2
233,20,2022,94.7
233,20,2023,91.5
233,21,2014,100.0
233,21,2015,101.0
233,21,2016,108.0
233,21,2017,109.0
233,21,2018,111.3
233,21,2019,110.6
233,21,2020,127.0
233,21,2021,127.0
233,21,2022,137.0
233,21,2023,146.0
233,22,2014,100.0
233,22,2015,99.4
233,22,2016,100.3
233,22,2017,99.9
233,22,2018,103.2
233,22,2019,106.7
233,22,2020,103.8
233,22,2021,109.4
233,22,2022,111.3
233,22,2023,105.6
233,23,2014,100.0
233,23,2015,102.8
233,23,2016,104.0
233,23,2017,107.9
233,23,2018,107.7
233,23,2019,111.5
233,23,2020,102.4
233,23,2021,106.1
233,23,2022,103.2
233,23,2023,96.8
233,24,2014,100.0
233,24,2015,105.8
233,24,2016,109.7
233,24,2017,114.5
233,24,2018,109.7
233,24,2019,121.0
233,24,2020,122.8
233,24,2021,136.9
233,24,2022,148.2
233,24,2023,124.0
233,25,2014,100.0
233,25,2015,100.8
233,25,2016,104.8
233,25,2017,105.6
233,25,2018,100.5
233,25,2019,106.1
233,25,2020,102.2
233,25,2021,105.4
233,25,2022,109.4
233,25,2023,106.2
233,26,2014,100.0
233,26,2015,99.2
233,26,2016,97.7
233,26,2017,100.1
233,26,2018,102.1
233,26,2019,101.3
233,26,2020,98.9
233,26,2021,99.8
233,26,2022,116.7
233,26,2023,116.9
233,27,2014,100.0
233,27,2015,98.1
233,27,2016,105.8
233,27,2017,114.9
233,27,2018,115.1
233,27,2019,110.5
233,27,2020,107.3
233,27,2021,110.2
233,27,2022,113.0
233,27,2023,110.7
233,28,2014,100.0
233,28,2015,104.3
233,28,2016,104.9
233,28,2017,106.9
233,28,2018,108.2
233,28,2019,104.4
233,28,2020,104.2
233,28,2021,108.2
233,28,2022,107.6
233,28,2023,103.3
233,29,2014,100.0
233,29,2015,94.1
233,29,2016,87.2
233,29,2017,81.4
233,29,2018,81.7
233,29,2019,83.6
233,29,2020,86.3
233,29,2021,98.9
233,29,2022,101.7
233,29,2023,103.8
233,30,2014,100.0
233,30,2015,115.4
233,30,2016,129.6
233,30,2017,127.7
233,30,2018,133.7
233,30,2019,151.8
233,30,2020,170.6
233,30,2021,163.6
233,30,2022,193.6
233,30,2023,203.9
233,31,2014,100.0
233,31,2015,103.7
233,31,2016,104.1
233,31,2017,100.8
233,31,2018,101.7
233,31,2019,98.3
233,31,2020,97.9
233,31,2021,103.5
233,31,2022,99.2
233,31,2023,87.6
233,32,2014,100.0
233,32,2015,103.4
233,32,2016,100.4
233,32,2017,97.7
233,32,2018,98.2
233,32,2019,97.2
233,32,2020,106.3
233,32,2021,115.1
233,32,2022,117.6
233,32,2023,119.6
233,33,2014,100.0
233,33,2015,101.1
233,33,2016,85.2
233,33,2017,94.8
233,33,2018,119.0
233,33,2019,136.5
233,33,2020,126.5
233,33,2021,125.4
233,33,2022,128.8
233,33,2023,131.3
242,10,2014,100.0
242,10,2015,99.7
242,10,2016,99.6
242,10,2017,98.4
242,10,2018,98.4
242,10,2019,98.5
242,10,2020,94.2
242,10,2021,86.2
242,10,2022,84.6
242,10,2023,100.8
242,11,2014,100.0
242,11,2015,101.7
242,11,2016,124.5
242,11,2017,124.2
242,11,2018,125.9
242,11,2019,128.0
242,11,2020,122.2
242,11,2021,112.4
242,11,2022,109.3
242,11,2023,139.9
242,12,2005,100.0
242,12,2006,117.2
242,12,2007,117.2
242,14,2014,100.0
242,14,2015,100.4
242,14,2016,100.7
242,14,2017,101.0
242,14,2018,101.1
242,14,2019,66.0
242,14,2020,62.9
242,14,2021,58.9
242,14,2022,60.4
242,14,2023,62.8
242,15,2014,100.0
242,15,2015,100.6
242,15,2016,100.1
242,15,2017,99.3
242,15,2018,100.0
242,15,2019,99.6
242,15,2020,63.8
242,15,2021,61.1
242,15,2022,62.6
242,15,2023,34.5
242,16,2014,100.0
242,16,2015,101.2
242,16,2016,101.6
242,16,2017,99.9
242,16,2018,99.5
242,16,2019,100.4
242,16,2020,77.4
242,16,2021,57.8
242,16,2022,56.3
242,16,2023,63.5
242,17,2014,100.0
242,17,2015,100.2
242,17,2016,100.4
242,17,2017,96.5
242,17,2018,96.2
242,17,2019,101.2
242,17,2020,88.1
242,17,2021,81.6
242,17,2022,83.2
242,17,2023,73.0
242,18,2014,100.0
242,18,2015,100.6
242,18,2016,101.0
242,18,2017,101.4
242,18,2018,103.9
242,18,2019,105.3
242,18,2020,82.5
242,18,2021,71.5
242,18,2022,71.5
242,18,2023,87.0
242,19,2020,100.0
242,19,2021,90.4
242,19,2022,95.9
242,19,2023,20.5
242,20,2014,100.0
242,20,2015,100.6
242,20,2016,100.8
242,20,2017,100.8
242,20,2018,102.3
242,20,2019,122.9
242,20,2020,118.7
242,20,2021,106.1
242,20,2022,108.4
242,20,2023,104.6
242,22,2014,100.0
242,22,2015,100.8
242,22,2016,102.1
242,22,2017,105.7
242,22,2018,104.1
242,22,2019,109.3
242,22,2020,101.8
242,22,2021,83.0
242,22,2022,87.4
242,22,2023,168.6
242,23,2014,100.0
242,23,2015,100.6
242,23,2016,102.8
242,23,2017,100.7
242,23,2018,102.5
242,23,2019,111.6
242,23,2020,128.1
242,23,2021,117.0
242,23,2022,119.7
242,23,2023,137.0
242,24,2014,100.0
242,24,2015,100.0
242,24,2016,102.2
242,24,2017,71.4
242,24,2018,78.0
242,24,2019,109.9
242,24,2020,116.5
242,24,2021,157.1
242,24,2022,168.1
242,24,2023,249.5
242,25,2014,100.0
242,25,2015,101.7
242,25,2016,101.6
242,25,2017,98.8
242,25,2018,98.4
242,25,2019,104.0
242,25,2020,68.3
242,25,2021,62.6
242,25,2022,58.8
242,25,2023,57.9
242,27,2005,100.0
242,27,2006,119.0
242,27,2007,112.7
242,27,2008,120.9
242,27,2009,119.0
242,27,2010,117.1
242,27,2011,120.9
242,28,2005,100.0
242,28,2006,95.6
242,28,2007,86.7
242,28,2008,75.6
242,28,2009,71.1
242,28,2010,71.1
242,28,2011,75.6
242,29,2014,100.0
242,29,2015,98.9
242,29,2016,101.1
242,29,2017,102.1
242,29,2018,106.4
242,29,2019,219.1
242,29,2020,212.8
242,29,2021,209.6
242,29,2022,224.5
242,29,2023,205.3
242,30,2014,100.0
242,30,2015,100.5
242,30,2016,97.9
242,30,2017,99.0
242,30,2018,102.6
242,30,2019,95.4
242,30,2020,72.7
242,30,2021,63.4
242,30,2022,67.0
242,30,2023,93.8
242,31,2014,100.0
242,31,2015,102.1
242,31,2016,101.9
242,31,2017,99.7
242,31,2018,97.4
242,31,2019,87.4
242,31,2020,86.6
242,31,2021,66.8
242,31,2022,66.8
242,31,2023,99.9
242,32,2014,100.0
242,32,2015,100.9
242,32,2016,96.3
242,32,2017,78.7
242,32,2018,71.3
242,32,2019,94.4
242,32,2020,94.0
242,32,2021,82.9
242,32,2022,82.9
242,32,2023,59.3
242,33,2014,100.0
242,33,2015,100.4
242,33,2016,99.1
242,33,2017,94.3
242,33,2018,92.2
242,33,2019,129.6
242,33,2020,101.7
242,33,2021,79.6
242,33,2022,93.5
242,33,2023,134.8
246,10,2014,100.0
246,10,2015,100.5
246,10,2016,97.9
246,10,2017,98.6
246,10,2018,98.7
246,10,2019,101.4
246,10,2020,100.0
246,10,2021,94.9
246,10,2022,96.5
246,10,2023,96.3
246,11,2013,100.0
246,11,2014,92.1
246,11,2015,89.7
246,11,2016,88.4
246,11,2017,87.4
246,11,2019,91.4
246,11,2020,90.3
246,11,2021,84.8
246,11,2022,88.5
246,11,2023,89.2
246,12,2014,
246,12,2015,
246,12,2016,
246,12,2017,
246,12,2018,
246,12,2019,
246,12,2020,
246,12,2021,
246,12,2022,
246,12,2023,
246,13,2014,100.0
246,13,2015,72.7
246,13,2016,73.9
246,13,2017,74.7
246,13,2018,74.5
246,13,2019,72.9
246,13,2020,75.0
246,13,2021,71.3
246,13,2022,77.6
246,13,2023,76.6
246,14,2011,100.0
246,14,2012,103.3
246,14,2013,155.0
246,14,2014,148.3
246,14,2015,135.8
246,14,2017,128.6
246,14,2019,124.9
246,14,2020,120.2
246,14,2021,112.1
246,14,2022,120.5
246,15,2007,100.0
246,15,2008,93.8
246,15,2010,81.0
246,15,2014,66.9
246,15,2015,64.0
246,15,2016,57.2
246,15,2017,56.7
246,15,2019,54.5
246,15,2020,49.7
246,15,2022,44.5
246,16,2014,100.0
246,16,2015,97.7
246,16,2016,98.4
246,16,2017,88.6
246,16,2018,106.8
246,16,2019,105.9
246,16,2020,103.3
246,16,2021,98.7
246,16,2022,100.4
246,16,2023,96.3
246,17,2014,100.0
246,17,2015,97.0
246,17,2016,98.5
246,17,2017,109.7
246,17,2018,91.3
246,17,2019,92.5
246,17,2020,90.9
246,17,2021,82.6
246,17,2022,81.9
246,17,2023,83.6
246,18,2014,100.0
246,18,2015,93.0
246,18,2016,83.3
246,18,2017,81.3
246,18,2018,76.0
246,18,2019,72.2
246,18,2020,68.6
246,18,2021,59.1
246,18,2022,58.7
246,18,2023,57.3
246,20,2014,100.0
246,20,2015,99.7
246,20,2016,98.4
246,20,2017,97.7
246,20,2018,99.3
246,20,2019,100.8
246,20,2020,98.2
246,20,2021,93.9
246,20,2022,97.1
246,20,2023,96.3
246,21,2007,100.0
246,21,2010,105.1
246,21,2011,104.9
246,21,2012,113.0
246,21,2014,110.7
246,21,2016,109.3
246,21,2017,112.3
246,21,2018,114.2
246,21,2020,121.8
246,21,2021,120.6
246,22,2014,100.0
246,22,2015,97.6
246,22,2016,95.5
246,22,2017,95.3
246,22,2018,96.4
246,22,2019,97.6
246,22,2020,97.2
246,22,2021,91.5
246,22,2022,94.5
246,22,2023,92.7
246,23,2014,100.0
246,23,2015,95.3
246,23,2016,87.3
246,23,2017,89.1
246,23,2018,91.0
246,23,2019,91.8
246,23,2020,88.1
246,23,2021,79.8
246,23,2022,79.9
246,23,2023,75.2
246,24,2014,100.0
246,24,2015,99.5
246,24,2016,94.3
246,24,2017,95.3
246,24,2018,96.3
246,24,2019,99.1
246,24,2020,96.7
246,24,2021,87.8
246,24,2022,87.6
246,24,2023,88.4
246,25,2014,100.0
246,25,2015,97.9
246,25,2016,99.8
246,25,2017,101.6
246,25,2018,103.2
246,25,2019,104.3
246,25,2020,101.9
246,25,2021,92.4
246,25,2022,95.1
246,25,2023,95.1
246,26,2013,100.0
246,26,2014,103.5
246,26,2015,93.6
246,26,2016,89.4
246,26,2017,79.9
246,26,2018,82.0
246,26,2019,83.3
246,26,2021,81.0
246,26,2022,85.8
246,26,2023,89.6
246,27,2013,100.0
246,27,2015,97.7
246,27,2016,94.2
246,27,2017,93.8
246,27,2018,96.0
246,27,2019,98.1
246,27,2020,96.0
246,27,2021,96.4
246,27,2022,104.8
246,27,2023,111.0
246,28,2014,100.0
246,28,2015,97.9
246,28,2016,96.3
246,28,2017,99.1
246,28,2018,101.8
246,28,2019,105.5
246,28,2020,104.9
246,28,2021,100.0
246,28,2022,102.8
246,28,2023,105.8
246,29,2014,100.0
246,29,2015,104.2
246,29,2016,101.7
246,29,2017,126.1
246,29,2018,147.8
246,29,2019,151.2
246,29,2020,140.2
246,29,2021,128.2
246,29,2022,121.2
246,29,2023,111.3
246,30,2014,100.0
246,30,2015,92.3
246,30,2016,86.1
246,30,2017,95.0
246,30,2018,82.6
246,30,2019,89.2
246,30,2020,89.6
246,30,2021,81.0
246,30,2022,87.5
246,30,2023,91.7
246,31,2013,100.0
246,31,2014,93.4
246,31,2015,90.0
246,31,2016,88.0
246,31,2018,90.3
246,31,2019,91.3
246,31,2020,88.9
246,31,2021,80.1
246,31,2022,82.0
246,31,2023,79.3
246,32,2012,100.0
246,32,2013,95.3
246,32,2014,93.3
246,32,2015,94.4
246,32,2016,92.7
246,32,2017,93.4
246,32,2018,95.1
246,32,2019,96.3
246,32,2020,94.7
246,32,2022,94.0
246,33,2014,100.0
246,33,2015,110.7
246,33,2016,107.3
246,33,2017,89.2
246,33,2018,105.2
246,33,2019,107.6
246,33,2020,111.1
246,33,2021,99.1
246,33,2022,99.0
246,33,2023,95.8
250,10,2014,100.0
250,10,2015,89.9
250,10,2016,102.2
250,10,2017,110.7
250,10,2018,111.4
250,10,2019,112.9
250,10,2020,118.3
250,10,2021,118.3
250,10,2022,120.2
250,10,2023,121.0
250,11,2014,100.0
250,11,2015,114.1
250,11,2016,93.6
250,11,2017,168.7
250,11,2018,102.4
250,11,2019,107.5
250,11,2020,108.8
250,11,2021,113.0
250,11,2022,121.4
250,11,2023,124.5
250,12,2008,100.0
250,12,2009,79.0
250,12,2010,65.9
250,12,2022,0.5
250,13,2014,100.0
250,13,2015,95.0
250,13,2016,96.3
250,13,2017,96.3
250,13,2018,89.3
250,13,2019,87.3
250,13,2020,92.1
250,13,2021,84.6
250,13,2022,86.6
250,13,2023,85.3
250,14,2014,100.0
250,14,2015,99.9
250,14,2016,94.1
250,14,2017,91.1
250,14,2018,100.0
250,14,2019,89.6
250,14,2020,90.2
250,14,2021,80.3
250,14,2022,82.8
250,14,2023,73.1
250,15,2013,100.0
250,15,2014,100.5
250,15,2016,101.4
250,15,2017,106.6
250,15,2018,113.5
250,15,2019,113.1
250,15,2020,118.6
250,15,2021,121.7
250,15,2022,136.5
250,15,2023,148.7
250,16,2014,100.0
250,16,2015,93.0
250,16,2016,88.6
250,16,2017,94.3
250,16,2018,93.4
250,16,2019,94.3
250,16,2020,91.8
250,16,2021,96.6
250,16,2022,99.9
250,16,2023,96.0
250,17,2014,100.0
250,17,2015,99.7
250,17,2016,99.3
250,17,2017,103.0
250,17,2018,100.9
250,17,2019,96.0
250,17,2020,98.3
250,17,2021,95.8
250,17,2022,97.2
250,17,2023,97.1
250,18,2014,100.0
250,18,2015,95.9
250,18,2016,93.4
250,18,2017,91.4
250,18,2018,88.2
250,18,2019,83.6
250,18,2020,77.3
250,18,2021,73.0
250,18,2022,72.2
250,18,2023,70.8
250,19,2008,100.0
250,19,2009,90.8
250,19,2010,86.1
250,19,2022,103.0
250,20,2014,100.0
250,20,2015,102.0
250,20,2016,100.0
250,20,2017,113.1
250,20,2018,128.5
250,20,2019,143.6
250,20,2020,153.0
250,20,2021,142.0
250,20,2022,145.3
250,20,2023,144.8
250,21,2010,100.0
250,21,2011,101.1
250,21,2012,99.4
250,21,2013,103.1
250,21,2014,115.9
250,21,2017,126.6
250,21,2020,125.8
250,21,2021,127.4
250,21,2022,126.2
250,21,2023,126.0
250,22,2014,100.0
250,22,2015,94.2
250,22,2016,93.9
250,22,2017,100.8
250,22,2018,97.7
250,22,2019,102.7
250,22,2020,82.3
250,22,2021,84.1
250,22,2022,86.1
250,22,2023,84.9
250,23,2014,100.0
250,23,2015,96.9
250,23,2016,95.0
250,23,2017,101.7
250,23,2018,102.9
250,23,2019,105.4
250,23,2020,103.5
250,23,2021,103.3
250,23,2022,101.3
250,23,2023,102.3
250,24,2014,100.0
250,24,2015,98.8
250,24,2016,98.6
250,24,2017,92.7
250,24,2018,93.6
250,24,2019,89.3
250,24,2020,88.0
250,24,2021,88.5
250,24,2022,90.0
250,24,2023,90.5
250,25,2014,100.0
250,25,2015,99.5
250,25,2016,97.5
250,25,2017,99.1
250,25,2018,95.9
250,25,2019,98.7
250,25,2020,96.7
250,25,2021,93.0
250,25,2022,96.0
250,25,2023,100.3
250,26,2014,100.0
250,26,2015,105.7
250,26,2016,100.0
250,26,2017,82.8
250,26,2018,102.9
250,26,2019,100.7
250,26,2020,110.7
250,26,2021,106.7
250,26,2022,108.9
250,26,2023,116.5
250,27,2014,100.0
250,27,2015,101.3
250,27,2016,98.8
250,27,2017,109.4
250,27,2018,108.0
250,27,2019,107.6
250,27,2020,117.6
250,27,2021,109.3
250,27,2022,112.1
250,27,2023,113.1
250,28,2014,100.0
250,28,2015,101.8
250,28,2016,98.4
250,28,2017,119.4
250,28,2018,123.7
250,28,2019,116.2
250,28,2020,111.8
250,28,2021,106.0
250,28,2022,108.9
250,28,2023,109.3
250,29,2014,100.0
250,29,2015,97.0
250,29,2016,92.6
250,29,2017,98.9
250,29,2018,103.6
250,29,2019,101.0
250,29,2020,101.7
250,29,2021,97.8
250,29,2022,93.7
250,29,2023,93.7
250,30,2014,100.0
250,30,2015,99.9
250,30,2016,103.6
250,30,2017,122.1
250,30,2018,122.7
250,30,2019,121.3
250,30,2020,124.6
250,30,2021,121.1
250,30,2022,126.0
250,30,2023,132.4
250,31,2014,100.0
250,31,2015,92.9
250,31,2016,88.2
250,31,2017,90.2
250,31,2018,91.1
250,31,2019,88.7
250,31,2020,85.1
250,31,2021,87.8
250,31,2022,85.7
250,31,2023,88.0
250,32,2014,100.0
250,32,2015,95.1
250,32,2016,97.6
250,32,2017,109.9
250,32,2018,101.6
250,32,2019,108.1
250,32,2020,115.7
250,32,2021,113.0
250,32,2022,122.8
250,32,2023,126.0
250,33,2014,100.0
250,33,2015,85.9
250,33,2016,77.5
250,33,2017,73.7
250,33,2018,72.5
250,33,2019,69.9
250,33,2020,75.0
250,33,2021,70.8
250,33,2022,74.8
250,33,2023,74.7
268,10,2014,100.0
268,10,2015,98.0
268,10,2016,112.5
268,10,2017,109.5
268,10,2018,111.5
268,10,2019,108.2
268,10,2020,108.7
268,10,2021,111.2
268,10,2022,113.8
268,10,2023,123.2
268,11,2014,100.0
268,11,2015,96.3
268,11,2016,101.6
268,11,2017,113.5
268,11,2018,118.6
268,11,2019,122.7
268,11,2020,115.9
268,11,2021,118.4
268,11,2022,122.8
268,11,2023,129.1
268,12,2014,100.0
268,12,2015,101.2
268,12,2016,81.4
268,12,2017,72.7
268,12,2018,72.5
268,12,2019,67.5
268,12,2020,65.4
268,12,2021,74.4
268,12,2022,68.9
268,12,2023,58.4
268,13,2014,100.0
268,13,2015,184.3
268,13,2016,144.8
268,13,2017,170.6
268,13,2018,198.0
268,13,2019,200.6
268,13,2020,189.2
268,13,2021,223.5
268,13,2022,258.1
268,13,2023,258.1
268,14,2014,100.0
268,14,2015,113.7
268,14,2016,128.6
268,14,2017,130.5
268,14,2018,141.0
268,14,2019,138.8
268,14,2020,144.6
268,14,2021,186.3
268,14,2022,197.7
268,14,2023,175.6
268,15,2014,100.0
268,15,2015,99.1
268,15,2016,110.7
268,15,2017,78.4
268,15,2018,71.1
268,15,2019,120.2
268,15,2020,47.1
268,15,2021,77.6
268,15,2022,68.7
268,15,2023,65.1
268,16,2014,100.0
268,16,2015,87.2
268,16,2016,112.1
268,16,2017,88.9
268,16,2018,83.7
268,16,2019,77.3
268,16,2020,70.6
268,16,2021,70.5
268,16,2022,69.6
268,16,2023,79.2
268,17,2014,100.0
268,17,2015,107.3
268,17,2016,119.2
268,17,2017,129.0
268,17,2018,123.9
268,17,2019,137.5
268,17,2020,154.4
268,17,2021,166.6
268,17,2022,171.9
268,17,2023,179.8
268,18,2014,100.0
268,18,2015,101.2
268,18,2016,100.5
268,18,2017,95.6
268,18,2018,97.6
268,18,2019,81.2
268,18,2020,79.1
268,18,2021,87.2
268,18,2022,83.9
268,18,2023,94.6
268,19,2018,100.0
268,19,2019,203.6
268,19,2020,250.0
268,19,2021,235.7
268,19,2022,346.4
268,19,2023,476.8
268,20,2014,100.0
268,20,2015,98.9
268,20,2016,104.3
268,20,2017,101.9
268,20,2018,98.2
268,20,2019,94.4
268,20,2020,97.0
268,20,2021,99.6
268,20,2022,96.6
268,20,2023,99.7
268,21,2014,100.0
268,21,2015,120.1
268,21,2016,115.6
268,21,2017,118.6
268,21,2018,118.3
268,21,2019,120.0
268,21,2020,120.0
268,21,2021,117.0
268,21,2022,101.2
268,21,2023,106.5
268,22,2014,100.0
268,22,2015,100.2
268,22,2016,96.6
268,22,2017,103.2
268,22,2018,100.9
268,22,2019,100.4
268,22,2020,91.7
268,22,2021,91.9
268,22,2022,108.9
268,22,2023,111.7
268,23,2014,100.0
268,23,2015,106.9
268,23,2016,105.0
268,23,2017,113.8
268,23,2018,123.6
268,23,2019,111.6
268,23,2020,105.3
268,23,2021,104.8
268,23,2022,109.9
268,23,2023,109.2
268,24,2014,100.0
268,24,2015,86.6
268,24,2016,83.5
268,24,2017,81.0
268,24,2018,80.4
268,24,2019,83.1
268,24,2020,82.2
268,24,2021,74.4
268,24,2022,67.4
268,24,2023,58.7
268,25,2014,100.0
268,25,2015,97.9
268,25,2016,99.5
268,25,2017,109.8
268,25,2018,106.9
268,25,2019,105.0
268,25,2020,107.4
268,25,2021,133.1
268,25,2022,134.4
268,25,2023,149.6
268,26,2014,100.0
268,26,2015,54.4
268,26,2016,107.0
268,26,2017,68.4
268,26,2018,42.1
268,26,2019,91.2
268,26,2020,66.7
268,26,2021,86.0
268,26,2022,100.0
268,26,2023,121.1
268,27,2014,100.0
268,27,2015,143.8
268,27,2016,157.9
268,27,2017,124.5
268,27,2018,108.5
268,27,2019,135.3
268,27,2020,135.5
268,27,2021,145.2
268,27,2022,169.1
268,27,2023,155.8
268,28,2014,100.0
268,28,2015,116.5
268,28,2016,98.1
268,28,2017,139.9
268,28,2018,69.1
268,28,2019,66.0
268,28,2020,49.2
268,28,2021,62.2
268,28,2022,82.4
268,28,2023,87.2
268,30,2014,100.0
268,30,2015,97.4
268,30,2016,81.9
268,30,2017,76.8
268,30,2018,70.6
268,30,2019,84.1
268,30,2020,68.1
268,30,2021,66.3
268,30,2022,44.7
268,30,2023,48.3
268,31,2014,100.0
268,31,2015,102.9
268,31,2016,95.2
268,31,2017,97.7
268,31,2018,121.6
268,31,2019,85.7
268,31,2020,101.9
268,31,2021,105.7
268,31,2022,111.6
268,31,2023,106.5
268,32,2014,100.0
268,32,2015,77.7
268,32,2016,88.9
268,32,2017,82.4
268,32,2018,120.0
268,32,2019,99.5
268,32,2020,120.3
268,32,2021,122.3
268,32,2022,115.3
268,32,2023,168.3
268,33,2014,100.0
268,33,2015,129.9
268,33,2016,104.9
268,33,2017,96.0
268,33,2018,97.1
268,33,2019,101.6
268,33,2020,86.5
268,33,2021,78.9
268,33,2022,75.7
268,33,2023,79.3
275,10,2010,100.0
275,10,2011,111.0
275,10,2012,125.2
275,10,2013,145.6
275,10,2014,94.9
275,10,2015,106.6
275,10,2016,135.1
275,10,2017,133.8
275,10,2018,141.3
275,10,2019,186.7
275,11,2010,100.0
275,11,2011,196.2
275,11,2012,294.4
275,11,2013,209.1
275,11,2014,310.0
275,11,2015,313.5
275,11,2016,273.5
275,11,2017,270.0
275,11,2018,487.9
275,11,2019,590.6
275,12,2010,100.0
275,12,2011,100.0
275,12,2012,104.1
275,12,2013,77.2
275,12,2014,99.5
275,12,2015,70.5
275,12,2016,122.8
275,12,2017,56.5
275,12,2018,65.8
275,12,2019,63.2
275,13,2010,100.0
275,13,2011,129.9
275,13,2012,117.2
275,13,2013,98.6
275,13,2014,72.0
275,13,2015,82.3
275,13,2016,107.3
275,13,2017,78.1
275,13,2018,87.5
275,13,2019,121.7
275,14,2010,100.0
275,14,2011,96.6
275,14,2012,84.7
275,14,2013,102.4
275,14,2014,62.5
275,14,2015,71.1
275,14,2016,80.5
275,14,2017,74.2
275,14,2019,70.4
275,15,2010,100.0
275,15,2011,99.4
275,15,2012,120.3
275,15,2013,117.8
275,15,2014,112.1
275,15,2015,148.3
275,15,2016,111.1
275,15,2017,82.0
275,15,2018,64.8
275,15,2019,104.1
275,16,2010,100.0
275,16,2011,100.6
275,16,2012,128.0
275,16,2013,123.0
275,16,2014,70.6
275,16,2015,86.0
275,16,2016,76.4
275,16,2017,96.1
275,16,2018,91.9
275,16,2019,138.1
275,17,2010,100.0
275,17,2011,95.9
275,17,2012,88.1
275,17,2013,75.6
275,17,2014,90.2
275,17,2015,90.4
275,17,2016,130.1
275,17,2017,127.0
275,17,2018,131.3
275,17,2019,141.3
275,18,2010,100.0
275,18,2011,104.7
275,18,2012,181.4
275,18,2013,166.1
275,18,2014,131.2
275,18,2015,140.3
275,18,2016,138.6
275,18,2017,131.0
275,18,2018,121.0
275,18,2019,149.9
275,19,2010,100.0
275,19,2011,104.9
275,19,2013,693.4
275,19,2014,705.7
275,19,2015,736.9
275,19,2016,753.3
275,19,2017,19.7
275,19,2018,26.2
275,19,2019,25.4
275,20,2010,100.0
275,20,2011,100.9
275,20,2012,103.2
275,20,2017,118.3
275,20,2018,138.2
275,20,2019,261.3
275,21,2010,100.0
275,21,2011,163.0
275,21,2012,158.9
275,21,2013,100.4
275,21,2014,166.8
275,21,2015,193.4
275,21,2016,249.7
275,21,2017,259.8
275,21,2018,240.8
275,21,2019,209.9
275,22,2010,100.0
275,22,2011,134.8
275,22,2012,177.0
275,22,2013,106.8
275,22,2014,174.8
275,22,2015,140.1
275,22,2016,233.7
275,22,2017,180.7
275,22,2018,189.3
275,22,2019,205.5
275,23,2010,100.0
275,23,2011,107.8
275,23,2012,135.3
275,23,2013,113.6
275,23,2014,114.9
275,23,2015,124.3
275,23,2016,121.8
275,23,2017,119.8
275,23,2018,134.2
275,23,2019,151.5
275,24,2010,100.0
275,24,2011,125.1
275,24,2012,39.5
275,24,2013,27.2
275,24,2014,23.1
275,24,2015,52.8
275,24,2016,71.3
275,24,2017,191.3
275,24,2018,135.9
275,24,2019,91.3
275,25,2010,100.0
275,25,2011,100.3
275,25,2012,108.5
275,25,2013,115.2
275,25,2014,79.2
275,25,2015,70.2
275,25,2016,80.9
275,25,2017,83.0
275,25,2018,76.7
275,25,2019,111.5
275,26,2010,100.0
275,26,2011,121.2
275,26,2012,122.9
275,26,2013,164.1
275,26,2014,151.2
275,26,2015,154.1
275,26,2016,240.6
275,26,2017,77.1
275,26,2018,68.2
275,26,2019,46.5
275,27,2010,100.0
275,27,2011,172.1
275,27,2012,120.0
275,27,2013,58.6
275,27,2014,121.4
275,27,2015,133.2
275,27,2016,118.6
275,27,2017,91.8
275,27,2018,120.4
275,27,2019,167.9
275,28,2010,100.0
275,28,2011,229.8
275,28,2012,138.0
275,28,2013,120.8
275,28,2014,106.7
275,28,2015,99.2
275,28,2016,106.7
275,28,2017,187.1
275,28,2018,227.5
275,28,2019,488.6
275,29,2010,100.0
275,29,2011,102.4
275,29,2012,100.0
275,29,2014,217.7
275,29,2015,184.7
275,29,2016,423.4
275,29,2017,17.7
275,29,2018,22.6
275,29,2019,17.7
275,30,2010,100.0
275,30,2012,33.3
275,30,2017,66.7
275,30,2019,50.0
275,31,2010,100.0
275,31,2011,114.0
275,31,2012,129.1
275,31,2013,129.7
275,31,2014,123.3
275,31,2015,122.7
275,31,2016,117.9
275,31,2017,137.2
275,31,2018,138.1
275,31,2019,205.7
275,32,2010,100.0
275,32,2011,174.1
275,32,2012,318.4
275,32,2013,317.4
275,32,2014,213.1
275,32,2015,200.0
275,32,2016,236.9
275,32,2017,209.6
275,32,2018,236.9
275,32,2019,286.9
275,33,2010,100.0
275,33,2011,98.8
275,33,2012,265.0
275,33,2013,357.2
275,33,2014,206.0
275,33,2015,297.0
275,33,2016,221.3
275,33,2017,112.6
275,33,2018,91.0
275,33,2019,368.9
276,10,2014,100.0
276,10,2015,100.3
276,10,2016,105.8
276,10,2017,104.5
276,10,2018,116.3
276,10,2019,116.6
276,10,2020,111.8
276,10,2021,114.4
276,10,2022,115.7
276,10,2023,116.2
276,11,2014,100.0
276,11,2015,99.7
276,11,2016,100.8
276,11,2017,101.9
276,11,2018,119.0
276,11,2019,128.9
276,11,2020,123.6
276,11,2021,125.1
276,11,2022,124.1
276,11,2023,157.1
276,12,2014,100.0
276,12,2015,98.4
276,12,2016,95.3
276,12,2017,93.0
276,12,2018,106.6
276,12,2019,106.6
276,12,2020,88.5
276,12,2021,77.6
276,12,2022,77.1
276,12,2023,80.9
276,13,2014,100.0
276,13,2015,98.7
276,13,2016,97.1
276,13,2017,98.8
276,13,2018,102.4
276,13,2019,101.8
276,13,2020,99.9
276,13,2021,106.4
276,13,2022,101.0
276,13,2023,96.3
276,14,2014,100.0
276,14,2015,93.6
276,14,2016,93.8
276,14,2017,91.7
276,14,2018,93.5
276,14,2019,90.9
276,14,2020,84.7
276,14,2021,73.2
276,14,2022,77.0
276,14,2023,87.4
276,15,2014,100.0
276,15,2015,95.5
276,15,2016,104.6
276,15,2017,95.0
276,15,2018,119.2
276,15,2019,122.2
276,15,2020,107.0
276,15,2021,112.0
276,15,2022,121.4
276,15,2023,171.5
276,16,2014,100.0
276,16,2015,106.7
276,16,2016,100.7
276,16,2017,102.5
276,16,2018,105.0
276,16,2019,112.9
276,16,2020,116.2
276,16,2021,116.4
276,16,2022,123.4
276,16,2023,109.3
276,17,2014,100.0
276,17,2015,100.0
276,17,2016,99.1
276,17,2017,100.5
276,17,2018,110.5
276,17,2019,110.1
276,17,2020,101.6
276,17,2021,100.5
276,17,2022,100.8
276,17,2023,97.7
276,18,2014,100.0
276,18,2015,96.8
276,18,2016,97.4
276,18,2017,92.0
276,18,2018,99.7
276,18,2019,97.4
276,18,2020,91.6
276,18,2021,89.2
276,18,2022,81.2
276,18,2023,87.0
276,19,2014,100.0
276,19,2015,98.7
276,19,2016,98.5
276,19,2017,96.1
276,19,2018,108.2
276,19,2019,98.8
276,19,2020,96.7
276,19,2021,100.1
276,19,2022,104.4
276,19,2023,104.7
276,20,2014,100.0
276,20,2015,98.8
276,20,2016,101.0
276,20,2017,107.7
276,20,2018,111.9
276,20,2019,116.0
276,20,2020,113.0
276,20,2021,116.0
276,20,2022,119.5
276,20,2023,117.3
276,21,2014,100.0
276,21,2015,100.7
276,21,2016,102.5
276,21,2017,95.1
276,21,2018,123.5
276,21,2019,136.3
276,21,2020,136.0
276,21,2021,128.5
276,21,2022,130.6
276,21,2023,132.4
276,22,2014,100.0
276,22,2015,101.5
276,22,2016,102.9
276,22,2017,105.0
276,22,2018,113.6
276,22,2019,113.9
276,22,2020,107.1
276,22,2021,112.7
276,22,2022,108.3
276,22,2023,134.3
276,23,2014,100.0
276,23,2015,96.3
276,23,2016,98.6
276,23,2017,97.1
276,23,2018,102.2
276,23,2019,103.1
276,23,2020,98.9
276,23,2021,100.4
276,23,2022,101.2
276,23,2023,100.9
276,24,2014,100.0
276,24,2015,100.8
276,24,2016,100.4
276,24,2017,100.1
276,24,2018,108.1
276,24,2019,105.6
276,24,2020,98.1
276,24,2021,97.8
276,24,2022,97.5
276,24,2023,97.3
276,25,2014,100.0
276,25,2015,99.6
276,25,2016,102.2
276,25,2017,102.4
276,25,2018,113.2
276,25,2019,114.1
276,25,2020,104.0
276,25,2021,110.8
276,25,2022,109.0
276,25,2023,106.4
276,26,2014,100.0
276,26,2015,105.1
276,26,2016,109.3
276,26,2017,108.5
276,26,2018,120.7
276,26,2019,123.9
276,26,2020,122.7
276,26,2021,123.8
276,26,2022,129.1
276,26,2023,124.4
276,27,2014,100.0
276,27,2015,95.7
276,27,2016,96.5
276,27,2017,96.8
276,27,2018,102.4
276,27,2019,105.1
276,27,2020,101.6
276,27,2021,104.6
276,27,2022,105.8
276,27,2023,111.9
276,28,2014,100.0
276,28,2015,101.0
276,28,2016,101.6
276,28,2017,103.5
276,28,2018,116.0
276,28,2019,119.7
276,28,2020,112.9
276,28,2021,113.6
276,28,2022,115.9
276,28,2023,116.1
276,29,2014,100.0
276,29,2015,101.5
276,29,2016,101.9
276,29,2017,103.4
276,29,2018,109.6
276,29,2019,109.2
276,29,2020,105.4
276,29,2021,104.1
276,29,2022,104.8
276,29,2023,104.4
276,30,2014,100.0
276,30,2015,103.0
276,30,2016,97.6
276,30,2017,103.2
276,30,2018,116.3
276,30,2019,116.6
276,30,2020,116.1
276,30,2021,115.1
276,30,2022,122.2
276,30,2023,135.5
276,31,2014,100.0
276,31,2015,100.2
276,31,2016,104.3
276,31,2017,101.3
276,31,2018,100.8
276,31,2019,107.5
276,31,2020,98.4
276,31,2021,109.8
276,31,2022,108.6
276,31,2023,99.2
276,32,2014,100.0
276,32,2015,100.7
276,32,2016,95.6
276,32,2017,103.2
276,32,2018,119.2
276,32,2019,119.7
276,32,2020,115.2
276,32,2021,121.9
276,32,2022,123.5
276,32,2023,119.3
276,33,2014,100.0
276,33,2015,96.9
276,33,2016,98.2
276,33,2017,100.8
276,33,2018,106.3
276,33,2019,104.5
276,33,2020,110.3
276,33,2021,98.4
276,33,2022,101.2
276,33,2023,106.1
300,10,2014,100.0
300,10,2015,101.4
300,10,2016,110.1
300,10,2017,114.8
300,10,2018,132.4
300,10,2019,131.8
300,10,2020,128.5
300,10,2021,135.0
300,10,2022,140.3
300,10,2023,143.7
300,11,2014,100.0
300,11,2015,94.8
300,11,2016,90.9
300,11,2017,88.1
300,11,2018,96.5
300,11,2019,100.6
300,11,2020,95.6
300,11,2021,96.9
300,11,2022,108.4
300,11,2023,112.8
300,12,2014,100.0
300,12,2015,107.2
300,12,2016,102.3
300,12,2017,107.5
300,12,2018,151.6
300,12,2019,122.0
300,12,2020,132.1
300,12,2021,149.0
300,12,2022,150.4
300,12,2023,176.8
300,13,2014,100.0
300,13,2015,100.8
300,13,2016,107.1
300,13,2017,103.5
300,13,2018,140.1
300,13,2019,110.2
300,13,2020,100.4
300,13,2021,118.1
300,13,2022,126.6
300,13,2023,125.3
300,14,2013,100.0
300,14,2014,102.3
300,14,2015,91.0
300,14,2016,101.2
300,14,2017,99.7
300,14,2018,133.4
300,14,2019,113.9
300,14,2020,98.0
300,14,2022,101.0
300,14,2023,98.6
300,15,2014,100.0
300,15,2015,104.6
300,15,2016,114.9
300,15,2017,121.1
300,15,2018,145.4
300,15,2019,126.7
300,15,2020,109.8
300,15,2021,110.7
300,15,2022,106.6
300,15,2023,103.3
300,16,2014,100.0
300,16,2015,93.5
300,16,2016,123.2
300,16,2017,107.9
300,16,2018,139.2
300,16,2019,127.8
300,16,2020,124.9
300,16,2021,132.5
300,16,2022,143.0
300,16,2023,141.8
300,17,2014,100.0
300,17,2015,94.6
300,17,2016,97.3
300,17,2017,102.5
300,17,2018,118.5
300,17,2019,116.6
300,17,2020,115.9
300,17,2021,123.5
300,17,2022,134.0
300,17,2023,139.5
300,18,2014,100.0
300,18,2015,90.0
300,18,2016,98.4
300,18,2017,92.7
300,18,2018,104.2
300,18,2019,98.8
300,18,2020,92.9
300,18,2021,99.4
300,18,2022,104.4
300,18,2023,106.3
300,19,2012,100.0
300,19,2013,101.4
300,19,2014,95.3
300,19,2015,91.8
300,19,2016,87.0
300,19,2017,95.2
300,19,2018,131.6
300,19,2019,138.6
300,19,2020,131.3
300,19,2023,132.8
300,20,2014,100.0
300,20,2015,98.3
300,20,2016,94.4
300,20,2017,101.1
300,20,2018,106.2
300,20,2019,107.1
300,20,2020,106.3
300,20,2021,110.8
300,20,2022,109.8
300,20,2023,115.6
300,21,2013,100.0
300,21,2014,74.7
300,21,2015,89.6
300,21,2016,89.0
300,21,2017,94.0
300,21,2018,100.2
300,21,2019,99.0
300,21,2020,120.2
300,21,2021,103.9
300,21,2023,123.4
300,22,2014,100.0
300,22,2015,97.0
300,22,2016,97.0
300,22,2017,100.6
300,22,2018,108.7
300,22,2019,104.7
300,22,2020,106.0
300,22,2021,115.6
300,22,2022,115.9
300,22,2023,118.6
300,23,2014,100.0
300,23,2015,95.9
300,23,2016,102.8
300,23,2017,101.6
300,23,2018,111.3
300,23,2019,110.9
300,23,2020,105.2
300,23,2021,115.0
300,23,2022,119.1
300,23,2023,126.5
300,24,2014,100.0
300,24,2015,90.9
300,24,2016,90.2
300,24,2017,103.1
300,24,2018,115.0
300,24,2019,118.9
300,24,2020,117.7
300,24,2021,110.9
300,24,2022,121.4
300,24,2023,122.6
300,25,2014,100.0
300,25,2015,92.9
300,25,2016,108.6
300,25,2017,100.3
300,25,2018,118.5
300,25,2019,116.1
300,25,2020,120.5
300,25,2021,129.8
300,25,2022,130.2
300,25,2023,137.8
300,26,2014,100.0
300,26,2015,89.7
300,26,2016,89.6
300,26,2017,92.6
300,26,2018,97.7
300,26,2019,102.5
300,26,2020,107.5
300,26,2021,119.8
300,26,2022,130.0
300,26,2023,138.4
300,27,2013,100.0
300,27,2014,99.6
300,27,2015,94.5
300,27,2016,94.1
300,27,2017,101.3
300,27,2018,113.5
300,27,2019,120.1
300,27,2020,117.3
300,27,2022,131.2
300,27,2023,148.9
300,28,2014,100.0
300,28,2015,93.4
300,28,2016,97.4
300,28,2017,97.7
300,28,2018,109.5
300,28,2019,111.7
300,28,2020,108.9
300,28,2021,114.8
300,28,2022,122.0
300,28,2023,123.2
300,29,2013,100.0
300,29,2014,69.7
300,29,2015,67.9
300,29,2016,68.4
300,29,2017,63.3
300,29,2018,73.5
300,29,2019,58.1
300,29,2020,57.0
300,29,2021,57.1
300,29,2023,57.7
300,30,2014,100.0
300,30,2015,93.9
300,30,2016,90.0
300,30,2017,105.8
300,30,2018,116.8
300,30,2019,112.0
300,30,2020,107.1
300,30,2021,71.5
300,30,2022,79.0
300,30,2023,82.8
300,31,2014,100.0
300,31,2015,100.8
300,31,2016,123.7
300,31,2017,115.1
300,31,2018,153.3
300,31,2019,140.8
300,31,2020,139.9
300,31,2021,155.7
300,31,2022,160.6
300,31,2023,163.3
300,32,2014,100.0
300,32,2015,96.2
300,32,2016,122.6
300,32,2017,105.5
300,32,2018,135.4
300,32,2019,130.6
300,32,2020,166.8
300,32,2021,138.5
300,32,2022,153.5
300,32,2023,154.7
300,33,2014,100.0
300,33,2015,102.8
300,33,2016,117.4
300,33,2017,109.2
300,33,2018,123.5
300,33,2019,127.3
300,33,2020,129.4
300,33,2021,149.0
300,33,2022,171.3
300,33,2023,193.7
344,10,2014,100.0
344,10,2015,102.9
344,10,2016,103.9
344,10,2017,105.7
344,10,2018,107.1
344,10,2019,107.5
344,10,2020,96.4
344,10,2021,93.6
344,10,2022,93.9
344,10,2023,95.4
344,11,2005,100.0
344,11,2006,88.9
344,11,2007,94.4
344,11,2008,94.4
344,11,2009,108.3
344,11,2010,102.8
344,11,2011,94.4
344,12,2014,100.0
344,12,2015,103.2
344,12,2016,106.5
344,12,2017,109.7
344,12,2018,109.7
344,12,2019,109.7
344,12,2020,103.2
344,12,2021,109.7
344,12,2022,106.5
344,12,2023,106.5
344,13,2010,100.0
344,13,2015,136.0
344,13,2016,122.0
344,13,2017,96.0
344,13,2018,90.0
344,13,2019,80.0
344,13,2020,78.0
344,13,2021,74.0
344,13,2022,64.0
344,13,2023,58.0
344,14,2005,100.0
344,14,2006,80.5
344,14,2007,78.5
344,14,2008,65.3
344,14,2009,51.9
344,14,2010,39.1
344,14,2011,49.8
344,14,2012,42.8
344,14,2013,39.1
344,14,2014,28.6
344,15,2005,100.0
344,15,2006,101.2
344,15,2007,79.0
344,15,2008,79.0
344,15,2009,75.3
344,15,2010,80.2
344,17,2005,100.0
344,17,2006,87.1
344,17,2007,90.3
344,17,2008,97.8
344,17,2009,99.5
344,17,2010,89.8
344,18,2014,100.0
344,18,2015,87.3
344,18,2016,84.0
344,18,2017,80.7
344,18,2018,74.0
344,18,2019,69.3
344,18,2020,70.7
344,18,2021,71.3
344,18,2022,68.7
344,18,2023,65.3
344,19,2005,100.0
344,19,2006,113.3
344,19,2007,116.7
344,19,2008,113.3
344,19,2009,116.7
344,19,2010,120.0
344,20,2005,100.0
344,20,2006,98.0
344,20,2007,102.0
344,20,2008,92.2
344,20,2009,96.1
344,20,2010,103.9
344,21,2014,100.0
344,21,2015,93.9
344,21,2016,90.9
344,21,2017,92.4
344,21,2018,92.4
344,21,2019,92.4
344,21,2020,86.4
344,21,2021,81.8
344,21,2022,83.3
344,21,2023,87.9
344,23,2014,100.0
344,23,2015,97.2
344,23,2016,97.2
344,23,2017,97.2
344,23,2018,108.3
344,23,2019,97.2
344,23,2020,83.3
344,23,2021,91.7
344,23,2022,83.3
344,23,2023,80.6
344,24,2005,100.0
344,24,2006,82.3
344,24,2007,66.1
344,24,2008,80.6
344,24,2009,80.6
344,24,2010,58.1
344,25,2014,100.0
344,25,2015,96.4
344,25,2016,100.0
344,25,2017,114.3
344,25,2018,103.6
344,25,2019,107.1
344,25,2020,89.3
344,25,2021,82.1
344,25,2022,75.0
344,25,2023,67.9
344,26,2014,100.0
344,26,2015,95.9
344,26,2016,83.7
344,26,2017,75.5
344,26,2018,67.3
344,26,2019,67.3
344,26,2020,63.3
344,26,2021,59.2
344,26,2022,57.1
344,26,2023,51.0
344,28,2014,100.0
344,28,2015,94.4
344,28,2016,83.3
344,28,2017,83.3
344,28,2018,77.8
344,28,2019,72.2
344,28,2020,72.2
344,28,2021,72.2
344,28,2022,66.7
344,28,2023,61.1
344,32,2014,100.0
344,32,2015,91.7
344,32,2016,78.3
344,32,2017,81.7
344,32,2018,81.7
344,32,2019,75.0
344,32,2020,83.3
344,32,2021,85.0
344,32,2022,81.7
344,32,2023,75.0
344,33,2014,100.0
344,33,2015,97.7
344,33,2016,105.3
344,33,2017,107.6
344,33,2018,102.3
344,33,2019,100.8
344,33,2020,97.7
344,33,2021,92.4
344,33,2022,90.2
344,33,2023,90.2
348,10,2014,100.0
348,10,2015,103.5
348,10,2016,102.3
348,10,2017,102.3
348,10,2018,108.2
348,10,2019,104.1
348,10,2020,104.2
348,10,2021,104.9
348,10,2022,105.4
348,10,2023,104.8
348,11,2014,100.0
348,11,2015,101.0
348,11,2016,98.3
348,11,2017,99.4
348,11,2018,101.8
348,11,2019,101.8
348,11,2020,101.0
348,11,2021,102.1
348,11,2022,104.1
348,11,2023,107.8
348,12,2014,100.0
348,12,2015,103.0
348,12,2016,99.6
348,12,2017,108.9
348,12,2018,129.8
348,12,2019,133.9
348,12,2020,141.7
348,12,2021,103.0
348,12,2022,101.8
348,12,2023,142.3
348,13,2014,100.0
348,13,2015,154.5
348,13,2016,147.2
348,13,2017,146.8
348,13,2018,144.4
348,13,2019,91.0
348,13,2020,80.7
348,13,2021,87.6
348,13,2022,88.5
348,13,2023,86.5
348,14,2014,100.0
348,14,2015,94.8
348,14,2016,102.5
348,14,2017,98.2
348,14,2018,94.2
348,14,2019,104.5
348,14,2020,93.9
348,14,2021,63.8
348,14,2022,62.5
348,14,2023,67.2
348,15,2014,100.0
348,15,2015,106.8
348,15,2016,109.6
348,15,2017,109.9
348,15,2018,108.1
348,15,2019,97.2
348,15,2020,81.7
348,15,2021,75.0
348,15,2022,75.0
348,15,2023,75.7
348,16,2014,100.0
348,16,2015,103.2
348,16,2016,105.1
348,16,2017,104.8
348,16,2018,101.0
348,16,2019,97.8
348,16,2020,93.2
348,16,2021,97.0
348,16,2022,98.5
348,16,2023,96.8
348,17,2014,100.0
348,17,2015,123.7
348,17,2016,130.0
348,17,2017,130.1
348,17,2018,135.1
348,17,2019,157.8
348,17,2020,157.4
348,17,2021,130.6
348,17,2022,131.9
348,17,2023,137.9
348,18,2014,100.0
348,18,2015,111.9
348,18,2016,110.4
348,18,2017,112.2
348,18,2018,112.5
348,18,2019,108.9
348,18,2020,104.2
348,18,2021,93.1
348,18,2022,99.1
348,18,2023,89.1
348,19,2014,100.0
348,19,2015,96.1
348,19,2016,95.3
348,19,2017,96.3
348,19,2018,178.2
348,19,2019,197.2
348,19,2020,177.4
348,19,2021,181.2
348,19,2022,182.1
348,19,2023,191.3
348,20,2014,100.0
348,20,2015,104.3
348,20,2016,104.7
348,20,2017,108.1
348,20,2018,102.0
348,20,2019,101.5
348,20,2020,106.7
348,20,2021,111.2
348,20,2022,112.3
348,20,2023,110.4
348,21,2014,100.0
348,21,2015,99.3
348,21,2016,102.9
348,21,2017,107.7
348,21,2018,111.0
348,21,2019,105.5
348,21,2020,109.2
348,21,2021,108.9
348,21,2022,108.5
348,21,2023,114.7
348,22,2014,100.0
348,22,2015,106.0
348,22,2016,111.5
348,22,2017,115.6
348,22,2018,129.4
348,22,2019,129.5
348,22,2020,122.7
348,22,2021,124.4
348,22,2022,123.7
348,22,2023,124.6
348,23,2014,100.0
348,23,2015,106.9
348,23,2016,107.0
348,23,2017,109.7
348,23,2018,111.9
348,23,2019,108.1
348,23,2020,103.7
348,23,2021,110.0
348,23,2022,114.2
348,23,2023,106.6
348,24,2014,100.0
348,24,2015,100.9
348,24,2016,104.7
348,24,2017,109.3
348,24,2018,115.1
348,24,2019,111.9
348,24,2020,107.2
348,24,2021,108.0
348,24,2022,103.1
348,24,2023,80.2
348,25,2014,100.0
348,25,2015,106.1
348,25,2016,110.4
348,25,2017,112.1
348,25,2018,117.9
348,25,2019,114.0
348,25,2020,109.7
348,25,2021,115.3
348,25,2022,115.8
348,25,2023,118.6
348,26,2014,100.0
348,26,2015,102.4
348,26,2016,110.3
348,26,2017,114.4
348,26,2018,119.4
348,26,2019,116.0
348,26,2020,113.5
348,26,2021,108.5
348,26,2022,113.5
348,26,2023,116.4
348,27,2014,100.0
348,27,2015,101.2
348,27,2016,105.7
348,27,2017,112.1
348,27,2018,141.1
348,27,2019,144.6
348,27,2020,134.8
348,27,2021,148.0
348,27,2022,151.1
348,27,2023,135.6
348,28,2014,100.0
348,28,2015,102.9
348,28,2016,103.4
348,28,2017,107.1
348,28,2018,94.7
348,28,2019,96.2
348,28,2020,92.7
348,28,2021,95.4
348,28,2022,99.7
348,28,2023,103.7
348,29,2014,100.0
348,29,2015,107.2
348,29,2016,112.5
348,29,2017,118.2
348,29,2018,123.3
348,29,2019,125.3
348,29,2020,119.8
348,29,2021,117.0
348,29,2022,117.7
348,29,2023,126.6
348,30,2014,100.0
348,30,2015,105.7
348,30,2016,106.5
348,30,2017,108.1
348,30,2018,125.8
348,30,2019,153.2
348,30,2020,149.0
348,30,2021,160.4
348,30,2022,286.7
348,30,2023,182.9
348,31,2014,100.0
348,31,2015,107.3
348,31,2016,109.7
348,31,2017,112.5
348,31,2018,107.1
348,31,2019,110.8
348,31,2020,100.7
348,31,2021,110.2
348,31,2022,112.5
348,31,2023,105.8
348,32,2014,100.0
348,32,2015,126.5
348,32,2016,137.1
348,32,2017,139.4
348,32,2018,121.5
348,32,2019,102.8
348,32,2020,102.7
348,32,2021,108.9
348,32,2022,113.8
348,32,2023,117.3
348,33,2014,100.0
348,33,2015,103.0
348,33,2016,110.0
348,33,2017,116.6
348,33,2018,146.2
348,33,2019,130.5
348,33,2020,127.1
348,33,2021,121.7
348,33,2022,119.9
348,33,2023,116.4
352,10,2015,100.0
352,10,2016,101.9
352,10,2017,99.3
352,10,2018,101.0
352,10,2019,96.3
352,10,2020,89.8
352,10,2021,90.2
352,10,2022,91.6
352,10,2023,91.7
352,11,2015,100.0
352,11,2016,104.5
352,11,2017,102.4
352,11,2018,101.4
352,11,2019,96.8
352,11,2020,86.5
352,11,2021,90.2
352,11,2022,99.6
352,11,2023,103.3
352,12,2015,
352,12,2016,
352,12,2017,
352,12,2018,
352,12,2019,
352,12,2020,
352,12,2021,
352,12,2022,
352,12,2023,
352,13,2015,100.0
352,13,2016,100.0
352,13,2017,89.5
352,13,2018,92.9
352,13,2019,95.9
352,13,2020,97.0
352,13,2021,97.7
352,13,2022,116.9
352,13,2023,122.2
352,14,2015,100.0
352,14,2016,96.4
352,14,2017,71.2
352,14,2018,72.1
352,14,2019,73.9
352,14,2020,55.0
352,14,2021,55.9
352,14,2022,65.8
352,14,2023,66.7
352,15,2015,100.0
352,15,2016,21.2
352,15,2017,18.2
352,15,2018,78.8
352,15,2019,60.6
352,15,2020,36.4
352,15,2021,45.5
352,15,2022,36.4
352,15,2023,30.3
352,16,2015,100.0
352,16,2016,103.6
352,16,2017,104.6
352,16,2018,105.6
352,16,2019,87.8
352,16,2020,83.2
352,16,2021,91.4
352,16,2022,87.3
352,16,2023,87.8
352,17,2015,100.0
352,17,2016,113.0
352,17,2017,104.3
352,17,2018,58.7
352,17,2019,32.6
352,17,2020,19.6
352,17,2021,21.7
352,17,2022,23.9
352,17,2023,26.1
352,18,2015,100.0
352,18,2016,109.2
352,18,2017,106.9
352,18,2018,96.0
352,18,2019,81.0
352,18,2020,62.4
352,18,2021,57.9
352,18,2022,56.4
352,18,2023,54.1
352,19,2015,100.0
352,19,2016,100.0
352,19,2017,150.0
352,19,2018,75.0
352,19,2019,175.0
352,19,2020,250.0
352,19,2021,250.0
352,19,2022,275.0
352,19,2023,225.0
352,20,2015,100.0
352,20,2016,118.4
352,20,2017,143.5
352,20,2018,168.2
352,20,2019,192.4
352,20,2020,174.9
352,20,2021,173.1
352,20,2022,196.4
352,20,2023,193.3
352,21,2015,100.0
352,21,2016,66.3
352,21,2017,82.6
352,21,2018,66.3
352,21,2019,73.2
352,21,2020,88.9
352,21,2021,97.2
352,21,2022,123.1
352,21,2023,143.4
352,22,2015,100.0
352,22,2016,100.0
352,22,2017,97.8
352,22,2018,95.6
352,22,2019,95.3
352,22,2020,96.8
352,22,2021,95.6
352,22,2022,95.3
352,22,2023,98.1
352,23,2015,100.0
352,23,2016,105.8
352,23,2017,117.4
352,23,2018,128.2
352,23,2019,130.7
352,23,2020,125.4
352,23,2021,132.6
352,23,2022,140.3
352,23,2023,146.4
352,24,2015,100.0
352,24,2016,99.8
352,24,2017,99.6
352,24,2018,100.1
352,24,2019,97.3
352,24,2020,95.7
352,24,2021,98.6
352,24,2022,100.2
352,24,2023,102.6
352,25,2015,100.0
352,25,2016,110.4
352,25,2017,114.3
352,25,2018,116.1
352,25,2019,120.6
352,25,2020,114.1
352,25,2021,110.3
352,25,2022,113.8
352,25,2023,116.0
352,26,2015,100.0
352,26,2016,108.1
352,26,2017,111.6
352,26,2018,145.3
352,26,2019,160.5
352,26,2020,200.0
352,26,2021,368.6
352,26,2022,494.2
352,26,2023,622.1
352,27,2015,100.0
352,27,2016,102.9
352,27,2017,103.4
352,27,2018,95.6
352,27,2019,88.3
352,27,2020,83.0
352,27,2021,82.5
352,27,2022,78.2
352,27,2023,80.6
352,28,2015,100.0
352,28,2016,109.4
352,28,2017,116.2
352,28,2018,130.4
352,28,2019,137.2
352,28,2020,131.3
352,28,2021,130.7
352,28,2022,131.8
352,28,2023,130.2
352,29,2015,100.0
352,29,2016,98.7
352,29,2017,70.1
352,29,2018,71.4
352,29,2019,64.9
352,29,2020,59.7
352,29,2021,58.4
352,29,2022,61.0
352,29,2023,63.6
352,30,2015,100.0
352,30,2016,92.0
352,30,2017,84.0
352,30,2018,76.0
352,30,2019,88.0
352,30,2020,84.0
352,30,2021,90.7
352,30,2022,93.3
352,30,2023,78.7
352,31,2015,100.0
352,31,2016,105.6
352,31,2017,102.6
352,31,2018,98.8
352,31,2019,95.0
352,31,2020,95.9
352,31,2021,93.6
352,31,2022,89.2
352,31,2023,82.2
352,32,2015,100.0
352,32,2016,104.4
352,32,2017,102.1
352,32,2018,103.5
352,32,2019,109.9
352,32,2020,111.7
352,32,2021,120.9
352,32,2022,136.6
352,32,2023,145.8
352,33,2015,100.0
352,33,2016,102.9
352,33,2017,93.2
352,33,2018,89.4
352,33,2019,90.6
352,33,2020,86.6
352,33,2021,86.5
352,33,2022,86.6
352,33,2023,92.0
356,10,2013,100.0
356,10,2014,102.0
356,10,2015,101.1
356,10,2016,107.1
356,10,2017,112.2
356,10,2018,115.7
356,10,2019,117.0
356,10,2020,118.8
356,10,2021,120.5
356,10,2022,134.2
356,11,2013,100.0
356,11,2014,101.3
356,11,2015,104.2
356,11,2016,101.0
356,11,2017,101.6
356,11,2018,112.6
356,11,2019,118.4
356,11,2020,102.2
356,11,2021,104.5
356,11,2022,113.9
356,12,2013,100.0
356,12,2014,98.6
356,12,2015,114.5
356,12,2016,105.2
356,12,2017,103.7
356,12,2018,102.5
356,12,2019,100.5
356,12,2020,95.9
356,12,2021,94.1
356,12,2022,98.0
356,13,2013,100.0
356,13,2014,102.9
356,13,2015,104.7
356,13,2016,104.4
356,13,2017,112.3
356,13,2018,112.0
356,13,2019,109.1
356,13,2020,103.6
356,13,2021,111.1
356,13,2022,115.3
356,14,2013,100.0
356,14,2014,101.1
356,14,2015,110.7
356,14,2016,116.2
356,14,2017,121.6
356,14,2018,122.4
356,14,2019,128.9
356,14,2020,106.6
356,14,2021,120.7
356,14,2022,135.0
356,15,2013,100.0
356,15,2014,105.0
356,15,2015,122.0
356,15,2016,126.2
356,15,2017,124.3
356,15,2018,130.7
356,15,2019,137.0
356,15,2020,113.6
356,15,2021,123.6
356,15,2022,131.1
356,16,2013,100.0
356,16,2014,109.2
356,16,2015,113.2
356,16,2016,117.9
356,16,2017,126.3
356,16,2018,124.8
356,16,2019,121.4
356,16,2020,121.2
356,16,2021,122.1
356,16,2022,135.1
356,17,2013,100.0
356,17,2014,97.2
356,17,2015,100.0
356,17,2016,102.1
356,17,2017,114.6
356,17,2018,127.8
356,17,2019,130.8
356,17,2020,125.7
356,17,2021,131.1
356,17,2022,141.7
356,18,2013,100.0
356,18,2014,109.8
356,18,2015,99.6
356,18,2016,102.8
356,18,2017,101.4
356,18,2018,97.0
356,18,2019,98.4
356,18,2020,82.1
356,18,2021,87.3
356,18,2022,99.1
356,19,2013,100.0
356,19,2014,111.8
356,19,2015,130.5
356,19,2016,140.7
356,19,2017,133.8
356,19,2018,170.5
356,19,2019,141.3
356,19,2020,143.5
356,19,2021,144.7
356,19,2022,153.8
356,20,2013,100.0
356,20,2014,100.6
356,20,2015,105.0
356,20,2016,111.7
356,20,2017,117.1
356,20,2018,125.4
356,20,2019,131.9
356,20,2020,135.6
356,20,2021,145.1
356,20,2022,149.6
356,21,2013,100.0
356,21,2014,98.7
356,21,2015,105.2
356,21,2016,109.9
356,21,2017,119.7
356,21,2018,122.6
356,21,2019,130.6
356,21,2020,136.9
356,21,2021,144.3
356,21,2022,149.7
356,22,2013,100.0
356,22,2014,101.0
356,22,2015,109.1
356,22,2016,118.7
356,22,2017,120.8
356,22,2018,137.9
356,22,2019,143.2
356,22,2020,144.0
356,22,2021,161.8
356,22,2022,160.9
356,23,2013,100.0
356,23,2014,102.8
356,23,2015,103.5
356,23,2016,111.4
356,23,2017,112.7
356,23,2018,108.0
356,23,2019,109.0
356,23,2020,104.1
356,23,2021,107.0
356,23,2022,108.3
356,24,2013,100.0
356,24,2014,102.9
356,24,2015,97.1
356,24,2016,101.1
356,24,2017,105.8
356,24,2018,117.8
356,24,2019,123.6
356,24,2020,122.0
356,24,2021,130.4
356,24,2022,144.8
356,25,2013,100.0
356,25,2014,92.4
356,25,2015,97.3
356,25,2016,104.5
356,25,2017,102.0
356,25,2018,100.7
356,25,2019,104.2
356,25,2020,97.7
356,25,2021,104.2
356,25,2022,115.0
356,26,2013,100.0
356,26,2014,95.3
356,26,2015,95.9
356,26,2016,100.6
356,26,2017,103.8
356,26,2018,114.8
356,26,2019,127.2
356,26,2020,133.2
356,26,2021,172.7
356,26,2022,190.9
356,27,2013,100.0
356,27,2014,98.4
356,27,2015,97.5
356,27,2016,105.2
356,27,2017,116.6
356,27,2018,118.4
356,27,2019,123.7
356,27,2020,119.7
356,27,2021,129.7
356,27,2022,150.2
356,28,2013,100.0
356,28,2014,110.1
356,28,2015,112.4
356,28,2016,120.6
356,28,2017,131.3
356,28,2018,144.7
356,28,2019,145.1
356,28,2020,144.7
356,28,2021,159.0
356,28,2022,172.1
356,29,2013,100.0
356,29,2014,112.6
356,29,2015,117.7
356,29,2016,124.5
356,29,2017,128.4
356,29,2018,138.2
356,29,2019,136.6
356,29,2020,137.3
356,29,2021,148.3
356,29,2022,159.6
356,30,2013,100.0
356,30,2014,106.7
356,30,2015,109.0
356,30,2016,111.7
356,30,2017,122.9
356,30,2018,131.0
356,30,2019,149.0
356,30,2020,127.2
356,30,2021,127.8
356,30,2022,139.6
356,31,2013,100.0
356,31,2014,94.6
356,31,2015,88.4
356,31,2016,116.5
356,31,2017,135.1
356,31,2018,143.9
356,31,2019,144.4
356,31,2020,158.7
356,31,2021,184.3
356,31,2022,215.9
356,32,2013,100.0
356,32,2014,106.2
356,32,2015,115.7
356,32,2016,128.6
356,32,2017,147.9
356,32,2018,153.0
356,32,2019,159.3
356,32,2020,162.2
356,32,2021,184.5
356,32,2022,202.6
356,33,2013,100.0
356,33,2014,128.1
356,33,2015,109.6
356,33,2016,84.9
356,33,2017,86.3
356,33,2018,109.7
356,33,2019,98.7
356,33,2020,100.3
356,33,2021,100.5
356,33,2022,107.0
360,10,2013,100.0
360,10,2014,97.4
360,10,2015,95.2
360,10,2016,124.2
360,10,2017,115.6
360,10,2018,111.5
360,10,2019,112.6
360,10,2020,108.9
360,10,2021,109.2
360,10,2022,112.7
360,11,2013,100.0
360,11,2014,102.0
360,11,2015,116.2
360,11,2016,188.7
360,11,2017,182.2
360,11,2018,180.9
360,11,2019,182.9
360,11,2020,161.0
360,11,2021,176.1
360,11,2022,185.9
360,12,2013,100.0
360,12,2014,98.1
360,12,2015,95.4
360,12,2016,82.5
360,12,2017,89.1
360,12,2018,80.1
360,12,2019,82.0
360,12,2020,79.2
360,12,2021,67.4
360,12,2022,77.5
360,13,2013,100.0
360,13,2014,114.4
360,13,2015,107.5
360,13,2016,113.1
360,13,2017,136.0
360,13,2018,131.7
360,13,2019,121.6
360,13,2020,108.1
360,13,2021,81.4
360,13,2022,88.8
360,14,2013,100.0
360,14,2014,111.4
360,14,2015,119.7
360,14,2016,160.6
360,14,2017,149.9
360,14,2018,133.6
360,14,2019,139.6
360,14,2020,121.4
360,14,2021,130.9
360,14,2022,149.2
360,15,2013,100.0
360,15,2014,104.6
360,15,2015,117.6
360,15,2016,149.8
360,15,2017,159.4
360,15,2018,146.6
360,15,2019,181.2
360,15,2020,166.2
360,15,2021,212.9
360,15,2022,214.0
360,16,2013,100.0
360,16,2014,99.3
360,16,2015,105.8
360,16,2016,133.4
360,16,2017,124.6
360,16,2018,112.2
360,16,2019,112.3
360,16,2020,105.7
360,16,2021,108.5
360,16,2022,97.9
360,17,2013,100.0
360,17,2014,132.8
360,17,2015,97.9
360,17,2016,119.0
360,17,2017,125.1
360,17,2018,106.9
360,17,2019,110.7
360,17,2020,102.6
360,17,2021,117.6
360,17,2022,115.8
360,18,2013,100.0
360,18,2014,98.4
360,18,2015,106.3
360,18,2016,171.8
360,18,2017,163.2
360,18,2018,124.4
360,18,2019,155.7
360,18,2020,135.8
360,18,2021,127.7
360,18,2022,132.4
360,19,2013,100.0
360,19,2014,98.2
360,19,2015,112.6
360,19,2016,308.3
360,19,2017,367.7
360,19,2018,481.0
360,19,2019,287.4
360,19,2020,366.8
360,19,2021,332.2
360,19,2022,345.1
360,20,2013,100.0
360,20,2014,95.0
360,20,2015,95.2
360,20,2016,115.2
360,20,2017,114.9
360,20,2018,109.0
360,20,2019,114.7
360,20,2020,118.6
360,20,2021,124.9
360,20,2022,122.0
360,21,2013,100.0
360,21,2014,94.8
360,21,2015,95.4
360,21,2016,148.1
360,21,2017,144.2
360,21,2018,153.8
360,21,2019,140.4
360,21,2020,140.6
360,21,2021,136.4
360,21,2022,129.5
360,22,2013,100.0
360,22,2014,106.7
360,22,2015,121.1
360,22,2016,125.4
360,22,2017,136.6
360,22,2018,121.0
360,22,2019,124.2
360,22,2020,120.0
360,22,2021,120.9
360,22,2022,123.4
360,23,2013,100.0
360,23,2014,97.1
360,23,2015,102.2
360,23,2016,113.6
360,23,2017,122.9
360,23,2018,114.9
360,23,2019,116.2
360,23,2020,104.2
360,23,2021,98.5
360,23,2022,102.3
360,24,2013,100.0
360,24,2014,100.0
360,24,2015,94.0
360,24,2016,197.5
360,24,2017,169.7
360,24,2018,190.9
360,24,2019,182.8
360,24,2020,213.2
360,24,2021,212.0
360,24,2022,291.3
360,25,2013,100.0
360,25,2014,92.9
360,25,2015,90.1
360,25,2016,97.6
360,25,2017,115.5
360,25,2018,99.9
360,25,2019,98.8
360,25,2020,104.2
360,25,2021,103.9
360,25,2022,107.6
360,26,2013,100.0
360,26,2014,96.2
360,26,2015,102.5
360,26,2016,100.4
360,26,2017,124.5
360,26,2018,98.4
360,26,2019,94.4
360,26,2020,86.6
360,26,2021,90.2
360,26,2022,93.2
360,27,2013,100.0
360,27,2014,105.2
360,27,2015,87.5
360,27,2016,123.9
360,27,2017,125.3
360,27,2018,130.3
360,27,2019,133.2
360,27,2020,112.6
360,27,2021,114.1
360,27,2022,125.1
360,28,2013,100.0
360,28,2014,105.2
360,28,2015,120.3
360,28,2016,131.6
360,28,2017,181.1
360,28,2018,160.1
360,28,2019,147.1
360,28,2020,147.5
360,28,2021,151.7
360,28,2022,151.1
360,29,2013,100.0
360,29,2014,101.4
360,29,2015,106.8
360,29,2016,147.3
360,29,2017,169.7
360,29,2018,179.9
360,29,2019,179.2
360,29,2020,185.4
360,29,2021,185.8
360,29,2022,190.2
360,30,2013,100.0
360,30,2014,104.2
360,30,2015,119.3
360,30,2016,159.9
360,30,2017,165.2
360,30,2018,123.1
360,30,2019,154.2
360,30,2020,120.6
360,30,2021,135.3
360,30,2022,136.9
360,31,2013,100.0
360,31,2014,103.9
360,31,2015,101.3
360,31,2016,110.5
360,31,2017,128.0
360,31,2018,111.5
360,31,2019,110.7
360,31,2020,96.6
360,31,2021,103.9
360,31,2022,93.3
360,32,2013,100.0
360,32,2014,104.1
360,32,2015,108.1
360,32,2016,125.0
360,32,2017,141.6
360,32,2018,135.7
360,32,2019,126.9
360,32,2020,133.6
360,32,2021,144.3
360,32,2022,134.6
360,33,2013,100.0
360,33,2014,107.8
360,33,2015,76.4
360,33,2016,243.0
360,33,2017,222.4
360,33,2018,143.3
360,33,2019,160.0
360,33,2020,149.2
360,33,2021,170.9
360,33,2022,179.6
364,10,2015,100.0
364,10,2016,97.0
364,10,2017,97.6
364,10,2018,101.7
364,10,2019,103.3
364,10,2020,110.4
364,10,2021,115.8
364,11,2015,100.0
364,11,2016,95.1
364,11,2017,93.3
364,11,2018,91.9
364,11,2019,96.2
364,11,2020,88.7
364,11,2021,119.7
364,12,2015,100.0
364,12,2016,96.9
364,12,2017,96.2
364,12,2018,95.7
364,12,2019,100.0
364,12,2020,112.6
364,12,2021,139.6
364,13,2015,100.0
364,13,2016,96.3
364,13,2017,102.4
364,13,2018,99.8
364,13,2019,97.3
364,13,2020,102.4
364,13,2021,124.5
364,14,2015,100.0
364,14,2016,102.4
364,14,2017,81.4
364,14,2018,71.3
364,14,2019,65.4
364,14,2020,80.1
364,14,2021,88.3
364,15,2015,100.0
364,15,2016,97.2
364,15,2017,91.0
364,15,2018,86.4
364,15,2019,82.2
364,15,2020,94.3
364,15,2021,108.2
364,16,2015,100.0
364,16,2016,89.2
364,16,2017,112.8
364,16,2018,107.6
364,16,2019,101.3
364,16,2020,104.2
364,16,2021,113.3
364,17,2015,100.0
364,17,2016,106.2
364,17,2017,95.8
364,17,2018,94.4
364,17,2019,101.3
364,17,2020,105.9
364,17,2021,123.7
364,18,2015,100.0
364,18,2016,100.8
364,18,2017,107.6
364,18,2018,103.1
364,18,2019,98.8
364,18,2020,87.5
364,18,2021,103.0
364,19,2015,100.0
364,19,2016,99.7
364,19,2017,123.5
364,19,2018,138.2
364,19,2019,144.6
364,19,2020,140.3
364,19,2021,153.2
364,20,2015,100.0
364,20,2016,101.8
364,20,2017,96.6
364,20,2018,99.6
364,20,2019,105.5
364,20,2020,113.3
364,20,2021,139.1
364,21,2015,100.0
364,21,2016,110.5
364,21,2017,107.6
364,21,2018,104.2
364,21,2019,117.0
364,21,2020,119.5
364,21,2021,133.8
364,22,2015,100.0
364,22,2016,102.0
364,22,2017,106.0
364,22,2018,103.3
364,22,2019,111.7
364,22,2020,115.7
364,22,2021,129.5
364,23,2015,100.0
364,23,2016,100.5
364,23,2017,94.6
364,23,2018,94.4
364,23,2019,105.1
364,23,2020,100.1
364,23,2021,106.2
364,24,2015,100.0
364,24,2016,94.3
364,24,2017,99.1
364,24,2018,96.5
364,24,2019,97.8
364,24,2020,107.3
364,24,2021,122.7
364,25,2015,100.0
364,25,2016,97.7
364,25,2017,88.7
364,25,2018,77.0
364,25,2019,85.4
364,25,2020,85.6
364,25,2021,90.8
364,26,2015,100.0
364,26,2016,94.4
364,26,2017,122.9
364,26,2018,99.0
364,26,2019,95.0
364,26,2020,108.2
364,26,2021,135.6
364,27,2015,100.0
364,27,2016,106.8
364,27,2017,102.0
364,27,2018,93.7
364,27,2019,103.2
364,27,2020,109.1
364,27,2021,126.8
364,28,2015,100.0
364,28,2016,91.3
364,28,2017,95.0
364,28,2018,84.0
364,28,2019,96.1
364,28,2020,95.6
364,28,2021,108.4
364,29,2015,100.0
364,29,2016,106.7
364,29,2017,108.9
364,29,2018,102.1
364,29,2019,97.5
364,29,2020,106.9
364,29,2021,116.0
364,30,2015,100.0
364,30,2016,103.8
364,30,2017,76.6
364,30,2018,84.7
364,30,2019,84.7
364,30,2020,95.0
364,30,2021,80.0
364,31,2015,100.0
364,31,2016,112.7
364,31,2017,86.4
364,31,2018,78.5
364,31,2019,71.1
364,31,2020,77.4
364,31,2021,76.4
364,32,2015,100.0
364,32,2016,94.8
364,32,2017,106.2
364,32,2018,127.3
364,32,2019,124.7
364,32,2020,152.6
364,32,2021,145.7
364,33,2015,100.0
364,33,2016,131.0
364,33,2017,132.1
364,33,2018,93.8
364,33,2019,107.1
364,33,2020,82.7
364,33,2021,71.5
368,10,2013,100.0
368,10,2014,162.5
368,10,2015,177.0
368,10,2016,186.8
368,10,2017,190.5
368,10,2018,250.9
368,10,2019,55.4
368,10,2020,208.4
368,10,2021,269.9
368,10,2022,259.8
368,11,2013,100.0
368,11,2014,140.5
368,11,2015,145.8
368,11,2016,139.3
368,11,2017,147.5
368,11,2018,159.5
368,11,2019,118.8
368,11,2020,143.2
368,11,2021,170.0
368,11,2022,114.3
368,12,2013,
368,12,2014,inf
368,12,2015,inf
368,12,2016,inf
368,12,2017,
368,12,2018,
368,12,2019,
368,12,2020,
368,12,2021,
368,13,2013,100.0
368,13,2014,93.0
368,13,2015,80.4
368,13,2016,25.4
368,13,2017,24.3
368,13,2018,24.4
368,13,2019,56.5
368,13,2020,40.6
368,13,2021,21.4
368,13,2022,26.9
368,14,2013,100.0
368,14,2014,33.9
368,14,2015,37.6
368,14,2016,44.2
368,14,2017,63.7
368,14,2018,81.4
368,14,2019,97.5
368,14,2020,74.4
368,14,2021,61.9
368,14,2022,67.5
368,15,2013,100.0
368,15,2014,95.2
368,15,2015,88.2
368,15,2016,81.2
368,15,2017,74.0
368,15,2018,67.6
368,15,2019,64.8
368,15,2020,74.7
368,15,2021,70.1
368,15,2022,69.5
368,16,2013,100.0
368,16,2014,61.9
368,16,2015,119.5
368,16,2016,180.9
368,16,2017,387.9
368,16,2018,281.3
368,16,2019,6.6
368,16,2020,349.0
368,16,2021,607.0
368,16,2022,1190.3
368,17,2013,100.0
368,17,2014,8.6
368,17,2015,4.5
368,17,2016,8.6
368,17,2017,47.5
368,17,2018,46.6
368,17,2019,30.3
368,17,2020,34.8
368,17,2021,320.4
368,17,2022,67.4
368,18,2013,100.0
368,18,2014,81.7
368,18,2015,101.1
368,18,2016,97.0
368,18,2017,89.8
368,18,2018,91.4
368,18,2019,43.2
368,18,2020,122.8
368,18,2021,143.8
368,18,2022,152.0
368,19,2013,100.0
368,19,2014,67.4
368,19,2015,71.6
368,19,2016,75.3
368,19,2017,82.2
368,19,2018,86.5
368,19,2019,125.7
368,19,2020,80.9
368,19,2021,118.0
368,19,2022,132.9
368,20,2013,100.0
368,20,2014,100.5
368,20,2015,93.6
368,20,2016,71.7
368,20,2017,71.3
368,20,2018,60.5
368,20,2019,51.1
368,20,2020,43.8
368,20,2021,46.5
368,20,2022,65.8
368,21,2013,100.0
368,21,2014,2.9
368,21,2015,3.2
368,21,2016,1.9
368,21,2017,83.2
368,21,2018,78.3
368,21,2019,77.7
368,21,2020,77.7
368,21,2021,4.6
368,21,2022,6.3
368,22,2013,100.0
368,22,2014,94.8
368,22,2015,92.3
368,22,2016,368.1
368,22,2017,257.6
368,22,2018,358.3
368,22,2019,132.9
368,22,2020,230.2
368,22,2021,242.4
368,22,2022,506.4
368,23,2013,100.0
368,23,2014,76.0
368,23,2015,70.3
368,23,2016,60.2
368,23,2017,59.9
368,23,2018,54.3
368,23,2019,41.9
368,23,2020,50.1
368,23,2021,51.9
368,23,2022,68.9
368,24,2013,100.0
368,24,2014,29.2
368,24,2015,31.4
368,24,2016,74.1
368,24,2017,66.6
368,24,2018,1.7
368,24,2019,2.5
368,24,2020,2.7
368,24,2022,5.3
368,25,2013,100.0
368,25,2014,125.9
368,25,2015,67.3
368,25,2016,73.8
368,25,2017,84.3
368,25,2018,60.3
368,25,2019,9.9
368,25,2020,36.1
368,25,2021,55.4
368,25,2022,71.4
368,26,2013,100.0
368,26,2014,95.0
368,26,2015,98.1
368,26,2016,80.3
368,26,2017,72.9
368,26,2018,28.5
368,26,2019,0.0
368,26,2020,25.9
368,26,2021,70.1
368,26,2022,288.4
368,27,2013,100.0
368,27,2014,116.2
368,27,2015,104.1
368,27,2016,94.9
368,27,2017,93.9
368,27,2018,94.6
368,27,2019,101.5
368,27,2020,84.0
368,27,2021,96.3
368,27,2022,75.0
368,28,2013,100.0
368,28,2014,96.7
368,28,2015,91.1
368,28,2016,40.2
368,28,2017,116.2
368,28,2018,160.7
368,28,2019,147.1
368,28,2020,138.5
368,28,2021,106.3
368,28,2022,65.2
368,29,2013,100.0
368,29,2014,96.2
368,29,2015,92.3
368,29,2016,217.5
368,29,2017,217.7
368,29,2018,218.4
368,29,2019,168.4
368,29,2020,199.0
368,29,2021,198.5
368,29,2022,199.2
368,30,2013,100.0
368,30,2014,89.1
368,30,2015,83.2
368,30,2016,72.7
368,30,2017,77.7
368,30,2018,14.3
368,30,2019,0.0
368,30,2020,3.4
368,30,2021,8.0
368,30,2022,10.9
368,31,2013,100.0
368,31,2014,66.1
368,31,2015,65.5
368,31,2016,81.1
368,31,2017,87.5
368,31,2018,81.0
368,31,2019,0.7
368,31,2020,49.8
368,31,2021,59.0
368,31,2022,69.2
368,32,2013,100.0
368,32,2014,2.9
368,32,2015,2.8
368,32,2016,4.3
368,32,2017,3.5
368,32,2018,8.1
368,32,2019,0.0
368,32,2020,0.9
368,32,2021,1.0
368,32,2022,4.1
372,10,2012,100.0
372,10,2013,101.4
372,10,2014,104.3
372,10,2015,114.1
372,10,2016,119.7
372,10,2017,121.9
372,10,2019,130.6
372,10,2021,132.6
372,10,2022,140.6
372,10,2023,145.3
372,11,2006,100.0
372,11,2007,103.3
372,11,2008,96.7
372,11,2009,87.6
372,11,2010,63.4
372,11,2011,87.5
372,11,2012,87.2
372,11,2013,87.9
372,11,2014,85.2
372,11,2022,89.7
372,13,2012,100.0
372,13,2013,96.5
372,13,2014,99.4
372,13,2015,105.0
372,13,2016,111.3
372,13,2017,116.0
372,13,2019,111.9
372,13,2021,103.0
372,13,2022,112.9
372,13,2023,110.2
372,14,2013,100.0
372,14,2014,93.9
372,14,2015,74.1
372,14,2016,80.6
372,14,2017,79.5
372,14,2019,88.2
372,14,2020,67.1
372,14,2021,74.9
372,14,2022,96.9
372,14,2023,110.6
372,15,2010,100.0
372,15,2011,109.8
372,15,2012,106.6
372,15,2013,107.4
372,15,2014,117.2
372,15,2015,135.2
372,15,2016,139.3
372,15,2017,141.8
372,15,2019,141.8
372,15,2021,169.7
372,16,2013,100.0
372,16,2014,105.1
372,16,2015,113.4
372,16,2016,126.1
372,16,2017,136.6
372,16,2019,152.4
372,16,2020,150.4
372,16,2021,161.8
372,16,2022,177.5
372,16,2023,174.0
372,17,2013,100.0
372,17,2014,103.2
372,17,2015,107.8
372,17,2016,107.3
372,17,2017,107.2
372,17,2019,117.1
372,17,2020,126.2
372,17,2021,128.1
372,17,2022,132.7
372,17,2023,133.4
372,18,2011,100.0
372,18,2012,94.0
372,18,2013,89.8
372,18,2014,90.5
372,18,2015,88.5
372,18,2016,97.9
372,18,2017,98.7
372,18,2019,96.5
372,18,2021,76.3
372,18,2023,74.0
372,20,2008,100.0
372,20,2009,76.1
372,20,2010,86.2
372,20,2011,88.5
372,20,2012,92.0
372,20,2013,90.2
372,20,2014,91.7
372,20,2021,133.0
372,20,2022,138.6
372,20,2023,138.1
372,21,2007,100.0
372,21,2008,113.5
372,21,2009,123.1
372,21,2010,104.8
372,21,2011,95.9
372,21,2012,99.4
372,21,2013,89.5
372,21,2014,110.6
372,21,2021,165.1
372,21,2022,179.7
372,22,2013,100.0
372,22,2014,101.3
372,22,2015,96.5
372,22,2016,123.2
372,22,2017,117.3
372,22,2019,124.7
372,22,2020,112.1
372,22,2021,119.2
372,22,2022,126.1
372,22,2023,127.5
372,23,2012,100.0
372,23,2013,100.0
372,23,2014,106.8
372,23,2015,114.8
372,23,2016,127.7
372,23,2017,136.8
372,23,2019,144.0
372,23,2020,145.4
372,23,2021,153.2
372,23,2022,164.1
372,24,2011,100.0
372,24,2012,95.0
372,24,2013,101.4
372,24,2014,110.1
372,24,2015,111.5
372,24,2016,118.8
372,24,2017,129.6
372,24,2019,144.2
372,24,2020,143.1
372,24,2021,150.1
372,25,2013,100.0
372,25,2014,109.3
372,25,2015,116.8
372,25,2016,129.1
372,25,2017,132.1
372,25,2019,148.4
372,25,2020,143.4
372,25,2021,149.6
372,25,2022,163.6
372,25,2023,169.7
372,26,2007,100.0
372,26,2008,79.7
372,26,2009,59.7
372,26,2010,60.1
372,26,2011,63.8
372,26,2012,56.2
372,26,2013,59.6
372,26,2014,63.4
372,26,2021,82.8
372,26,2022,89.7
372,27,2012,100.0
372,27,2013,101.4
372,27,2014,100.4
372,27,2015,97.1
372,27,2016,102.8
372,27,2017,107.2
372,27,2019,124.2
372,27,2020,130.5
372,27,2021,107.3
372,27,2022,117.5
372,28,2008,100.0
372,28,2009,97.1
372,28,2010,85.6
372,28,2011,89.4
372,28,2012,93.4
372,28,2013,95.8
372,28,2014,101.1
372,28,2021,111.6
372,28,2022,122.2
372,28,2023,123.1
372,29,2011,100.0
372,29,2012,103.2
372,29,2013,103.5
372,29,2014,104.9
372,29,2015,112.9
372,29,2016,115.4
372,29,2017,114.5
372,29,2019,144.6
372,29,2020,133.2
372,29,2021,121.6
372,30,2012,100.0
372,30,2013,92.6
372,30,2014,45.5
372,30,2015,33.3
372,30,2016,27.2
372,30,2017,31.8
372,30,2019,54.1
372,30,2021,55.7
372,30,2022,84.2
372,30,2023,88.4
372,31,2006,100.0
372,31,2008,123.6
372,31,2009,88.6
372,31,2010,71.5
372,31,2011,63.2
372,31,2012,59.1
372,31,2013,58.3
372,31,2014,62.5
372,32,2007,100.0
372,32,2008,119.3
372,32,2009,112.0
372,32,2010,109.4
372,32,2011,111.9
372,32,2012,106.5
372,32,2013,113.6
372,32,2014,116.2
372,32,2022,173.6
372,32,2023,185.0
372,33,2008,100.0
372,33,2009,84.0
372,33,2010,96.5
372,33,2011,96.0
372,33,2012,100.0
372,33,2013,106.4
372,33,2014,117.2
372,33,2021,156.3
372,33,2022,167.1
372,33,2023,168.4
380,10,2014,100.0
380,10,2015,101.0
380,10,2016,104.7
380,10,2017,109.0
380,10,2018,110.8
380,10,2019,113.6
380,10,2020,114.5
380,10,2021,116.6
380,10,2022,116.4
380,10,2023,120.6
380,11,2014,100.0
380,11,2015,98.7
380,11,2016,106.3
380,11,2017,110.5
380,11,2018,113.9
380,11,2019,115.7
380,11,2020,112.0
380,11,2021,114.1
380,11,2022,116.8
380,11,2023,116.3
380,12,2013,100.0
380,12,2014,100.8
380,12,2015,85.3
380,12,2016,201.0
380,12,2017,342.8
380,12,2018,373.4
380,12,2019,517.7
380,12,2020,516.5
380,12,2021,506.1
380,12,2023,618.0
380,13,2014,100.0
380,13,2015,98.1
380,13,2016,94.3
380,13,2017,95.2
380,13,2018,93.4
380,13,2019,92.0
380,13,2020,88.2
380,13,2021,87.3
380,13,2022,89.0
380,13,2023,89.6
380,14,2014,100.0
380,14,2015,99.8
380,14,2016,101.4
380,14,2017,106.4
380,14,2018,106.0
380,14,2019,107.5
380,14,2020,104.3
380,14,2021,101.9
380,14,2022,103.0
380,14,2023,109.4
380,15,2014,100.0
380,15,2015,100.3
380,15,2016,102.1
380,15,2017,105.5
380,15,2018,108.4
380,15,2019,110.0
380,15,2020,104.2
380,15,2021,104.6
380,15,2022,108.4
380,15,2023,109.8
380,16,2014,100.0
380,16,2015,93.9
380,16,2016,91.4
380,16,2017,90.9
380,16,2018,89.3
380,16,2019,87.5
380,16,2020,83.4
380,16,2021,86.1
380,16,2022,89.9
380,16,2023,89.4
380,17,2014,100.0
380,17,2015,98.9
380,17,2016,100.4
380,17,2017,102.5
380,17,2018,103.9
380,17,2019,104.3
380,17,2020,105.5
380,17,2021,106.6
380,17,2022,110.3
380,17,2023,111.1
380,18,2014,100.0
380,18,2015,96.7
380,18,2016,104.7
380,18,2017,100.9
380,18,2018,98.7
380,18,2019,97.4
380,18,2020,92.5
380,18,2021,90.5
380,18,2022,88.3
380,18,2023,87.8
380,19,2013,100.0
380,19,2014,84.6
380,19,2015,83.2
380,19,2016,82.8
380,19,2017,86.0
380,19,2018,85.0
380,19,2019,89.2
380,19,2020,88.3
380,19,2021,89.1
380,19,2023,135.0
380,20,2014,100.0
380,20,2015,98.7
380,20,2016,101.1
380,20,2017,110.3
380,20,2018,111.7
380,20,2019,112.9
380,20,2020,106.1
380,20,2021,106.6
380,20,2022,109.0
380,20,2023,110.4
380,21,2014,100.0
380,21,2015,101.0
380,21,2016,102.6
380,21,2017,112.4
380,21,2018,115.8
380,21,2019,117.2
380,21,2020,119.0
380,21,2021,114.9
380,21,2022,113.7
380,21,2023,113.7
380,22,2014,100.0
380,22,2015,99.7
380,22,2016,101.5
380,22,2017,104.2
380,22,2018,105.7
380,22,2019,107.3
380,22,2020,107.6
380,22,2021,110.3
380,22,2022,111.4
380,22,2023,111.6
380,23,2014,100.0
380,23,2015,94.3
380,23,2016,92.9
380,23,2017,90.7
380,23,2018,90.9
380,23,2019,89.8
380,23,2020,88.2
380,23,2021,90.2
380,23,2022,91.5
380,23,2023,92.9
380,24,2014,100.0
380,24,2015,98.6
380,24,2016,97.4
380,24,2017,98.3
380,24,2018,98.3
380,24,2019,100.0
380,24,2020,95.2
380,24,2021,97.2
380,24,2022,98.0
380,24,2023,98.9
380,25,2014,100.0
380,25,2015,99.5
380,25,2016,101.2
380,25,2017,103.0
380,25,2018,110.7
380,25,2019,111.5
380,25,2020,115.3
380,25,2021,118.9
380,25,2022,122.5
380,25,2023,126.5
380,26,2014,100.0
380,26,2015,97.8
380,26,2016,87.0
380,26,2017,87.2
380,26,2018,89.0
380,26,2019,90.8
380,26,2020,91.0
380,26,2021,92.6
380,26,2022,96.7
380,26,2023,98.5
380,27,2014,100.0
380,27,2015,96.5
380,27,2016,96.8
380,27,2017,96.1
380,27,2018,96.3
380,27,2019,97.9
380,27,2020,94.9
380,27,2021,99.5
380,27,2022,100.8
380,27,2023,97.7
380,28,2014,100.0
380,28,2015,100.2
380,28,2016,102.5
380,28,2017,106.0
380,28,2018,105.4
380,28,2019,108.0
380,28,2020,107.4
380,28,2021,108.1
380,28,2022,110.9
380,28,2023,113.2
380,29,2014,100.0
380,29,2015,100.8
380,29,2016,102.0
380,29,2017,110.2
380,29,2018,112.1
380,29,2019,106.4
380,29,2020,109.0
380,29,2021,106.1
380,29,2022,106.0
380,29,2023,105.8
380,30,2014,100.0
380,30,2015,98.7
380,30,2016,116.6
380,30,2017,119.1
380,30,2018,120.3
380,30,2019,124.7
380,30,2020,127.5
380,30,2021,131.1
380,30,2022,135.7
380,30,2023,146.3
380,31,2014,100.0
380,31,2015,96.4
380,31,2016,98.2
380,31,2017,99.5
380,31,2018,98.4
380,31,2019,98.0
380,31,2020,95.7
380,31,2021,96.2
380,31,2022,98.4
380,31,2023,98.8
380,32,2014,100.0
380,32,2015,102.3
380,32,2016,107.3
380,32,2017,109.2
380,32,2018,113.0
380,32,2019,116.9
380,32,2020,115.6
380,32,2021,118.3
380,32,2022,120.5
380,32,2023,123.4
380,33,2014,100.0
380,33,2015,102.3
380,33,2016,102.7
380,33,2017,106.4
380,33,2018,103.3
380,33,2019,111.2
380,33,2020,103.9
380,33,2021,106.7
380,33,2022,110.7
380,33,2023,117.3
392,10,2008,100.0
392,10,2009,100.8
392,10,2010,100.8
392,10,2012,98.0
392,10,2013,98.9
392,10,2014,98.9
392,11,2008,100.0
392,11,2009,99.3
392,11,2010,97.5
392,11,2012,95.3
392,11,2013,95.4
392,11,2014,94.4
392,12,2008,100.0
392,12,2009,100.4
392,12,2010,94.3
392,12,2012,89.9
392,12,2013,83.4
392,12,2014,82.3
392,13,2008,100.0
392,13,2009,91.0
392,13,2010,87.1
392,13,2012,84.7
392,13,2013,82.2
392,13,2014,81.6
392,14,2008,100.0
392,14,2009,89.8
392,14,2010,85.5
392,14,2012,81.5
392,14,2013,78.4
392,14,2014,74.3
392,15,2008,100.0
392,15,2009,89.3
392,15,2010,83.3
392,15,2012,76.3
392,15,2013,77.7
392,15,2014,74.8
392,16,2008,100.0
392,16,2009,91.7
392,16,2010,86.2
392,16,2012,83.0
392,16,2013,81.4
392,16,2014,80.2
392,17,2008,100.0
392,17,2009,96.3
392,17,2010,94.3
392,17,2012,92.4
392,17,2013,90.6
392,17,2014,90.2
392,18,2008,100.0
392,18,2009,96.5
392,18,2010,93.5
392,18,2012,88.9
392,18,2013,87.3
392,18,2014,84.3
392,19,2008,100.0
392,19,2009,103.5
392,19,2010,103.2
392,19,2012,101.3
392,19,2013,100.0
392,19,2014,101.3
392,20,2008,100.0
392,20,2009,100.2
392,20,2010,99.0
392,20,2012,98.8
392,20,2013,98.9
392,20,2014,98.2
392,21,2008,100.0
392,21,2009,104.0
392,21,2010,104.3
392,21,2012,102.1
392,21,2013,102.1
392,21,2014,102.8
392,22,2008,100.0
392,22,2009,95.1
392,22,2010,95.9
392,22,2012,96.0
392,22,2013,93.2
392,22,2014,92.1
392,23,2008,100.0
392,23,2009,92.1
392,23,2010,89.6
392,23,2012,86.4
392,23,2013,85.7
392,23,2014,85.2
392,24,2008,100.0
392,24,2009,95.7
392,24,2010,96.0
392,24,2012,95.5
392,24,2013,93.7
392,24,2014,93.2
392,25,2008,100.0
392,25,2009,91.2
392,25,2010,90.4
392,25,2012,89.8
392,25,2013,88.8
392,25,2014,88.7
392,26,2008,100.0
392,26,2009,92.3
392,26,2010,90.7
392,26,2012,79.7
392,26,2013,77.1
392,26,2014,75.3
392,27,2008,100.0
392,27,2009,97.6
392,27,2010,97.2
392,27,2012,93.3
392,27,2013,93.2
392,27,2014,94.9
392,28,2008,100.0
392,28,2009,91.1
392,28,2010,90.2
392,28,2012,89.0
392,28,2013,89.0
392,28,2014,89.2
392,29,2008,100.0
392,29,2009,94.9
392,29,2010,95.0
392,29,2012,95.9
392,29,2013,97.2
392,29,2014,97.2
392,30,2008,100.0
392,30,2009,100.5
392,30,2010,104.6
392,30,2012,102.8
392,30,2013,104.6
392,30,2014,102.9
392,31,2008,100.0
392,31,2009,90.4
392,31,2010,85.9
392,31,2012,84.5
392,31,2013,85.5
392,31,2014,85.1
392,32,2008,100.0
392,32,2009,95.9
392,32,2010,92.5
392,32,2012,91.0
392,32,2013,91.4
392,32,2014,90.9
392,33,2008,
392,33,2009,
392,33,2010,
392,33,2012,
392,33,2013,
392,33,2014,
398,10,2014,100.0
398,10,2015,89.6
398,10,2016,75.5
398,10,2017,77.6
398,10,2018,81.6
398,10,2019,84.3
398,10,2020,81.0
398,10,2021,77.9
398,10,2022,80.4
398,10,2023,84.9
398,11,2014,100.0
398,11,2015,83.8
398,11,2016,77.3
398,11,2017,73.8
398,11,2018,76.3
398,11,2019,72.1
398,11,2020,76.6
398,11,2021,76.0
398,11,2022,79.1
398,11,2023,80.4
398,12,2014,100.0
398,12,2015,92.9
398,12,2016,87.3
398,12,2017,85.6
398,12,2018,83.5
398,12,2019,82.3
398,12,2020,79.7
398,12,2021,77.2
398,12,2022,75.4
398,12,2023,81.2
398,13,2014,100.0
398,13,2015,94.7
398,13,2016,95.3
398,13,2017,91.8
398,13,2018,95.7
398,13,2019,94.7
398,13,2020,72.9
398,13,2021,74.4
398,13,2022,65.4
398,13,2023,65.1
398,14,2014,100.0
398,14,2015,90.9
398,14,2016,97.4
398,14,2017,98.3
398,14,2018,96.6
398,14,2019,101.1
398,14,2020,103.2
398,14,2021,102.2
398,14,2022,101.0
398,14,2023,105.9
398,15,2014,100.0
398,15,2015,86.1
398,15,2016,78.9
398,15,2017,83.1
398,15,2018,79.2
398,15,2019,68.5
398,15,2020,63.7
398,15,2021,65.7
398,15,2022,61.0
398,15,2023,46.1
398,16,2014,100.0
398,16,2015,56.7
398,16,2016,41.6
398,16,2017,28.9
398,16,2018,18.5
398,16,2019,26.5
398,16,2020,25.0
398,16,2021,25.9
398,16,2022,27.9
398,16,2023,16.2
398,17,2014,100.0
398,17,2015,86.9
398,17,2016,83.8
398,17,2017,118.1
398,17,2018,124.4
398,17,2019,131.6
398,17,2020,136.0
398,17,2021,153.1
398,17,2022,110.7
398,17,2023,154.7
398,18,2014,100.0
398,18,2015,70.7
398,18,2016,59.5
398,18,2017,52.9
398,18,2018,53.3
398,18,2019,51.9
398,18,2020,50.5
398,18,2021,33.9
398,18,2022,40.2
398,18,2023,38.5
398,19,2014,100.0
398,19,2015,91.6
398,19,2016,84.3
398,19,2017,83.8
398,19,2018,87.2
398,19,2019,90.1
398,19,2020,85.7
398,19,2021,88.9
398,19,2022,86.7
398,19,2023,98.0
398,20,2014,100.0
398,20,2015,95.8
398,20,2016,96.1
398,20,2017,94.1
398,20,2018,93.9
398,20,2019,97.4
398,20,2020,100.4
398,20,2021,109.9
398,20,2022,105.7
398,20,2023,121.7
398,21,2014,100.0
398,21,2015,83.3
398,21,2016,86.0
398,21,2017,106.0
398,21,2018,121.2
398,21,2019,122.8
398,21,2020,125.7
398,21,2021,123.7
398,21,2022,131.6
398,21,2023,129.2
398,22,2014,100.0
398,22,2015,74.1
398,22,2016,68.3
398,22,2017,64.7
398,22,2018,53.7
398,22,2019,48.0
398,22,2020,60.8
398,22,2021,65.7
398,22,2022,80.0
398,22,2023,93.3
398,23,2014,100.0
398,23,2015,83.5
398,23,2016,69.4
398,23,2017,67.3
398,23,2018,66.0
398,23,2019,65.2
398,23,2020,58.4
398,23,2021,60.2
398,23,2022,61.1
398,23,2023,60.8
398,24,2014,100.0
398,24,2015,96.7
398,24,2016,97.4
398,24,2017,100.5
398,24,2018,102.5
398,24,2019,107.1
398,24,2020,107.9
398,24,2021,107.0
398,24,2022,113.0
398,24,2023,114.5
398,25,2014,100.0
398,25,2015,92.5
398,25,2016,76.4
398,25,2017,62.8
398,25,2018,61.0
398,25,2019,57.4
398,25,2020,55.4
398,25,2021,50.5
398,25,2022,49.1
398,25,2023,53.2
398,26,2014,100.0
398,26,2015,85.7
398,26,2016,80.1
398,26,2017,67.9
398,26,2018,46.1
398,26,2019,39.1
398,26,2020,25.2
398,26,2021,28.8
398,26,2022,25.8
398,26,2023,25.1
398,27,2014,100.0
398,27,2015,84.1
398,27,2016,80.0
398,27,2017,84.1
398,27,2018,91.0
398,27,2019,95.9
398,27,2020,96.7
398,27,2021,94.6
398,27,2022,74.8
398,27,2023,91.9
398,28,2014,100.0
398,28,2015,81.9
398,28,2016,78.4
398,28,2017,72.9
398,28,2018,77.6
398,28,2019,81.6
398,28,2020,82.8
398,28,2021,82.2
398,28,2022,89.0
398,28,2023,99.7
398,29,2014,100.0
398,29,2015,82.9
398,29,2016,76.7
398,29,2017,82.8
398,29,2018,83.1
398,29,2019,121.2
398,29,2020,159.0
398,29,2021,155.4
398,29,2022,189.2
398,29,2023,242.6
398,30,2014,100.0
398,30,2015,111.0
398,30,2016,104.0
398,30,2017,102.9
398,30,2018,107.3
398,30,2019,103.9
398,30,2020,81.6
398,30,2021,87.4
398,30,2022,84.0
398,30,2023,90.6
398,31,2014,100.0
398,31,2015,57.5
398,31,2016,62.0
398,31,2017,67.9
398,31,2018,63.7
398,31,2019,65.6
398,31,2020,64.4
398,31,2021,60.1
398,31,2022,67.3
398,31,2023,44.4
398,32,2014,100.0
398,32,2015,95.1
398,32,2016,84.6
398,32,2017,75.4
398,32,2018,105.4
398,32,2019,113.7
398,32,2020,59.5
398,32,2021,61.7
398,32,2022,63.0
398,32,2023,61.2
398,33,2014,100.0
398,33,2015,94.6
398,33,2016,80.1
398,33,2017,69.3
398,33,2018,67.7
398,33,2019,68.3
398,33,2020,62.9
398,33,2021,62.2
398,33,2022,61.7
398,33,2023,59.7
400,10,2011,100.0
400,10,2012,104.7
400,10,2013,106.3
400,10,2014,109.5
400,10,2015,113.0
400,10,2016,134.8
400,10,2017,138.8
400,10,2018,123.1
400,11,2011,100.0
400,11,2012,93.0
400,11,2013,88.2
400,11,2014,82.3
400,11,2015,102.3
400,11,2016,93.6
400,11,2017,93.7
400,11,2018,101.6
400,12,2011,100.0
400,12,2012,84.1
400,12,2013,60.2
400,12,2014,69.7
400,12,2015,63.1
400,12,2016,41.0
400,12,2017,47.2
400,12,2018,39.2
400,13,2011,100.0
400,13,2012,99.7
400,13,2013,93.6
400,13,2014,87.8
400,13,2015,100.0
400,13,2016,94.5
400,13,2017,120.2
400,13,2018,113.6
400,14,2011,100.0
400,14,2012,105.5
400,14,2013,63.2
400,14,2014,67.4
400,14,2015,70.7
400,14,2016,101.6
400,14,2017,115.2
400,14,2018,141.6
400,15,2011,100.0
400,15,2012,53.6
400,15,2013,90.0
400,15,2014,57.5
400,15,2015,72.7
400,15,2016,76.9
400,15,2017,81.9
400,15,2018,60.7
400,16,2011,100.0
400,16,2012,86.7
400,16,2013,82.0
400,16,2014,82.0
400,16,2015,115.9
400,16,2016,135.8
400,16,2017,127.3
400,16,2018,86.9
400,17,2011,100.0
400,17,2012,100.4
400,17,2013,95.0
400,17,2014,92.5
400,17,2015,80.6
400,17,2016,113.8
400,17,2017,131.8
400,17,2018,114.6
400,18,2011,100.0
400,18,2012,103.8
400,18,2013,99.3
400,18,2014,100.1
400,18,2015,104.1
400,18,2016,129.0
400,18,2017,127.7
400,18,2018,91.2
400,19,2011,100.0
400,19,2012,99.8
400,19,2013,97.4
400,19,2014,97.2
400,19,2015,88.1
400,19,2016,86.7
400,19,2017,88.1
400,19,2018,66.3
400,20,2011,100.0
400,20,2012,105.9
400,20,2013,107.1
400,20,2014,112.3
400,20,2015,115.5
400,20,2016,123.9
400,20,2017,134.5
400,20,2018,116.2
400,21,2011,100.0
400,21,2012,110.0
400,21,2013,107.1
400,21,2014,119.3
400,21,2015,138.9
400,21,2016,168.0
400,21,2017,174.5
400,21,2018,147.5
400,22,2011,100.0
400,22,2012,96.1
400,22,2013,90.6
400,22,2014,91.3
400,22,2015,110.1
400,22,2016,143.5
400,22,2017,152.9
400,22,2018,129.8
400,23,2011,100.0
400,23,2012,95.7
400,23,2013,92.5
400,23,2014,95.0
400,23,2015,103.6
400,23,2016,112.6
400,23,2017,113.4
400,23,2018,88.9
400,24,2011,100.0
400,24,2012,88.7
400,24,2013,83.4
400,24,2014,84.3
400,24,2015,84.0
400,24,2016,125.6
400,24,2017,123.3
400,24,2018,122.1
400,25,2011,100.0
400,25,2012,92.6
400,25,2013,100.6
400,25,2014,96.8
400,25,2015,102.8
400,25,2016,108.3
400,25,2017,115.2
400,25,2018,101.2
400,26,2011,100.0
400,26,2012,105.8
400,26,2013,119.3
400,26,2014,121.4
400,26,2015,102.2
400,26,2016,102.0
400,26,2017,111.7
400,26,2018,73.5
400,27,2011,100.0
400,27,2012,55.7
400,27,2013,61.1
400,27,2014,57.1
400,27,2015,59.8
400,27,2016,62.8
400,27,2017,70.1
400,27,2018,61.4
400,28,2011,100.0
400,28,2012,100.2
400,28,2013,106.6
400,28,2014,111.2
400,28,2015,118.2
400,28,2016,133.0
400,28,2017,134.0
400,28,2018,123.2
400,29,2011,100.0
400,29,2012,93.8
400,29,2013,67.9
400,29,2014,65.5
400,29,2015,88.7
400,29,2016,108.7
400,29,2017,157.8
400,29,2018,140.3
400,31,2011,100.0
400,31,2012,98.8
400,31,2013,91.0
400,31,2014,92.2
400,31,2015,112.5
400,31,2016,149.4
400,31,2017,152.1
400,31,2018,164.9
400,32,2011,100.0
400,32,2012,98.9
400,32,2013,97.2
400,32,2014,88.5
400,32,2015,99.3
400,32,2016,142.9
400,32,2017,160.3
400,32,2018,79.5
400,33,2011,100.0
400,33,2012,98.5
400,33,2013,95.5
400,33,2014,98.3
400,33,2015,156.3
400,33,2016,155.4
400,33,2017,161.3
400,33,2018,120.6
404,10,2019,100.0
404,10,2020,91.7
404,10,2021,94.8
404,10,2022,94.8
404,10,2023,96.4
404,11,2019,100.0
404,11,2020,86.5
404,11,2021,89.6
404,11,2022,91.9
404,11,2023,92.7
404,12,2019,100.0
404,12,2020,99.4
404,12,2021,102.4
404,12,2022,101.7
404,12,2023,99.4
404,13,2019,100.0
404,13,2020,83.5
404,13,2021,92.1
404,13,2022,102.8
404,13,2023,103.8
404,14,2019,100.0
404,14,2020,85.6
404,14,2021,94.8
404,14,2022,118.5
404,14,2023,126.0
404,15,2019,100.0
404,15,2020,83.7
404,15,2021,87.2
404,15,2022,88.0
404,15,2023,89.2
404,16,2019,100.0
404,16,2020,98.9
404,16,2021,99.3
404,16,2022,98.6
404,16,2023,98.7
404,17,2019,100.0
404,17,2020,85.4
404,17,2021,94.8
404,17,2022,98.2
404,17,2023,100.1
404,18,2019,100.0
404,18,2020,78.0
404,18,2021,90.2
404,18,2022,93.4
404,18,2023,99.5
404,20,2019,100.0
404,20,2020,96.2
404,20,2021,100.7
404,20,2022,102.1
404,20,2023,102.6
404,21,2019,100.0
404,21,2020,95.5
404,21,2021,100.2
404,21,2022,102.5
404,21,2023,109.6
404,22,2019,100.0
404,22,2020,94.4
404,22,2021,99.2
404,22,2022,100.9
404,22,2023,107.8
404,23,2019,100.0
404,23,2020,97.2
404,23,2021,103.0
404,23,2022,105.9
404,23,2023,109.1
404,24,2019,100.0
404,24,2020,91.6
404,24,2021,98.8
404,24,2022,100.8
404,24,2023,104.2
404,25,2019,100.0
404,25,2020,84.1
404,25,2021,97.4
404,25,2022,101.7
404,25,2023,101.7
404,26,2019,100.0
404,26,2020,94.8
404,26,2021,98.8
404,26,2022,100.0
404,26,2023,100.0
404,27,2019,100.0
404,27,2020,94.9
404,27,2021,102.7
404,27,2022,108.5
404,27,2023,113.8
404,28,2019,100.0
404,28,2020,90.1
404,28,2021,99.3
404,28,2022,102.8
404,28,2023,104.1
404,29,2019,100.0
404,29,2020,93.0
404,29,2021,101.0
404,29,2022,103.7
404,29,2023,105.0
404,30,2019,100.0
404,30,2020,109.1
404,30,2021,109.6
404,30,2022,110.9
404,30,2023,113.6
404,31,2019,100.0
404,31,2020,77.7
404,31,2021,82.2
404,31,2022,81.4
404,31,2023,87.5
404,32,2019,100.0
404,32,2020,87.3
404,32,2021,102.8
404,32,2022,100.5
404,32,2023,101.4
404,33,2019,100.0
404,33,2020,101.2
404,33,2021,107.3
404,33,2022,108.9
404,33,2023,110.7
410,10,2014,100.0
410,10,2015,134.9
410,10,2016,106.9
410,10,2017,108.6
410,10,2018,114.3
410,10,2019,115.2
410,10,2020,122.9
410,10,2021,125.3
410,10,2022,129.3
410,10,2023,132.7
410,11,2014,100.0
410,11,2015,127.9
410,11,2016,113.0
410,11,2017,113.6
410,11,2018,120.0
410,11,2019,120.9
410,11,2020,116.8
410,11,2021,119.9
410,11,2022,121.6
410,11,2023,124.1
410,12,2014,100.0
410,12,2015,97.4
410,12,2016,96.9
410,12,2017,109.8
410,12,2018,108.9
410,12,2019,120.8
410,12,2020,120.2
410,12,2021,120.4
410,12,2022,125.6
410,12,2023,132.3
410,13,2014,100.0
410,13,2015,142.2
410,13,2016,96.9
410,13,2017,91.4
410,13,2018,88.3
410,13,2019,82.8
410,13,2020,84.3
410,13,2021,80.2
410,13,2022,77.4
410,13,2023,72.1
410,14,2014,100.0
410,14,2015,169.9
410,14,2016,88.4
410,14,2017,81.8
410,14,2018,77.2
410,14,2019,74.5
410,14,2020,68.6
410,14,2021,66.4
410,14,2022,64.1
410,14,2023,62.3
410,15,2014,100.0
410,15,2015,163.7
410,15,2016,98.0
410,15,2017,90.6
410,15,2018,84.5
410,15,2019,75.7
410,15,2020,66.6
410,15,2021,65.1
410,15,2022,64.4
410,15,2023,57.1
410,16,2014,100.0
410,16,2015,185.2
410,16,2016,111.4
410,16,2017,110.6
410,16,2018,105.9
410,16,2019,102.3
410,16,2020,100.1
410,16,2021,100.7
410,16,2022,105.0
410,16,2023,103.2
410,17,2014,100.0
410,17,2015,128.7
410,17,2016,103.1
410,17,2017,100.0
410,17,2018,101.5
410,17,2019,102.3
410,17,2020,102.4
410,17,2021,105.0
410,17,2022,104.7
410,17,2023,105.8
410,18,2014,100.0
410,18,2015,198.0
410,18,2016,94.6
410,18,2017,89.1
410,18,2018,88.0
410,18,2019,88.0
410,18,2020,82.1
410,18,2021,80.6
410,18,2022,80.5
410,18,2023,92.0
410,19,2014,100.0
410,19,2015,111.1
410,19,2016,105.8
410,19,2017,109.2
410,19,2018,113.9
410,19,2019,118.8
410,19,2020,113.3
410,19,2021,117.8
410,19,2022,115.1
410,19,2023,119.7
410,20,2014,100.0
410,20,2015,125.4
410,20,2016,105.9
410,20,2017,105.7
410,20,2018,111.0
410,20,2019,115.2
410,20,2020,118.6
410,20,2021,123.6
410,20,2022,124.0
410,20,2023,121.3
410,21,2014,100.0
410,21,2015,125.0
410,21,2016,120.3
410,21,2017,130.0
410,21,2018,141.4
410,21,2019,146.0
410,21,2020,158.9
410,21,2021,171.9
410,21,2022,184.2
410,21,2023,192.5
410,22,2014,100.0
410,22,2015,128.0
410,22,2016,105.4
410,22,2017,106.7
410,22,2018,105.9
410,22,2019,101.1
410,22,2020,99.9
410,22,2021,100.6
410,22,2022,98.9
410,22,2023,96.0
410,23,2014,100.0
410,23,2015,133.2
410,23,2016,103.0
410,23,2017,103.5
410,23,2018,103.5
410,23,2019,102.1
410,23,2020,102.0
410,23,2021,101.2
410,23,2022,102.1
410,23,2023,101.2
410,24,2014,100.0
410,24,2015,111.8
410,24,2016,97.4
410,24,2017,98.4
410,24,2018,98.6
410,24,2019,97.5
410,24,2020,96.4
410,24,2021,96.1
410,24,2022,100.8
410,24,2023,101.5
410,25,2014,100.0
410,25,2015,152.7
410,25,2016,102.1
410,25,2017,100.5
410,25,2018,97.6
410,25,2019,97.0
410,25,2020,93.5
410,25,2021,92.2
410,25,2022,93.4
410,25,2023,94.4
410,26,2014,100.0
410,26,2015,112.8
410,26,2016,96.3
410,26,2017,96.6
410,26,2018,94.8
410,26,2019,92.7
410,26,2020,94.1
410,26,2021,95.4
410,26,2022,96.0
410,26,2023,93.7
410,27,2014,100.0
410,27,2015,134.4
410,27,2016,105.9
410,27,2017,107.2
410,27,2018,110.5
410,27,2019,110.9
410,27,2020,115.0
410,27,2021,118.3
410,27,2022,120.8
410,27,2023,116.4
410,28,2014,100.0
410,28,2015,131.7
410,28,2016,99.5
410,28,2017,105.4
410,28,2018,105.9
410,28,2019,105.7
410,28,2020,106.0
410,28,2021,107.6
410,28,2022,109.2
410,28,2023,109.6
410,29,2014,100.0
410,29,2015,111.4
410,29,2016,101.2
410,29,2017,99.5
410,29,2018,98.4
410,29,2019,94.9
410,29,2020,95.3
410,29,2021,94.1
410,29,2022,96.2
410,29,2023,96.2
410,30,2014,100.0
410,30,2015,104.4
410,30,2016,91.8
410,30,2017,78.7
410,30,2018,76.4
410,30,2019,75.2
410,30,2020,71.2
410,30,2021,69.7
410,30,2022,71.9
410,30,2023,77.7
410,31,2014,100.0
410,31,2015,165.1
410,31,2016,109.0
410,31,2017,110.8
410,31,2018,113.0
410,31,2019,110.7
410,31,2020,112.0
410,31,2021,111.6
410,31,2022,112.9
410,31,2023,114.2
410,32,2014,100.0
410,32,2015,190.1
410,32,2016,114.5
410,32,2017,118.1
410,32,2018,118.2
410,32,2019,124.1
410,32,2020,126.6
410,32,2021,132.4
410,32,2022,133.0
410,32,2023,133.5
410,33,2015,100.0
410,33,2016,37.8
410,33,2017,45.6
410,33,2018,52.2
410,33,2019,48.3
410,33,2020,62.6
410,33,2021,67.1
410,33,2022,70.0
410,33,2023,76.2
417,10,2014,100.0
417,10,2015,96.7
417,10,2016,98.2
417,10,2017,104.2
417,10,2018,108.0
417,10,2019,109.3
417,10,2020,107.1
417,10,2021,112.5
417,10,2022,117.7
417,10,2023,138.6
417,11,2014,100.0
417,11,2015,110.8
417,11,2016,105.3
417,11,2017,100.3
417,11,2018,101.8
417,11,2019,92.9
417,11,2020,80.7
417,11,2021,83.6
417,11,2022,82.6
417,11,2023,87.9
417,12,2014,100.0
417,12,2015,45.5
417,12,2016,34.0
417,12,2017,18.8
417,12,2018,24.1
417,12,2019,47.6
417,12,2020,26.2
417,12,2021,27.2
417,12,2022,27.7
417,12,2023,26.2
417,13,2014,100.0
417,13,2015,63.7
417,13,2016,54.3
417,13,2017,59.6
417,13,2018,61.9
417,13,2019,56.7
417,13,2020,49.4
417,13,2021,76.9
417,13,2022,85.9
417,13,2023,107.8
417,14,2014,100.0
417,14,2015,88.8
417,14,2016,101.3
417,14,2017,87.5
417,14,2018,88.8
417,14,2019,102.4
417,14,2020,149.0
417,14,2021,160.1
417,14,2022,224.2
417,14,2023,286.5
417,15,2014,100.0
417,15,2015,65.1
417,15,2016,87.5
417,15,2017,67.9
417,15,2018,47.7
417,15,2019,75.8
417,15,2020,52.3
417,15,2021,67.3
417,15,2022,67.0
417,15,2023,91.4
417,16,2014,100.0
417,16,2015,87.7
417,16,2016,68.2
417,16,2017,51.8
417,16,2018,69.2
417,16,2019,62.6
417,16,2020,64.1
417,16,2021,66.7
417,16,2022,75.9
417,16,2023,81.5
417,17,2014,100.0
417,17,2015,87.2
417,17,2016,87.5
417,17,2017,84.1
417,17,2018,77.9
417,17,2019,74.0
417,17,2020,73.0
417,17,2021,74.3
417,17,2022,74.1
417,17,2023,84.5
417,18,2014,100.0
417,18,2015,98.5
417,18,2016,90.4
417,18,2017,89.2
417,18,2018,86.7
417,18,2019,80.8
417,18,2020,67.2
417,18,2021,68.6
417,18,2022,69.4
417,18,2023,66.8
417,19,2014,100.0
417,19,2015,108.3
417,19,2016,113.4
417,19,2017,106.2
417,19,2018,118.0
417,19,2019,111.0
417,19,2020,82.0
417,19,2021,81.4
417,19,2022,43.6
417,19,2023,41.3
417,20,2014,100.0
417,20,2015,96.3
417,20,2016,88.1
417,20,2017,53.3
417,20,2018,78.7
417,20,2019,77.0
417,20,2020,62.3
417,20,2021,61.4
417,20,2022,61.4
417,20,2023,79.8
417,21,2014,100.0
417,21,2015,92.4
417,21,2016,83.4
417,21,2017,91.0
417,21,2018,111.7
417,21,2019,243.4
417,21,2020,285.5
417,21,2021,261.4
417,21,2022,251.0
417,21,2023,173.1
417,22,2014,100.0
417,22,2015,101.8
417,22,2016,92.8
417,22,2017,91.5
417,22,2018,94.9
417,22,2019,95.0
417,22,2020,83.5
417,22,2021,84.3
417,22,2022,93.6
417,22,2023,104.3
417,23,2014,100.0
417,23,2015,95.2
417,23,2016,88.1
417,23,2017,90.8
417,23,2018,98.3
417,23,2019,94.8
417,23,2020,84.6
417,23,2021,87.0
417,23,2022,89.7
417,23,2023,96.0
417,24,2014,100.0
417,24,2015,94.8
417,24,2016,94.5
417,24,2017,103.8
417,24,2018,124.3
417,24,2019,108.3
417,24,2020,103.8
417,24,2021,110.8
417,24,2022,118.2
417,24,2023,123.9
417,25,2014,100.0
417,25,2015,99.7
417,25,2016,86.5
417,25,2017,91.2
417,25,2018,98.5
417,25,2019,89.5
417,25,2020,84.2
417,25,2021,89.5
417,25,2022,99.8
417,25,2023,108.8
417,26,2014,100.0
417,26,2015,288.2
417,26,2016,429.4
417,26,2017,229.4
417,26,2018,288.2
417,26,2019,282.4
417,26,2020,288.2
417,26,2021,341.2
417,26,2022,682.4
417,26,2023,582.4
417,27,2014,100.0
417,27,2015,99.0
417,27,2016,93.6
417,27,2017,81.9
417,27,2018,74.8
417,27,2019,66.6
417,27,2020,62.3
417,27,2021,62.1
417,27,2022,52.8
417,27,2023,55.2
417,28,2014,100.0
417,28,2015,53.1
417,28,2016,46.9
417,28,2017,54.7
417,28,2018,68.1
417,28,2019,71.2
417,28,2020,104.1
417,28,2021,99.7
417,28,2022,49.1
417,28,2023,52.2
417,29,2014,100.0
417,29,2015,98.6
417,29,2016,97.4
417,29,2017,98.2
417,29,2018,96.1
417,29,2019,89.8
417,29,2020,88.3
417,29,2021,88.1
417,29,2022,89.3
417,29,2023,1.1
417,30,2018,100.0
417,30,2019,0.0
417,30,2020,3950.0
417,30,2021,3950.0
417,30,2022,2925.0
417,30,2023,2900.0
417,31,2014,100.0
417,31,2015,87.5
417,31,2016,80.9
417,31,2017,76.3
417,31,2018,79.1
417,31,2019,71.6
417,31,2020,51.0
417,31,2021,51.4
417,31,2022,62.2
417,31,2023,52.4
417,32,2014,100.0
417,32,2015,100.0
417,32,2016,95.7
417,32,2017,87.1
417,32,2018,77.7
417,32,2019,73.8
417,32,2020,52.8
417,32,2021,52.3
417,32,2022,75.5
417,32,2023,71.4
417,33,2014,
417,33,2015,inf
417,33,2016,inf
417,33,2017,inf
417,33,2018,inf
417,33,2019,inf
417,33,2020,inf
417,33,2021,inf
417,33,2022,inf
417,33,2023,inf
428,10,2014,100.0
428,10,2015,91.0
428,10,2016,89.9
428,10,2017,89.4
428,10,2018,88.9
428,10,2019,86.5
428,10,2020,87.0
428,10,2021,88.7
428,10,2022,84.7
428,10,2023,84.3
428,11,2014,100.0
428,11,2015,103.7
428,11,2016,105.9
428,11,2017,106.0
428,11,2018,109.3
428,11,2019,112.2
428,11,2020,108.8
428,11,2021,108.4
428,11,2022,111.8
428,11,2023,109.8
428,12,2014,100.0
428,12,2015,95.5
428,12,2016,86.4
428,12,2017,81.8
428,12,2018,40.9
428,12,2019,31.8
428,12,2020,13.6
428,12,2021,145.5
428,12,2022,4.5
428,12,2023,4.5
428,13,2014,100.0
428,13,2015,96.7
428,13,2016,94.9
428,13,2017,97.4
428,13,2018,99.1
428,13,2019,95.9
428,13,2020,89.1
428,13,2021,90.7
428,13,2022,90.1
428,13,2023,90.3
428,14,2014,100.0
428,14,2015,91.4
428,14,2016,90.3
428,14,2017,88.9
428,14,2018,88.2
428,14,2019,82.4
428,14,2020,75.5
428,14,2021,73.4
428,14,2022,68.9
428,14,2023,65.5
428,15,2014,100.0
428,15,2015,78.7
428,15,2016,75.4
428,15,2017,77.3
428,15,2018,72.6
428,15,2019,66.2
428,15,2020,56.3
428,15,2021,49.4
428,15,2022,40.9
428,15,2023,42.3
428,16,2014,100.0
428,16,2015,96.4
428,16,2016,95.6
428,16,2017,93.6
428,16,2018,93.4
428,16,2019,91.4
428,16,2020,90.8
428,16,2021,98.3
428,16,2022,95.7
428,16,2023,89.9
428,17,2014,100.0
428,17,2015,97.5
428,17,2016,102.2
428,17,2017,101.0
428,17,2018,104.4
428,17,2019,100.9
428,17,2020,99.0
428,17,2021,104.9
428,17,2022,106.1
428,17,2023,111.6
428,18,2014,100.0
428,18,2015,98.3
428,18,2016,93.5
428,18,2017,97.0
428,18,2018,99.2
428,18,2019,101.9
428,18,2020,100.5
428,18,2021,111.4
428,18,2022,107.8
428,18,2023,101.3
428,19,2014,100.0
428,19,2015,143.9
428,19,2016,114.6
428,19,2017,134.1
428,19,2018,124.4
428,19,2019,126.8
428,19,2020,56.1
428,19,2021,48.8
428,19,2022,48.8
428,19,2023,36.6
428,20,2014,100.0
428,20,2015,98.1
428,20,2016,99.5
428,20,2017,104.6
428,20,2018,113.9
428,20,2019,111.9
428,20,2020,107.6
428,20,2021,118.5
428,20,2022,115.9
428,20,2023,106.8
428,21,2014,100.0
428,21,2015,100.2
428,21,2016,103.8
428,21,2017,105.7
428,21,2018,109.3
428,21,2019,111.6
428,21,2020,115.2
428,21,2021,114.8
428,21,2022,109.1
428,21,2023,105.1
428,22,2014,100.0
428,22,2015,102.0
428,22,2016,99.9
428,22,2017,99.4
428,22,2018,109.8
428,22,2019,111.6
428,22,2020,108.4
428,22,2021,115.7
428,22,2022,108.4
428,22,2023,100.5
428,23,2014,100.0
428,23,2015,102.7
428,23,2016,106.4
428,23,2017,105.8
428,23,2018,110.4
428,23,2019,115.2
428,23,2020,112.3
428,23,2021,119.2
428,23,2022,108.5
428,23,2023,96.9
428,24,2014,100.0
428,24,2015,130.1
428,24,2016,89.1
428,24,2017,74.9
428,24,2018,67.0
428,24,2019,99.5
428,24,2020,100.3
428,24,2021,87.7
428,24,2022,89.2
428,24,2023,94.7
428,25,2014,100.0
428,25,2015,94.3
428,25,2016,94.6
428,25,2017,97.3
428,25,2018,100.0
428,25,2019,101.8
428,25,2020,104.0
428,25,2021,109.4
428,25,2022,107.8
428,25,2023,107.7
428,26,2014,100.0
428,26,2015,107.6
428,26,2016,112.2
428,26,2017,120.8
428,26,2018,126.2
428,26,2019,132.0
428,26,2020,136.0
428,26,2021,145.1
428,26,2022,156.4
428,26,2023,169.0
428,27,2014,100.0
428,27,2015,90.4
428,27,2016,94.4
428,27,2017,101.6
428,27,2018,111.5
428,27,2019,120.7
428,27,2020,125.4
428,27,2021,126.8
428,27,2022,138.3
428,27,2023,142.6
428,28,2014,100.0
428,28,2015,104.1
428,28,2016,100.4
428,28,2017,104.9
428,28,2018,105.8
428,28,2019,104.4
428,28,2020,101.7
428,28,2021,108.5
428,28,2022,96.9
428,28,2023,97.0
428,29,2014,100.0
428,29,2015,107.8
428,29,2016,111.7
428,29,2017,121.8
428,29,2018,135.2
428,29,2019,137.9
428,29,2020,124.4
428,29,2021,135.2
428,29,2022,142.4
428,29,2023,139.0
428,30,2014,100.0
428,30,2015,94.9
428,30,2016,89.7
428,30,2017,75.5
428,30,2018,73.1
428,30,2019,65.3
428,30,2020,66.1
428,30,2021,81.0
428,30,2022,81.6
428,30,2023,85.4
428,31,2014,100.0
428,31,2015,100.8
428,31,2016,102.7
428,31,2017,102.7
428,31,2018,100.4
428,31,2019,95.9
428,31,2020,95.7
428,31,2021,111.0
428,31,2022,103.8
428,31,2023,93.0
428,32,2014,100.0
428,32,2015,95.9
428,32,2016,98.0
428,32,2017,97.7
428,32,2018,101.9
428,32,2019,101.1
428,32,2020,96.2
428,32,2021,103.6
428,32,2022,102.7
428,32,2023,96.0
428,33,2014,100.0
428,33,2015,96.6
428,33,2016,97.6
428,33,2017,97.0
428,33,2018,74.1
428,33,2019,79.7
428,33,2020,73.6
428,33,2021,69.4
428,33,2022,68.7
428,33,2023,71.3
438,10,2014,100.0
438,10,2015,97.5
438,10,2016,97.5
438,10,2017,94.2
438,10,2018,96.0
438,10,2019,96.3
438,10,2020,93.1
438,10,2021,92.2
438,10,2022,95.3
438,10,2023,94.3
438,11,2014,100.0
438,11,2015,116.7
438,11,2016,166.7
438,11,2017,133.3
438,11,2018,133.3
438,11,2019,200.0
438,11,2020,300.0
438,11,2021,416.7
438,11,2022,416.7
438,11,2023,533.3
438,12,2012,
438,12,2013,
438,12,2014,
438,12,2015,
438,12,2016,
438,12,2017,
438,13,2014,100.0
438,13,2015,96.8
438,13,2016,108.1
438,13,2017,112.9
438,13,2018,114.5
438,13,2019,124.2
438,13,2020,119.4
438,13,2021,114.5
438,13,2022,98.4
438,13,2023,101.6
438,14,2014,100.0
438,14,2015,142.9
438,14,2016,71.4
438,14,2017,114.3
438,14,2018,128.6
438,14,2019,171.4
438,14,2020,228.6
438,14,2021,228.6
438,14,2022,171.4
438,14,2023,185.7
438,15,2013,100.0
438,15,2014,100.0
438,15,2015,100.0
438,15,2017,0.0
438,15,2018,0.0
438,15,2019,0.0
438,15,2020,0.0
438,15,2021,0.0
438,15,2022,0.0
438,15,2023,0.0
438,16,2014,100.0
438,16,2015,102.2
438,16,2016,98.2
438,16,2017,103.0
438,16,2018,111.8
438,16,2019,107.4
438,16,2020,111.4
438,16,2021,111.8
438,16,2022,110.3
438,16,2023,112.5
438,17,2014,
438,17,2015,
438,17,2016,
438,17,2017,
438,17,2018,
438,17,2019,
438,17,2020,
438,17,2021,
438,17,2022,
438,17,2023,
438,18,2014,100.0
438,18,2015,89.0
438,18,2016,89.0
438,18,2017,87.8
438,18,2018,86.6
438,18,2019,83.7
438,18,2020,76.7
438,18,2021,75.6
438,18,2022,77.3
438,18,2023,79.7
438,19,2014,
438,19,2015,
438,19,2016,
438,19,2017,
438,19,2018,
438,19,2019,
438,19,2020,
438,19,2021,
438,19,2022,
438,19,2023,
438,20,2014,100.0
438,20,2015,164.3
438,20,2016,188.6
438,20,2017,147.1
438,20,2018,157.1
438,20,2019,158.6
438,20,2020,150.0
438,20,2021,135.7
438,20,2022,128.6
438,20,2023,141.4
438,21,2014,
438,21,2015,
438,21,2016,
438,21,2017,
438,21,2018,
438,21,2019,
438,21,2020,
438,21,2021,
438,21,2022,
438,21,2023,
438,22,2014,100.0
438,22,2015,92.0
438,22,2016,88.0
438,22,2017,68.0
438,22,2018,76.0
438,22,2019,74.0
438,22,2020,16.0
438,22,2021,14.0
438,22,2022,14.0
438,22,2023,14.0
438,23,2014,100.0
438,23,2015,99.1
438,23,2016,88.4
438,23,2017,81.0
438,23,2018,80.5
438,23,2019,80.3
438,23,2020,76.5
438,23,2021,60.6
438,23,2022,52.1
438,23,2023,7.4
438,24,2014,100.0
438,24,2015,107.7
438,24,2016,115.4
438,24,2017,123.1
438,24,2018,253.8
438,24,2019,276.9
438,24,2020,253.8
438,24,2021,230.8
438,24,2022,253.8
438,24,2023,269.2
438,25,2014,100.0
438,25,2015,111.8
438,25,2016,114.2
438,25,2017,110.6
438,25,2018,116.2
438,25,2019,116.0
438,25,2020,112.5
438,25,2021,115.6
438,25,2022,121.5
438,25,2023,122.1
438,26,2014,100.0
438,26,2015,96.6
438,26,2016,99.2
438,26,2017,124.1
438,26,2018,131.6
438,26,2019,133.0
438,26,2020,135.8
438,26,2021,139.1
438,26,2022,149.4
438,26,2023,135.2
438,27,2014,100.0
438,27,2015,99.7
438,27,2016,89.9
438,27,2017,89.2
438,27,2018,90.2
438,27,2019,95.6
438,27,2020,97.8
438,27,2021,115.8
438,27,2022,119.0
438,27,2023,101.9
438,28,2014,100.0
438,28,2015,92.5
438,28,2016,90.6
438,28,2017,93.3
438,28,2018,95.1
438,28,2019,97.2
438,28,2020,95.4
438,28,2021,97.1
438,28,2022,99.6
438,28,2023,102.8
438,29,2014,100.0
438,29,2015,102.7
438,29,2016,113.2
438,29,2017,122.3
438,29,2018,124.5
438,29,2019,123.0
438,29,2020,120.1
438,29,2021,120.9
438,29,2022,122.8
438,29,2023,125.5
438,30,2014,100.0
438,30,2015,81.8
438,30,2016,59.1
438,30,2017,9.1
438,30,2018,4.5
438,30,2019,4.5
438,30,2020,4.5
438,30,2021,9.1
438,30,2022,4.5
438,30,2023,4.5
438,31,2014,100.0
438,31,2015,100.0
438,31,2016,107.1
438,31,2017,108.8
438,31,2018,101.8
438,31,2019,104.4
438,31,2020,102.7
438,31,2021,100.9
438,31,2022,105.3
438,31,2023,104.4
438,32,2014,100.0
438,32,2015,97.9
438,32,2016,100.3
438,32,2017,104.6
438,32,2018,105.0
438,32,2019,105.5
438,32,2020,102.9
438,32,2021,97.1
438,32,2022,104.7
438,32,2023,108.5
438,33,2014,100.0
438,33,2015,124.5
438,33,2016,114.9
438,33,2017,122.3
438,33,2018,109.6
438,33,2019,81.9
438,33,2020,73.4
438,33,2021,79.8
438,33,2022,81.9
438,33,2023,79.8
440,10,2014,100.0
440,10,2015,102.5
440,10,2016,100.9
440,10,2017,97.6
440,10,2018,98.7
440,10,2019,97.3
440,10,2020,95.8
440,10,2021,97.2
440,10,2022,97.6
440,10,2023,95.0
440,11,2014,100.0
440,11,2015,101.4
440,11,2016,96.8
440,11,2017,87.4
440,11,2018,85.8
440,11,2019,85.4
440,11,2020,81.9
440,11,2021,84.6
440,11,2022,86.8
440,11,2023,88.7
440,12,2005,100.0
440,12,2006,104.7
440,13,2014,100.0
440,13,2015,107.6
440,13,2016,112.5
440,13,2017,115.7
440,13,2018,117.5
440,13,2019,116.1
440,13,2020,110.0
440,13,2021,110.2
440,13,2022,112.2
440,13,2023,106.8
440,14,2014,100.0
440,14,2015,98.4
440,14,2016,94.6
440,14,2017,91.3
440,14,2018,85.9
440,14,2019,80.4
440,14,2020,71.9
440,14,2021,68.6
440,14,2022,67.7
440,14,2023,63.1
440,15,2014,100.0
440,15,2015,93.7
440,15,2016,88.9
440,15,2017,81.3
440,15,2018,76.2
440,15,2019,74.2
440,15,2020,50.3
440,15,2021,48.9
440,15,2022,47.8
440,15,2023,36.8
440,16,2014,100.0
440,16,2015,99.9
440,16,2016,100.1
440,16,2017,94.1
440,16,2018,91.1
440,16,2019,89.0
440,16,2020,87.3
440,16,2021,90.8
440,16,2022,92.7
440,16,2023,87.2
440,17,2014,100.0
440,17,2015,103.7
440,17,2016,111.6
440,17,2017,119.2
440,17,2018,125.9
440,17,2019,123.6
440,17,2020,125.2
440,17,2021,138.3
440,17,2022,140.3
440,17,2023,134.0
440,18,2014,100.0
440,18,2015,101.8
440,18,2016,99.3
440,18,2017,96.8
440,18,2018,95.3
440,18,2019,95.6
440,18,2020,89.6
440,18,2021,94.9
440,18,2022,85.6
440,18,2023,82.6
440,19,2005,100.0
440,19,2006,100.5
440,20,2014,100.0
440,20,2015,100.6
440,20,2016,97.8
440,20,2017,97.5
440,20,2018,117.6
440,20,2019,118.7
440,20,2020,122.1
440,20,2021,135.2
440,20,2022,136.9
440,20,2023,136.0
440,21,2006,100.0
440,21,2007,100.8
440,21,2008,98.1
440,21,2009,92.4
440,21,2010,85.1
440,21,2011,76.0
440,21,2012,78.2
440,21,2013,87.1
440,21,2014,87.8
440,21,2015,83.2
440,22,2014,100.0
440,22,2015,103.0
440,22,2016,108.6
440,22,2017,112.0
440,22,2018,110.4
440,22,2019,113.0
440,22,2020,114.3
440,22,2021,117.1
440,22,2022,119.6
440,22,2023,116.4
440,23,2014,100.0
440,23,2015,98.7
440,23,2016,99.5
440,23,2017,99.3
440,23,2018,97.6
440,23,2019,100.7
440,23,2020,93.2
440,23,2021,90.7
440,23,2022,96.3
440,23,2023,98.2
440,24,2014,100.0
440,24,2015,98.3
440,24,2016,94.4
440,24,2017,97.2
440,24,2018,101.4
440,24,2019,80.7
440,24,2020,78.3
440,24,2021,77.2
440,24,2022,95.0
440,24,2023,94.9
440,25,2014,100.0
440,25,2015,107.8
440,25,2016,114.4
440,25,2017,119.9
440,25,2018,125.9
440,25,2019,129.7
440,25,2020,127.7
440,25,2021,134.5
440,25,2022,138.5
440,25,2023,141.9
440,26,2014,100.0
440,26,2015,98.4
440,26,2016,106.0
440,26,2017,120.5
440,26,2018,127.6
440,26,2019,136.3
440,26,2020,142.4
440,26,2021,181.3
440,26,2022,194.6
440,26,2023,220.9
440,27,2014,100.0
440,27,2015,96.0
440,27,2016,99.8
440,27,2017,108.9
440,27,2018,112.8
440,27,2019,106.7
440,27,2020,104.7
440,27,2021,109.2
440,27,2022,110.3
440,27,2023,100.2
440,28,2014,100.0
440,28,2015,98.0
440,28,2016,98.7
440,28,2017,109.5
440,28,2018,102.7
440,28,2019,103.9
440,28,2020,103.5
440,28,2021,99.5
440,28,2022,107.7
440,28,2023,107.9
440,29,2014,100.0
440,29,2015,118.4
440,29,2016,133.0
440,29,2017,144.3
440,29,2018,166.8
440,29,2019,165.4
440,29,2020,151.5
440,29,2021,151.0
440,29,2022,172.5
440,29,2023,190.4
440,30,2014,100.0
440,30,2015,118.0
440,30,2016,130.4
440,30,2017,139.2
440,30,2018,171.4
440,30,2019,230.1
440,30,2020,299.6
440,30,2021,368.5
440,30,2022,411.2
440,30,2023,483.9
440,31,2014,100.0
440,31,2015,102.0
440,31,2016,105.1
440,31,2017,107.8
440,31,2018,110.2
440,31,2019,114.6
440,31,2020,114.1
440,31,2021,122.5
440,31,2022,122.4
440,31,2023,109.7
440,32,2014,100.0
440,32,2015,103.7
440,32,2016,109.2
440,32,2017,113.9
440,32,2018,110.7
440,32,2019,111.7
440,32,2020,116.1
440,32,2021,112.1
440,32,2022,111.7
440,32,2023,107.5
440,33,2014,100.0
440,33,2015,97.9
440,33,2016,95.6
440,33,2017,104.7
440,33,2018,101.9
440,33,2019,114.1
440,33,2020,108.3
440,33,2021,112.2
440,33,2022,118.6
440,33,2023,120.0
442,10,2014,100.0
442,10,2015,104.4
442,10,2016,108.0
442,10,2017,107.5
442,10,2018,108.1
442,10,2019,104.8
442,10,2020,101.1
442,10,2021,93.3
442,10,2022,94.6
442,10,2023,96.2
442,11,2014,100.0
442,11,2015,100.4
442,11,2016,101.3
442,11,2017,98.7
442,11,2018,98.9
442,11,2019,99.6
442,11,2020,97.3
442,11,2021,95.8
442,11,2022,99.4
442,11,2023,106.5
442,13,2005,100.0
442,13,2006,105.7
442,13,2007,141.9
442,14,2005,100.0
442,14,2006,94.7
442,14,2007,89.5
442,15,2014,
442,15,2015,
442,15,2016,
442,15,2017,
442,15,2018,
442,15,2019,
442,15,2020,
442,15,2021,
442,15,2022,
442,15,2023,
442,16,2011,100.0
442,16,2012,110.1
442,16,2013,112.1
442,16,2014,101.4
442,16,2015,97.6
442,16,2016,94.5
442,16,2017,96.6
442,16,2018,101.3
442,16,2019,107.9
442,16,2020,112.9
442,18,2010,100.0
442,18,2011,96.3
442,18,2012,94.8
442,18,2013,77.0
442,18,2014,75.5
442,18,2015,74.4
442,18,2016,65.1
442,18,2017,62.6
442,18,2018,61.1
442,18,2019,58.8
442,19,2014,
442,19,2015,
442,19,2016,
442,19,2017,
442,19,2018,
442,19,2019,
442,19,2020,
442,19,2021,
442,19,2022,
442,19,2023,
442,20,2014,100.0
442,20,2015,106.3
442,20,2016,118.0
442,20,2017,121.7
442,20,2018,123.2
442,20,2019,131.2
442,20,2020,133.6
442,20,2021,137.1
442,20,2022,141.0
442,20,2023,150.7
442,22,2005,100.0
442,22,2006,100.1
442,22,2007,98.8
442,23,2014,100.0
442,23,2015,96.3
442,23,2016,99.2
442,23,2017,105.1
442,23,2018,105.8
442,23,2019,106.1
442,23,2020,111.6
442,23,2021,94.8
442,23,2022,92.8
442,23,2023,89.3
442,25,2014,100.0
442,25,2015,100.8
442,25,2016,98.8
442,25,2017,102.1
442,25,2018,103.0
442,25,2019,108.0
442,25,2020,106.1
442,25,2021,105.7
442,25,2022,107.5
442,25,2023,106.9
442,27,2014,100.0
442,27,2015,78.2
442,27,2016,78.1
442,27,2017,79.0
442,27,2018,76.2
442,27,2019,69.3
442,27,2020,66.4
442,27,2021,68.6
442,27,2022,67.0
442,27,2023,66.6
442,28,2014,100.0
442,28,2015,102.7
442,28,2016,105.5
442,28,2017,108.0
442,28,2018,110.9
442,28,2019,113.7
442,28,2020,113.6
442,28,2021,115.9
442,28,2022,119.0
442,28,2023,120.8
442,29,2005,100.0
442,29,2006,83.1
442,29,2007,91.0
442,31,2014,100.0
442,31,2015,103.2
442,31,2016,105.2
442,31,2017,108.4
442,31,2018,114.2
442,31,2019,114.2
442,31,2020,110.3
442,31,2021,108.4
442,31,2022,107.1
442,31,2023,101.9
442,32,2014,100.0
442,32,2015,102.4
442,32,2016,106.1
442,32,2017,109.6
442,32,2018,111.4
442,32,2019,110.1
442,32,2020,109.2
442,32,2021,106.6
442,32,2022,106.6
442,32,2023,102.2
442,33,2014,100.0
442,33,2015,104.0
442,33,2016,101.3
442,33,2017,112.6
442,33,2018,125.3
442,33,2019,139.7
442,33,2020,141.3
442,33,2021,156.7
442,33,2022,167.0
442,33,2023,173.3
454,10,2017,100.0
454,10,2018,104.0
454,10,2019,109.9
454,11,2017,100.0
454,11,2018,118.3
454,11,2019,141.0
454,12,2017,100.0
454,12,2018,96.2
454,12,2019,96.9
454,13,2017,100.0
454,13,2018,83.3
454,13,2019,85.3
454,14,2017,100.0
454,14,2018,117.7
454,14,2019,127.7
454,15,2017,100.0
454,15,2018,114.3
454,15,2019,131.2
454,16,2017,100.0
454,16,2018,108.2
454,16,2019,116.2
454,17,2017,100.0
454,17,2018,190.9
454,17,2019,205.0
454,18,2017,100.0
454,18,2018,102.9
454,18,2019,115.4
454,19,2017,100.0
454,19,2018,104.3
454,19,2019,91.3
454,20,2017,100.0
454,20,2018,107.8
454,20,2019,116.6
454,21,2017,100.0
454,21,2018,97.7
454,21,2019,93.6
454,22,2017,100.0
454,22,2018,106.7
454,22,2019,109.4
454,23,2017,100.0
454,23,2018,106.7
454,23,2019,114.5
454,24,2017,100.0
454,24,2018,108.8
454,24,2019,114.8
454,25,2017,100.0
454,25,2018,109.0
454,25,2019,126.6
454,26,2017,
454,26,2018,
454,26,2019,
454,27,2017,100.0
454,27,2018,102.7
454,27,2019,106.2
454,28,2017,100.0
454,28,2018,103.1
454,28,2019,109.4
454,29,2017,100.0
454,29,2018,107.8
454,29,2019,118.2
454,30,2017,100.0
454,30,2018,110.5
454,30,2019,126.3
454,31,2017,100.0
454,31,2018,107.6
454,31,2019,117.6
454,32,2017,100.0
454,32,2018,107.8
454,32,2019,117.0
454,33,2017,100.0
454,33,2018,108.3
454,33,2019,121.5
458,10,2010,100.0
458,10,2012,126.1
458,10,2014,136.0
458,10,2015,131.1
458,10,2017,137.3
458,10,2018,139.3
458,10,2019,141.0
458,10,2020,140.2
458,10,2021,141.7
458,10,2022,148.9
458,11,2010,100.0
458,11,2012,120.2
458,11,2014,113.9
458,11,2015,123.1
458,11,2017,138.8
458,11,2018,144.0
458,11,2019,151.4
458,11,2020,131.5
458,11,2021,132.8
458,11,2022,138.2
458,12,2010,100.0
458,12,2012,89.6
458,12,2014,104.6
458,12,2015,87.6
458,12,2017,43.0
458,12,2018,42.8
458,12,2019,46.1
458,12,2020,31.6
458,12,2021,32.9
458,12,2022,33.1
458,13,2010,100.0
458,13,2012,101.5
458,13,2014,94.8
458,13,2015,96.4
458,13,2017,103.5
458,13,2018,97.1
458,13,2019,97.5
458,13,2020,93.4
458,13,2021,97.2
458,13,2022,98.2
458,14,2010,100.0
458,14,2012,92.8
458,14,2014,122.4
458,14,2015,98.1
458,14,2017,98.7
458,14,2018,100.2
458,14,2019,104.3
458,14,2020,86.8
458,14,2021,86.9
458,14,2022,73.1
458,15,2010,100.0
458,15,2012,110.6
458,15,2014,114.1
458,15,2015,128.2
458,15,2017,137.8
458,15,2018,145.3
458,15,2019,149.8
458,15,2020,144.8
458,15,2021,147.2
458,15,2022,149.3
458,16,2010,100.0
458,16,2012,107.5
458,16,2014,107.5
458,16,2015,91.5
458,16,2017,87.0
458,16,2018,86.7
458,16,2019,86.2
458,16,2020,81.1
458,16,2021,83.7
458,16,2022,83.8
458,17,2010,100.0
458,17,2012,116.6
458,17,2014,109.4
458,17,2015,99.4
458,17,2017,95.8
458,17,2018,96.2
458,17,2019,97.7
458,17,2020,93.0
458,17,2021,96.1
458,17,2022,101.7
458,18,2010,100.0
458,18,2012,103.7
458,18,2014,118.4
458,18,2015,102.0
458,18,2017,101.5
458,18,2018,102.1
458,18,2019,103.8
458,18,2020,102.8
458,18,2021,108.4
458,18,2022,93.2
458,19,2010,100.0
458,19,2012,188.0
458,19,2014,191.5
458,19,2015,221.2
458,19,2017,180.7
458,19,2018,187.6
458,19,2019,200.5
458,19,2020,183.6
458,19,2021,188.4
458,19,2022,234.1
458,20,2010,100.0
458,20,2012,92.6
458,20,2014,98.3
458,20,2015,131.7
458,20,2017,124.8
458,20,2018,125.7
458,20,2019,128.5
458,20,2020,122.7
458,20,2021,125.4
458,20,2022,143.1
458,21,2010,100.0
458,21,2012,144.1
458,21,2014,152.9
458,21,2015,167.6
458,21,2017,217.5
458,21,2018,217.2
458,21,2019,234.3
458,21,2020,255.3
458,21,2021,269.1
458,21,2022,234.9
458,22,2010,100.0
458,22,2012,116.8
458,22,2014,119.7
458,22,2015,119.5
458,22,2017,128.8
458,22,2018,130.2
458,22,2019,134.5
458,22,2020,144.8
458,22,2021,150.5
458,22,2022,141.3
458,23,2010,100.0
458,23,2012,116.0
458,23,2014,114.4
458,23,2015,127.7
458,23,2017,123.2
458,23,2018,123.9
458,23,2019,127.9
458,23,2020,121.4
458,23,2021,121.3
458,23,2022,122.4
458,24,2010,100.0
458,24,2012,95.6
458,24,2014,105.5
458,24,2015,138.9
458,24,2017,131.6
458,24,2018,136.5
458,24,2019,141.3
458,24,2020,139.6
458,24,2021,139.5
458,24,2022,138.6
458,25,2010,100.0
458,25,2012,105.8
458,25,2014,127.7
458,25,2015,124.7
458,25,2017,151.7
458,25,2018,152.1
458,25,2019,155.3
458,25,2020,158.1
458,25,2021,159.8
458,25,2022,137.1
458,26,2010,100.0
458,26,2012,106.6
458,26,2014,101.2
458,26,2015,102.5
458,26,2017,102.0
458,26,2018,104.2
458,26,2019,105.2
458,26,2020,100.8
458,26,2021,104.9
458,26,2022,115.9
458,27,2010,100.0
458,27,2012,107.3
458,27,2014,119.2
458,27,2015,120.6
458,27,2017,137.0
458,27,2018,132.1
458,27,2019,133.4
458,27,2020,137.8
458,27,2021,143.1
458,27,2022,153.4
458,28,2010,100.0
458,28,2012,103.5
458,28,2014,99.5
458,28,2015,120.6
458,28,2017,144.3
458,28,2018,145.3
458,28,2019,146.4
458,28,2020,146.9
458,28,2021,148.8
458,28,2022,163.8
458,29,2010,100.0
458,29,2012,111.4
458,29,2014,112.1
458,29,2015,112.3
458,29,2017,110.1
458,29,2018,117.1
458,29,2019,118.2
458,29,2020,110.0
458,29,2021,110.9
458,29,2022,123.0
458,30,2010,100.0
458,30,2012,109.5
458,30,2014,145.1
458,30,2015,122.3
458,30,2017,97.5
458,30,2018,101.9
458,30,2019,108.3
458,30,2020,98.4
458,30,2021,98.7
458,30,2022,91.9
458,31,2010,100.0
458,31,2012,102.9
458,31,2014,132.4
458,31,2015,105.8
458,31,2017,120.5
458,31,2018,121.1
458,31,2019,122.5
458,31,2020,118.2
458,31,2021,123.2
458,31,2022,127.9
458,32,2010,100.0
458,32,2012,121.3
458,32,2014,109.0
458,32,2015,138.6
458,32,2017,148.9
458,32,2018,155.2
458,32,2019,154.2
458,32,2020,155.9
458,32,2021,154.4
458,32,2022,181.2
458,33,2010,100.0
458,33,2012,153.5
458,33,2014,217.5
458,33,2015,324.8
458,33,2017,412.2
458,33,2018,416.3
458,33,2019,431.3
458,33,2020,415.5
458,33,2021,428.7
458,33,2022,411.0
470,10,2013,100.0
470,10,2016,113.3
470,10,2017,107.2
470,10,2018,112.2
470,10,2019,121.1
470,10,2021,108.2
470,10,2022,116.7
470,10,2023,122.5
470,11,2012,100.0
470,11,2015,107.6
470,11,2016,106.9
470,11,2017,106.3
470,11,2018,110.8
470,11,2019,115.3
470,11,2020,107.2
470,11,2021,112.3
470,11,2022,106.3
470,11,2023,121.1
470,12,2019,
470,12,2020,
470,12,2022,
470,12,2023,
470,13,2018,100.0
470,13,2020,92.9
470,13,2021,94.4
470,13,2022,100.9
470,13,2023,86.4
470,14,2011,100.0
470,14,2014,93.9
470,14,2016,53.1
470,14,2017,52.1
470,14,2018,51.5
470,14,2019,50.5
470,14,2020,40.8
470,14,2021,32.4
470,14,2022,32.7
470,14,2023,30.4
470,15,2018,
470,15,2019,
470,15,2022,inf
470,15,2023,inf
470,16,2011,100.0
470,16,2014,104.1
470,16,2015,113.6
470,16,2017,70.6
470,16,2018,41.2
470,16,2019,43.0
470,16,2020,43.4
470,16,2021,43.4
470,16,2022,38.9
470,16,2023,43.0
470,17,2010,100.0
470,17,2012,102.2
470,17,2018,112.1
470,17,2019,96.4
470,17,2020,93.3
470,17,2021,108.5
470,17,2022,113.5
470,17,2023,102.2
470,18,2014,100.0
470,18,2015,93.3
470,18,2016,86.6
470,18,2017,79.9
470,18,2018,114.9
470,18,2019,112.3
470,18,2020,121.0
470,18,2021,116.5
470,18,2022,114.7
470,18,2023,122.6
470,19,2018,
470,19,2019,
470,19,2022,
470,19,2023,
470,20,2014,100.0
470,20,2015,95.9
470,20,2016,98.6
470,20,2017,107.2
470,20,2018,99.0
470,20,2019,96.9
470,20,2020,94.1
470,20,2021,102.8
470,20,2022,91.4
470,20,2023,80.7
470,21,2015,100.0
470,21,2017,91.2
470,21,2018,86.6
470,21,2019,89.6
470,21,2020,93.6
470,21,2021,106.6
470,21,2022,109.7
470,21,2023,128.4
470,22,2015,100.0
470,22,2017,115.9
470,22,2018,110.8
470,22,2019,98.7
470,22,2020,91.8
470,22,2021,92.3
470,22,2022,92.0
470,22,2023,87.4
470,23,2014,100.0
470,23,2015,105.0
470,23,2016,102.5
470,23,2017,90.2
470,23,2018,106.4
470,23,2019,112.9
470,23,2020,112.3
470,23,2021,100.1
470,23,2022,112.4
470,23,2023,114.9
470,24,2012,100.0
470,24,2013,100.0
470,24,2014,31.2
470,24,2016,125.0
470,24,2017,62.5
470,24,2018,131.2
470,24,2020,368.8
470,24,2021,556.2
470,24,2022,718.8
470,24,2023,656.2
470,25,2014,100.0
470,25,2015,98.9
470,25,2016,143.2
470,25,2017,109.7
470,25,2018,121.5
470,25,2019,117.6
470,25,2020,121.8
470,25,2021,124.6
470,25,2022,120.7
470,25,2023,117.7
470,26,2018,100.0
470,26,2020,99.8
470,26,2021,98.1
470,26,2022,103.1
470,26,2023,105.0
470,27,2014,100.0
470,27,2015,101.0
470,27,2016,99.2
470,27,2017,105.7
470,27,2018,101.2
470,27,2019,120.2
470,27,2020,121.0
470,27,2021,122.0
470,27,2022,125.0
470,27,2023,121.4
470,28,2017,100.0
470,28,2018,118.1
470,28,2019,107.5
470,28,2020,106.3
470,28,2021,110.4
470,28,2022,104.5
470,28,2023,120.5
470,29,2017,100.0
470,29,2018,0.0
470,29,2019,0.0
470,29,2022,87.3
470,29,2023,91.9
470,30,2008,100.0
470,30,2009,90.0
470,30,2010,125.0
470,30,2014,80.0
470,30,2018,80.0
470,30,2019,50.0
470,30,2020,70.0
470,30,2021,80.0
470,30,2022,90.0
470,30,2023,190.0
470,31,2014,100.0
470,31,2015,103.0
470,31,2016,105.4
470,31,2017,119.0
470,31,2018,106.2
470,31,2019,110.0
470,31,2020,104.7
470,31,2021,107.6
470,31,2022,108.7
470,31,2023,118.0
470,32,2017,100.0
470,32,2018,98.4
470,32,2019,92.8
470,32,2020,89.7
470,32,2021,76.8
470,32,2022,77.9
470,32,2023,95.5
470,33,2013,100.0
470,33,2015,102.5
470,33,2016,103.3
470,33,2017,112.4
470,33,2018,117.5
470,33,2019,132.6
470,33,2020,135.1
470,33,2021,129.5
470,33,2022,132.3
470,33,2023,148.4
480,10,2014,100.0
480,10,2015,101.8
480,10,2016,99.0
480,10,2017,100.2
480,10,2018,102.6
480,10,2019,101.8
480,10,2020,99.6
480,10,2021,93.4
480,10,2022,91.1
480,10,2023,88.8
480,11,2014,100.0
480,11,2015,93.1
480,11,2016,86.8
480,11,2017,89.2
480,11,2018,90.5
480,11,2019,95.8
480,11,2020,105.4
480,11,2021,102.8
480,11,2022,104.7
480,11,2023,128.7
480,13,2014,100.0
480,13,2015,101.1
480,13,2016,104.2
480,13,2017,107.1
480,13,2018,103.7
480,13,2019,96.4
480,13,2020,89.6
480,13,2021,85.6
480,13,2022,78.3
480,13,2023,77.2
480,14,2014,100.0
480,14,2015,98.1
480,14,2016,95.3
480,14,2017,92.4
480,14,2018,90.0
480,14,2019,80.0
480,14,2020,73.0
480,14,2021,58.5
480,14,2022,53.5
480,14,2023,49.5
480,15,2014,100.0
480,15,2015,106.0
480,15,2016,103.2
480,15,2017,101.7
480,15,2018,114.5
480,15,2019,114.6
480,15,2020,91.9
480,15,2021,106.4
480,15,2022,129.3
480,15,2023,146.3
480,16,2014,100.0
480,16,2015,73.4
480,16,2016,71.6
480,16,2017,76.9
480,16,2018,79.0
480,16,2019,79.9
480,16,2020,75.8
480,16,2021,39.6
480,16,2022,80.6
480,16,2023,111.0
480,17,2014,100.0
480,17,2015,95.9
480,17,2016,96.1
480,17,2017,89.3
480,17,2018,86.8
480,17,2019,83.4
480,17,2020,80.7
480,17,2021,79.9
480,17,2022,79.1
480,17,2023,66.8
480,18,2014,100.0
480,18,2015,99.6
480,18,2016,91.4
480,18,2017,86.5
480,18,2018,88.0
480,18,2019,88.1
480,18,2020,85.6
480,18,2021,76.7
480,18,2022,74.7
480,18,2023,97.0
480,19,2014,100.0
480,19,2015,102.3
480,19,2016,102.1
480,19,2017,99.8
480,19,2018,100.2
480,19,2019,95.6
480,19,2020,93.3
480,19,2021,94.0
480,19,2022,90.0
480,19,2023,95.1
480,20,2007,100.0
480,20,2008,95.5
480,20,2009,100.9
480,22,2014,100.0
480,22,2015,97.3
480,22,2016,97.2
480,22,2017,100.6
480,22,2018,98.3
480,22,2019,98.1
480,22,2020,90.4
480,22,2021,92.9
480,22,2022,87.2
480,22,2023,80.6
480,23,2014,100.0
480,23,2015,73.5
480,23,2016,67.6
480,23,2017,70.1
480,23,2018,72.3
480,23,2019,65.9
480,23,2020,65.5
480,23,2021,65.6
480,23,2022,69.1
480,23,2023,84.7
480,24,2014,100.0
480,24,2015,96.9
480,24,2016,88.9
480,24,2017,80.4
480,24,2018,80.9
480,24,2019,92.4
480,24,2020,88.0
480,24,2021,88.0
480,24,2022,83.6
480,24,2023,83.3
480,25,2014,100.0
480,25,2015,106.7
480,25,2016,95.4
480,25,2017,108.7
480,25,2018,122.3
480,25,2019,99.8
480,25,2020,102.1
480,25,2021,97.3
480,25,2022,92.6
480,25,2023,88.3
480,26,2014,100.0
480,26,2015,101.7
480,26,2016,95.7
480,26,2017,90.0
480,26,2018,88.6
480,26,2019,94.1
480,26,2020,90.8
480,26,2021,90.5
480,26,2022,96.6
480,26,2023,86.1
480,27,2014,100.0
480,27,2015,94.1
480,27,2016,85.3
480,27,2017,112.4
480,27,2018,100.9
480,27,2019,102.1
480,27,2020,93.8
480,27,2021,67.9
480,27,2022,71.2
480,27,2023,69.1
480,28,2014,100.0
480,28,2015,78.5
480,28,2016,73.9
480,28,2017,71.3
480,28,2018,61.7
480,28,2019,60.5
480,28,2020,60.5
480,28,2021,65.9
480,28,2022,65.9
480,28,2023,65.9
480,29,2014,100.0
480,29,2015,79.7
480,29,2016,64.3
480,29,2017,88.3
480,29,2018,89.3
480,29,2019,114.8
480,29,2020,113.7
480,29,2021,107.2
480,29,2022,88.7
480,29,2023,94.5
480,31,2014,100.0
480,31,2015,95.6
480,31,2016,95.7
480,31,2017,92.1
480,31,2018,88.6
480,31,2019,78.6
480,31,2020,82.3
480,31,2021,80.0
480,31,2022,81.9
480,31,2023,71.3
480,32,2014,100.0
480,32,2015,100.3
480,32,2016,97.8
480,32,2017,96.0
480,32,2018,98.8
480,32,2019,100.0
480,32,2020,106.2
480,32,2021,102.0
480,32,2022,111.5
480,32,2023,104.3
480,33,2014,100.0
480,33,2015,105.2
480,33,2016,109.5
480,33,2017,113.0
480,33,2018,110.8
480,33,2019,107.4
480,33,2020,106.2
480,33,2021,107.9
480,33,2022,107.2
480,33,2023,101.7
484,10,2014,100.0
484,10,2015,101.0
484,10,2016,102.4
484,10,2017,103.5
484,10,2018,105.9
484,10,2019,108.0
484,10,2020,107.9
484,10,2021,109.0
484,10,2022,110.0
484,10,2023,110.1
484,11,2014,100.0
484,11,2015,102.3
484,11,2016,103.7
484,11,2017,104.3
484,11,2018,106.5
484,11,2019,107.6
484,11,2020,108.2
484,11,2021,110.6
484,11,2022,112.1
484,11,2023,113.7
484,12,2014,100.0
484,12,2015,101.5
484,12,2016,101.8
484,12,2017,101.9
484,12,2018,81.6
484,12,2019,87.8
484,12,2020,90.7
484,12,2021,93.7
484,12,2022,97.1
484,12,2023,97.2
484,13,2014,100.0
484,13,2015,101.0
484,13,2016,102.9
484,13,2017,104.0
484,13,2018,160.2
484,13,2019,163.2
484,13,2020,148.8
484,13,2021,157.3
484,13,2022,155.4
484,13,2023,141.5
484,14,2014,100.0
484,14,2015,100.2
484,14,2016,99.1
484,14,2017,96.2
484,14,2018,173.5
484,14,2019,168.7
484,14,2020,160.9
484,14,2021,151.7
484,14,2022,151.9
484,14,2023,153.0
484,15,2014,100.0
484,15,2015,100.0
484,15,2016,99.7
484,15,2017,97.9
484,15,2018,182.2
484,15,2019,180.7
484,15,2020,167.1
484,15,2021,174.0
484,15,2022,173.4
484,15,2023,174.9
484,16,2014,100.0
484,16,2015,99.1
484,16,2016,97.6
484,16,2017,102.0
484,16,2018,539.8
484,16,2019,539.8
484,16,2020,524.7
484,16,2021,523.0
484,16,2022,481.1
484,16,2023,456.1
484,17,2014,100.0
484,17,2015,101.3
484,17,2016,102.6
484,17,2017,107.2
484,17,2018,141.7
484,17,2019,143.5
484,17,2020,142.8
484,17,2021,148.8
484,17,2022,148.7
484,17,2023,146.8
484,18,2014,100.0
484,18,2015,99.9
484,18,2016,101.0
484,18,2017,99.7
484,18,2018,345.0
484,18,2019,320.3
484,18,2020,313.2
484,18,2021,328.7
484,18,2022,328.8
484,18,2023,320.0
484,19,2014,100.0
484,19,2015,95.2
484,19,2016,88.2
484,19,2017,87.0
484,19,2018,86.6
484,19,2019,82.3
484,19,2020,80.5
484,19,2021,78.1
484,19,2022,77.0
484,19,2023,76.1
484,20,2014,100.0
484,20,2015,98.3
484,20,2016,98.6
484,20,2017,99.8
484,20,2018,95.7
484,20,2019,95.6
484,20,2020,94.4
484,20,2021,95.0
484,20,2022,95.6
484,20,2023,93.6
484,21,2014,100.0
484,21,2015,96.0
484,21,2016,96.5
484,21,2017,95.4
484,21,2018,88.5
484,21,2019,91.8
484,21,2020,95.3
484,21,2021,97.3
484,21,2022,100.1
484,21,2023,102.5
484,22,2014,100.0
484,22,2015,103.3
484,22,2016,108.1
484,22,2017,112.8
484,22,2018,124.8
484,22,2019,126.8
484,22,2020,124.0
484,22,2021,130.2
484,22,2022,133.7
484,22,2023,133.2
484,23,2014,100.0
484,23,2015,102.3
484,23,2016,104.0
484,23,2017,104.4
484,23,2018,145.5
484,23,2019,144.4
484,23,2020,141.2
484,23,2021,142.8
484,23,2022,143.2
484,23,2023,141.7
484,24,2014,100.0
484,24,2015,98.4
484,24,2016,97.7
484,24,2017,101.0
484,24,2018,95.2
484,24,2019,96.8
484,24,2020,92.7
484,24,2021,95.5
484,24,2022,101.4
484,24,2023,103.6
484,25,2014,100.0
484,25,2015,105.7
484,25,2016,107.9
484,25,2017,110.7
484,25,2018,144.6
484,25,2019,146.4
484,25,2020,142.4
484,25,2021,146.0
484,25,2022,146.4
484,25,2023,146.7
484,26,2014,100.0
484,26,2015,105.0
484,26,2016,112.2
484,26,2017,119.2
484,26,2018,112.6
484,26,2019,118.1
484,26,2020,116.0
484,26,2021,123.0
484,26,2022,134.3
484,26,2023,128.5
484,27,2014,100.0
484,27,2015,103.7
484,27,2016,108.5
484,27,2017,115.5
484,27,2018,106.5
484,27,2019,106.7
484,27,2020,109.4
484,27,2021,120.5
484,27,2022,119.8
484,27,2023,116.1
484,28,2014,100.0
484,28,2015,101.9
484,28,2016,106.2
484,28,2017,113.2
484,28,2018,116.5
484,28,2019,117.6
484,28,2020,113.4
484,28,2021,126.7
484,28,2022,134.0
484,28,2023,135.8
484,29,2014,100.0
484,29,2015,107.6
484,29,2016,117.4
484,29,2017,124.4
484,29,2018,112.2
484,29,2019,113.7
484,29,2020,110.5
484,29,2021,110.1
484,29,2022,112.3
484,29,2023,115.9
484,30,2014,100.0
484,30,2015,106.1
484,30,2016,100.1
484,30,2017,104.4
484,30,2018,122.4
484,30,2019,141.8
484,30,2020,114.5
484,30,2021,109.1
484,30,2022,136.7
484,30,2023,145.0
484,31,2014,100.0
484,31,2015,105.6
484,31,2016,109.5
484,31,2017,113.3
484,31,2018,313.3
484,31,2019,322.9
484,31,2020,306.8
484,31,2021,315.3
484,31,2022,305.4
484,31,2023,267.1
484,32,2014,100.0
484,32,2015,104.6
484,32,2016,112.7
484,32,2017,118.4
484,32,2018,118.3
484,32,2019,122.0
484,32,2020,128.8
484,32,2021,135.7
484,32,2022,136.6
484,32,2023,134.9
496,10,2014,100.0
496,10,2015,130.9
496,10,2016,116.7
496,10,2017,119.8
496,10,2018,139.3
496,10,2019,192.8
496,10,2020,205.8
496,10,2021,157.2
496,10,2022,214.8
496,10,2023,170.5
496,11,2014,100.0
496,11,2015,117.6
496,11,2016,107.3
496,11,2017,108.1
496,11,2018,100.1
496,11,2019,120.9
496,11,2020,71.2
496,11,2021,104.9
496,11,2022,157.8
496,11,2023,119.2
496,12,2011,100.0
496,12,2012,79.8
496,12,2013,134.2
496,12,2014,120.2
496,12,2015,120.2
496,12,2016,120.2
496,12,2017,120.2
496,12,2020,1031.6
496,12,2021,613.2
496,12,2022,376.3
496,13,2014,100.0
496,13,2015,113.8
496,13,2016,112.8
496,13,2017,113.4
496,13,2018,59.7
496,13,2019,70.1
496,13,2020,51.0
496,13,2021,19.1
496,13,2022,80.6
496,13,2023,50.5
496,14,2014,100.0
496,14,2015,103.1
496,14,2016,121.4
496,14,2017,125.9
496,14,2018,175.2
496,14,2019,271.2
496,14,2020,156.6
496,14,2021,179.1
496,14,2022,108.4
496,14,2023,186.1
496,15,2014,100.0
496,15,2015,98.1
496,15,2016,96.9
496,15,2017,101.0
496,15,2018,169.8
496,15,2019,255.8
496,15,2020,272.4
496,15,2021,330.9
496,15,2022,124.8
496,15,2023,183.9
496,16,2014,100.0
496,16,2015,100.1
496,16,2016,77.2
496,16,2017,79.6
496,16,2018,61.3
496,16,2019,76.9
496,16,2020,18.0
496,16,2021,27.9
496,16,2022,41.7
496,16,2023,28.9
496,17,2014,100.0
496,17,2015,192.0
496,17,2016,174.3
496,17,2017,174.6
496,17,2018,125.0
496,17,2019,304.2
496,17,2020,112.7
496,17,2021,114.6
496,17,2022,118.3
496,17,2023,81.7
496,18,2014,100.0
496,18,2015,155.7
496,18,2016,130.7
496,18,2017,131.4
496,18,2018,85.0
496,18,2019,84.6
496,18,2020,24.6
496,18,2021,70.9
496,18,2022,105.7
496,18,2023,101.1
496,19,2013,100.0
496,19,2014,665.0
496,19,2015,611.7
496,19,2016,523.3
496,19,2017,525.0
496,19,2018,300.0
496,19,2020,2681.7
496,19,2021,933.3
496,19,2022,4368.3
496,19,2023,5925.0
496,20,2013,100.0
496,20,2014,120.8
496,20,2015,408.3
496,20,2016,130.5
496,20,2017,128.9
496,20,2018,58.9
496,20,2019,55.0
496,20,2020,21.4
496,20,2021,43.3
496,20,2023,35.1
496,21,2014,100.0
496,21,2015,162.2
496,21,2016,107.3
496,21,2017,109.7
496,21,2018,310.7
496,21,2019,335.5
496,21,2020,706.9
496,21,2021,145.0
496,21,2022,322.6
496,21,2023,322.4
496,22,2014,100.0
496,22,2015,115.0
496,22,2016,153.5
496,22,2017,152.0
496,22,2018,64.8
496,22,2019,286.6
496,22,2020,65.9
496,22,2021,112.7
496,22,2022,174.0
496,22,2023,126.5
496,23,2014,100.0
496,23,2015,127.7
496,23,2016,108.8
496,23,2017,109.6
496,23,2018,89.2
496,23,2019,75.6
496,23,2020,51.0
496,23,2021,112.8
496,23,2022,129.4
496,23,2023,149.0
496,24,2014,100.0
496,24,2015,126.8
496,24,2016,124.0
496,24,2017,113.8
496,24,2018,51.5
496,24,2019,71.1
496,24,2020,150.5
496,24,2021,96.2
496,24,2022,101.2
496,24,2023,98.9
496,25,2014,100.0
496,25,2015,148.8
496,25,2016,86.4
496,25,2017,87.3
496,25,2018,45.5
496,25,2019,32.9
496,25,2020,64.6
496,25,2021,54.1
496,25,2022,64.9
496,25,2023,79.8
496,26,2014,100.0
496,26,2015,93.5
496,26,2016,80.4
496,26,2017,87.0
496,26,2018,115.2
496,26,2019,437.0
496,26,2020,263.0
496,26,2021,45.7
496,26,2022,647.8
496,26,2023,858.7
496,27,2014,100.0
496,27,2015,94.6
496,27,2016,37.4
496,27,2017,37.4
496,27,2018,9.9
496,27,2019,61.3
496,27,2020,148.3
496,27,2021,64.9
496,27,2022,119.5
496,27,2023,127.9
496,28,2013,100.0
496,28,2014,48.1
496,28,2015,134.4
496,28,2016,25.9
496,28,2017,21.2
496,28,2018,107.5
496,28,2019,57.1
496,28,2021,214.6
496,28,2022,292.9
496,28,2023,253.8
496,29,2012,100.0
496,29,2013,95.7
496,29,2014,234.8
496,29,2015,69.6
496,29,2016,91.3
496,29,2017,91.3
496,29,2018,1013.0
496,29,2019,2060.9
496,29,2022,1500.0
496,29,2023,760.9
496,30,2013,100.0
496,30,2014,11.1
496,30,2015,13.3
496,30,2016,13.3
496,30,2017,13.3
496,30,2018,142.2
496,30,2019,124.4
496,30,2021,815.6
496,30,2022,233.3
496,30,2023,922.2
496,31,2014,100.0
496,31,2015,109.1
496,31,2016,147.9
496,31,2017,150.9
496,31,2018,497.8
496,31,2019,401.0
496,31,2020,591.5
496,31,2021,847.9
496,31,2022,1054.9
496,31,2023,1067.6
496,32,2014,100.0
496,32,2015,103.8
496,32,2016,113.4
496,32,2017,115.4
496,32,2018,142.7
496,32,2019,105.4
496,32,2020,243.4
496,32,2021,68.1
496,32,2022,162.7
496,32,2023,170.8
496,33,2014,100.0
496,33,2015,346.2
496,33,2016,169.5
496,33,2017,172.2
496,33,2018,173.3
496,33,2019,404.5
496,33,2020,62.9
496,33,2021,99.8
496,33,2022,245.2
496,33,2023,163.7
498,10,2014,100.0
498,10,2015,97.3
498,10,2016,98.9
498,10,2017,103.0
498,10,2018,102.8
498,10,2019,100.3
498,10,2020,100.1
498,10,2021,99.8
498,10,2022,97.6
498,10,2023,93.7
498,11,2014,100.0
498,11,2015,97.9
498,11,2016,93.5
498,11,2017,95.7
498,11,2018,97.0
498,11,2019,97.2
498,11,2020,87.9
498,11,2021,87.6
498,11,2022,90.8
498,11,2023,86.3
498,12,2014,100.0
498,12,2015,80.7
498,12,2016,61.2
498,12,2017,57.5
498,12,2018,52.2
498,12,2019,50.2
498,12,2020,41.8
498,12,2021,45.8
498,12,2022,38.0
498,12,2023,41.3
498,13,2014,100.0
498,13,2015,106.4
498,13,2016,122.9
498,13,2017,133.9
498,13,2018,149.7
498,13,2019,154.4
498,13,2020,139.3
498,13,2021,159.1
498,13,2022,147.6
498,13,2023,145.6
498,14,2014,100.0
498,14,2015,103.4
498,14,2016,106.2
498,14,2017,114.9
498,14,2018,113.4
498,14,2019,114.7
498,14,2020,99.0
498,14,2021,99.3
498,14,2022,99.7
498,14,2023,90.6
498,15,2014,100.0
498,15,2015,85.8
498,15,2016,90.8
498,15,2017,101.6
498,15,2018,99.4
498,15,2019,105.2
498,15,2020,81.1
498,15,2021,84.4
498,15,2022,74.2
498,15,2023,70.4
498,16,2014,100.0
498,16,2015,101.7
498,16,2016,105.7
498,16,2017,107.2
498,16,2018,118.2
498,16,2019,120.5
498,16,2020,103.3
498,16,2021,112.2
498,16,2022,110.6
498,16,2023,108.2
498,17,2014,100.0
498,17,2015,122.1
498,17,2016,105.8
498,17,2017,115.9
498,17,2018,111.7
498,17,2019,155.2
498,17,2020,133.0
498,17,2021,148.1
498,17,2022,142.9
498,17,2023,146.6
498,18,2014,100.0
498,18,2015,93.2
498,18,2016,84.9
498,18,2017,76.4
498,18,2018,79.6
498,18,2019,75.5
498,18,2020,67.3
498,18,2021,66.7
498,18,2022,69.8
498,18,2023,71.2
498,19,2014,100.0
498,19,2015,106.0
498,19,2016,71.4
498,19,2017,75.0
498,19,2018,71.4
498,19,2019,65.5
498,19,2020,42.9
498,19,2021,42.9
498,19,2022,15.5
498,19,2023,27.4
498,20,2014,100.0
498,20,2015,94.7
498,20,2016,97.9
498,20,2017,127.4
498,20,2018,119.6
498,20,2019,158.4
498,20,2020,165.8
498,20,2021,167.5
498,20,2022,153.5
498,20,2023,166.1
498,21,2014,100.0
498,21,2015,90.4
498,21,2016,88.7
498,21,2017,85.5
498,21,2018,79.9
498,21,2019,87.2
498,21,2020,84.9
498,21,2021,91.9
498,21,2022,82.2
498,21,2023,76.4
498,22,2014,100.0
498,22,2015,97.6
498,22,2016,91.2
498,22,2017,93.3
498,22,2018,99.2
498,22,2019,105.8
498,22,2020,104.5
498,22,2021,107.8
498,22,2022,112.7
498,22,2023,109.1
498,23,2014,100.0
498,23,2015,107.8
498,23,2016,110.6
498,23,2017,98.5
498,23,2018,94.3
498,23,2019,94.7
498,23,2020,106.8
498,23,2021,106.9
498,23,2022,107.9
498,23,2023,110.3
498,24,2014,100.0
498,24,2015,41.4
498,24,2016,27.4
498,24,2017,30.8
498,24,2018,29.9
498,24,2019,37.3
498,24,2020,35.1
498,24,2021,36.7
498,24,2022,26.5
498,24,2023,24.2
498,25,2014,100.0
498,25,2015,96.6
498,25,2016,101.6
498,25,2017,100.0
498,25,2018,99.9
498,25,2019,96.4
498,25,2020,101.9
498,25,2021,103.4
498,25,2022,104.1
498,25,2023,102.3
498,26,2014,100.0
498,26,2015,110.2
498,26,2016,101.4
498,26,2017,83.0
498,26,2018,80.8
498,26,2019,63.2
498,26,2020,69.0
498,26,2021,68.0
498,26,2022,61.4
498,26,2023,57.4
498,27,2014,100.0
498,27,2015,119.4
498,27,2016,107.4
498,27,2017,46.3
498,27,2018,42.7
498,27,2019,49.1
498,27,2020,47.5
498,27,2021,31.5
498,27,2022,32.1
498,27,2023,37.4
498,28,2014,100.0
498,28,2015,94.1
498,28,2016,80.7
498,28,2017,87.0
498,28,2018,86.2
498,28,2019,98.0
498,28,2020,78.0
498,28,2021,66.9
498,28,2022,56.3
498,28,2023,54.9
498,29,2014,100.0
498,29,2015,85.5
498,29,2016,171.3
498,29,2017,564.8
498,29,2018,852.3
498,29,2019,981.1
498,29,2020,905.8
498,29,2021,872.2
498,29,2022,860.5
498,29,2023,832.9
498,30,2014,100.0
498,30,2015,186.2
498,30,2016,65.5
498,30,2017,46.6
498,30,2018,39.7
498,30,2019,19.0
498,30,2020,0.0
498,30,2021,0.0
498,30,2022,13.8
498,30,2023,5.2
498,31,2014,100.0
498,31,2015,99.5
498,31,2016,99.5
498,31,2017,101.9
498,31,2018,116.3
498,31,2019,115.1
498,31,2020,114.1
498,31,2021,127.9
498,31,2022,126.5
498,31,2023,122.6
498,32,2014,100.0
498,32,2015,100.4
498,32,2016,92.7
498,32,2017,97.0
498,32,2018,162.6
498,32,2019,168.1
498,32,2020,180.9
498,32,2021,185.9
498,32,2022,185.5
498,32,2023,196.7
498,33,2014,100.0
498,33,2015,100.4
498,33,2016,84.4
498,33,2017,81.3
498,33,2018,78.2
498,33,2019,61.7
498,33,2020,57.0
498,33,2021,45.8
498,33,2022,44.3
498,33,2023,45.6
499,10,2014,100.0
499,10,2015,98.6
499,10,2016,105.1
499,10,2017,115.7
499,10,2018,131.9
499,10,2019,138.8
499,10,2020,116.6
499,10,2021,125.7
499,10,2022,147.8
499,10,2023,158.3
499,11,2014,100.0
499,11,2015,104.9
499,11,2016,104.0
499,11,2017,100.2
499,11,2018,95.3
499,11,2019,96.4
499,11,2020,77.8
499,11,2021,82.0
499,11,2022,101.1
499,11,2023,138.0
499,12,2014,100.0
499,12,2015,82.8
499,12,2016,30.6
499,12,2017,15.3
499,12,2018,16.7
499,12,2019,27.8
499,12,2020,29.7
499,12,2021,29.2
499,12,2022,12.4
499,12,2023,2.9
499,13,2014,100.0
499,13,2015,101.2
499,13,2016,107.4
499,13,2017,106.8
499,13,2018,108.6
499,13,2019,125.3
499,13,2020,101.9
499,13,2021,104.3
499,13,2022,121.6
499,13,2023,132.7
499,14,2014,100.0
499,14,2015,92.9
499,14,2016,89.1
499,14,2017,87.4
499,14,2018,86.9
499,14,2019,94.0
499,14,2020,80.3
499,14,2021,98.4
499,14,2022,123.0
499,14,2023,132.8
499,15,2014,100.0
499,15,2015,95.8
499,15,2016,32.5
499,15,2017,29.5
499,15,2018,27.7
499,15,2019,27.1
499,15,2020,15.7
499,15,2021,11.4
499,15,2022,11.4
499,15,2023,13.3
499,16,2014,100.0
499,16,2015,99.3
499,16,2016,115.8
499,16,2017,132.3
499,16,2018,136.4
499,16,2019,150.5
499,16,2020,124.1
499,16,2021,136.9
499,16,2022,162.6
499,16,2023,181.0
499,17,2014,100.0
499,17,2015,104.1
499,17,2016,100.6
499,17,2017,113.5
499,17,2018,112.3
499,17,2019,105.3
499,17,2020,94.2
499,17,2021,99.4
499,17,2022,102.9
499,17,2023,110.5
499,18,2014,100.0
499,18,2015,99.3
499,18,2016,98.4
499,18,2017,92.2
499,18,2018,89.6
499,18,2019,92.1
499,18,2020,75.0
499,18,2021,71.8
499,18,2022,82.2
499,18,2023,86.3
499,20,2014,100.0
499,20,2015,92.3
499,20,2016,89.0
499,20,2017,85.1
499,20,2018,95.0
499,20,2019,98.3
499,20,2020,82.3
499,20,2021,88.4
499,20,2022,109.9
499,20,2023,117.1
499,21,2014,100.0
499,21,2015,98.6
499,21,2016,96.8
499,21,2017,100.0
499,21,2018,105.0
499,21,2019,88.2
499,21,2020,74.2
499,21,2021,92.3
499,21,2022,94.1
499,21,2023,97.7
499,22,2014,100.0
499,22,2015,82.3
499,22,2016,67.8
499,22,2017,65.0
499,22,2018,65.7
499,22,2019,66.4
499,22,2020,61.8
499,22,2021,65.4
499,22,2022,71.0
499,22,2023,78.4
499,23,2014,100.0
499,23,2015,105.8
499,23,2016,111.5
499,23,2017,121.9
499,23,2018,132.9
499,23,2019,134.2
499,23,2020,124.5
499,23,2021,128.5
499,23,2022,139.5
499,23,2023,137.1
499,24,2014,100.0
499,24,2015,89.4
499,24,2016,80.2
499,24,2017,74.3
499,24,2018,71.5
499,24,2019,77.2
499,24,2020,76.6
499,24,2021,49.8
499,24,2022,44.6
499,24,2023,37.8
499,25,2014,100.0
499,25,2015,78.2
499,25,2016,77.1
499,25,2017,80.3
499,25,2018,84.3
499,25,2019,91.9
499,25,2020,80.5
499,25,2021,79.9
499,25,2022,88.5
499,25,2023,113.2
499,26,2014,100.0
499,26,2015,69.4
499,26,2016,47.2
499,26,2017,61.1
499,26,2018,77.8
499,26,2019,80.6
499,26,2020,83.3
499,26,2021,88.9
499,26,2022,102.8
499,26,2023,119.4
499,27,2014,100.0
499,27,2015,97.6
499,27,2016,107.1
499,27,2017,97.6
499,27,2018,104.8
499,27,2019,97.6
499,27,2020,92.9
499,27,2021,114.3
499,27,2022,133.3
499,27,2023,150.0
499,28,2014,100.0
499,28,2015,109.2
499,28,2016,275.4
499,28,2017,366.2
499,28,2018,363.1
499,28,2019,378.5
499,28,2020,346.2
499,28,2021,361.5
499,28,2022,356.9
499,28,2023,343.1
499,30,2014,100.0
499,30,2015,71.4
499,30,2016,90.5
499,30,2017,76.2
499,30,2018,71.4
499,30,2019,85.7
499,30,2020,81.0
499,30,2021,85.7
499,30,2022,128.6
499,30,2023,161.9
499,31,2014,100.0
499,31,2015,94.4
499,31,2016,99.4
499,31,2017,99.8
499,31,2018,107.8
499,31,2019,120.4
499,31,2020,109.1
499,31,2021,122.6
499,31,2022,141.6
499,31,2023,166.5
499,32,2014,100.0
499,32,2015,105.6
499,32,2016,102.2
499,32,2017,103.4
499,32,2018,94.4
499,32,2019,115.6
499,32,2020,119.0
499,32,2021,130.2
499,32,2022,146.9
499,32,2023,160.9
499,33,2014,100.0
499,33,2015,83.4
499,33,2016,54.5
499,33,2017,39.2
499,33,2018,37.4
499,33,2019,38.2
499,33,2020,34.9
499,33,2021,38.8
499,33,2022,48.4
499,33,2023,60.3
512,10,2014,100.0
512,10,2015,99.7
512,10,2016,99.7
512,10,2017,121.3
512,10,2018,116.6
512,10,2019,123.5
512,10,2020,108.2
512,10,2021,113.6
512,10,2022,98.7
512,10,2023,139.0
512,11,2014,100.0
512,11,2015,104.1
512,11,2016,119.6
512,11,2017,134.5
512,11,2018,138.0
512,11,2019,139.1
512,11,2020,131.7
512,11,2021,132.6
512,11,2022,139.3
512,11,2023,152.7
512,13,2014,100.0
512,13,2015,102.5
512,13,2016,92.7
512,13,2017,112.5
512,13,2018,49.7
512,13,2019,51.1
512,13,2020,45.7
512,13,2021,46.7
512,13,2022,50.9
512,13,2023,80.2
512,14,2014,100.0
512,14,2015,135.1
512,14,2016,129.8
512,14,2017,556.8
512,14,2018,96.6
512,14,2019,127.3
512,14,2020,111.9
512,14,2021,86.6
512,14,2022,104.9
512,14,2023,128.4
512,15,2014,100.0
512,15,2015,103.8
512,15,2016,158.5
512,15,2017,152.8
512,15,2018,165.1
512,15,2019,177.4
512,15,2020,172.6
512,15,2021,171.7
512,15,2022,180.2
512,15,2023,129.2
512,16,2014,100.0
512,16,2015,132.0
512,16,2016,140.7
512,16,2017,134.3
512,16,2018,111.7
512,16,2019,87.9
512,16,2020,17.2
512,16,2021,53.7
512,16,2022,52.6
512,16,2023,24.5
512,17,2014,100.0
512,17,2015,104.0
512,17,2016,119.9
512,17,2017,156.3
512,17,2018,154.6
512,17,2019,183.1
512,17,2020,153.6
512,17,2021,153.1
512,17,2022,157.3
512,17,2023,187.5
512,18,2013,100.0
512,18,2014,106.2
512,18,2015,108.3
512,18,2016,99.7
512,18,2017,84.3
512,18,2019,66.9
512,18,2020,53.1
512,18,2021,54.1
512,18,2022,51.1
512,18,2023,40.4
512,19,2014,100.0
512,19,2015,125.3
512,19,2016,138.1
512,19,2017,149.3
512,19,2018,166.6
512,19,2019,174.3
512,19,2020,189.7
512,19,2021,172.2
512,19,2022,172.8
512,19,2023,143.4
512,20,2014,100.0
512,20,2015,102.2
512,20,2016,103.9
512,20,2017,112.2
512,20,2018,124.2
512,20,2019,125.3
512,20,2020,118.6
512,20,2021,111.2
512,20,2022,131.1
512,20,2023,132.6
512,21,2014,100.0
512,21,2015,99.3
512,21,2016,258.4
512,21,2017,260.6
512,21,2018,258.7
512,21,2019,263.6
512,21,2020,263.9
512,21,2021,280.3
512,21,2022,274.3
512,21,2023,186.6
512,22,2014,100.0
512,22,2015,100.2
512,22,2016,98.4
512,22,2017,104.1
512,22,2018,94.3
512,22,2019,96.8
512,22,2020,80.2
512,22,2021,83.9
512,22,2022,80.1
512,22,2023,71.4
512,23,2014,100.0
512,23,2015,108.0
512,23,2016,112.1
512,23,2017,120.5
512,23,2018,89.5
512,23,2019,90.6
512,23,2020,75.1
512,23,2021,73.1
512,23,2022,76.6
512,23,2023,194.7
512,24,2014,100.0
512,24,2015,140.1
512,24,2016,125.1
512,24,2017,124.6
512,24,2018,99.4
512,24,2019,112.6
512,24,2020,114.2
512,24,2021,121.4
512,24,2022,120.3
512,24,2023,88.4
512,25,2014,100.0
512,25,2015,120.3
512,25,2016,133.4
512,25,2017,131.9
512,25,2018,121.5
512,25,2019,93.9
512,25,2020,71.6
512,25,2021,64.7
512,25,2022,55.4
512,25,2023,208.9
512,26,2014,100.0
512,26,2015,90.7
512,26,2016,100.6
512,26,2017,95.9
512,26,2018,30.8
512,26,2019,7.6
512,26,2020,5.8
512,26,2021,6.4
512,26,2022,7.6
512,26,2023,6.1
512,27,2014,100.0
512,27,2015,98.3
512,27,2016,107.3
512,27,2017,119.4
512,27,2018,110.2
512,27,2019,108.6
512,27,2020,101.9
512,27,2021,100.1
512,27,2022,97.9
512,27,2023,96.9
512,28,2014,100.0
512,28,2015,96.2
512,28,2016,167.9
512,28,2017,113.4
512,28,2018,155.3
512,28,2019,153.5
512,28,2020,1794.2
512,28,2021,1211.4
512,28,2022,1637.7
512,28,2023,257.1
512,29,2014,100.0
512,29,2015,118.9
512,29,2016,120.7
512,29,2017,129.7
512,29,2018,134.2
512,29,2019,85.6
512,29,2020,103.6
512,29,2021,59.5
512,29,2022,58.6
512,29,2023,336.9
512,30,2014,100.0
512,30,2015,90.3
512,30,2016,100.9
512,30,2017,100.4
512,30,2018,85.9
512,30,2019,120.2
512,30,2020,147.0
512,30,2021,140.5
512,30,2022,194.6
512,30,2023,4.3
512,31,2014,100.0
512,31,2015,111.2
512,31,2016,126.2
512,31,2017,118.6
512,31,2018,107.6
512,31,2019,116.6
512,31,2020,162.4
512,31,2021,76.1
512,31,2022,75.2
512,31,2023,73.6
512,32,2014,100.0
512,32,2015,100.0
512,32,2016,83.5
512,32,2017,74.2
512,32,2018,355.5
512,32,2019,389.6
512,32,2020,359.9
512,32,2021,344.0
512,32,2022,384.1
512,32,2023,52.2
512,33,2014,100.0
512,33,2015,132.8
512,33,2016,146.2
512,33,2017,149.0
512,33,2018,123.3
512,33,2019,98.3
512,33,2020,92.5
512,33,2021,88.2
512,33,2022,87.7
512,33,2023,437.9
524,10,2011,100.0
524,10,2020,172.1
524,11,2011,100.0
524,11,2020,191.9
524,12,2011,100.0
524,12,2020,78.7
524,13,2011,100.0
524,13,2020,83.6
524,14,2011,100.0
524,14,2020,786.8
524,15,2011,100.0
524,15,2020,260.1
524,16,2011,100.0
524,16,2020,198.9
524,17,2011,100.0
524,17,2020,192.8
524,18,2011,100.0
524,18,2020,265.2
524,19,2011,100.0
524,19,2020,185.2
524,20,2011,100.0
524,20,2020,200.7
524,21,2011,100.0
524,21,2020,188.7
524,22,2011,100.0
524,22,2020,143.5
524,23,2011,100.0
524,23,2020,144.9
524,24,2011,100.0
524,24,2020,187.3
524,25,2011,100.0
524,25,2020,384.5
524,26,2011,100.0
524,26,2020,87.3
524,27,2011,100.0
524,27,2020,200.3
524,28,2011,100.0
524,28,2020,108.9
524,29,2011,100.0
524,29,2020,104.4
524,31,2011,100.0
524,31,2020,435.6
524,32,2011,100.0
524,32,2020,2149.8
528,10,2014,100.0
528,10,2015,101.6
528,10,2016,103.0
528,10,2017,104.5
528,10,2018,106.1
528,10,2019,110.8
528,10,2020,109.3
528,10,2021,111.0
528,10,2022,112.5
528,10,2023,116.0
528,11,2014,100.0
528,11,2015,101.0
528,11,2016,103.7
528,11,2017,109.9
528,11,2018,123.7
528,11,2019,134.3
528,11,2020,133.9
528,11,2021,131.0
528,11,2022,142.4
528,11,2023,150.6
528,12,2014,100.0
528,12,2015,47.7
528,12,2016,46.6
528,12,2017,45.1
528,12,2018,43.7
528,12,2019,39.5
528,12,2020,39.5
528,12,2021,31.2
528,12,2022,17.8
528,12,2023,13.3
528,13,2014,100.0
528,13,2015,100.1
528,13,2016,97.0
528,13,2017,102.3
528,13,2018,103.4
528,13,2019,102.1
528,13,2020,105.4
528,13,2021,107.2
528,13,2022,104.8
528,13,2023,101.1
528,14,2014,100.0
528,14,2015,88.0
528,14,2016,88.0
528,14,2017,86.7
528,14,2018,86.3
528,14,2019,85.6
528,14,2020,80.9
528,14,2021,74.6
528,14,2022,78.6
528,14,2023,76.6
528,15,2014,100.0
528,15,2015,103.2
528,15,2016,106.9
528,15,2017,104.3
528,15,2018,110.9
528,15,2019,116.4
528,15,2020,117.4
528,15,2021,113.0
528,15,2022,117.8
528,15,2023,119.0
528,16,2014,100.0
528,16,2015,102.0
528,16,2016,107.1
528,16,2017,111.7
528,16,2018,113.5
528,16,2019,117.7
528,16,2020,123.9
528,16,2021,129.9
528,16,2022,136.8
528,16,2023,138.0
528,17,2014,100.0
528,17,2015,98.5
528,17,2016,97.8
528,17,2017,97.1
528,17,2018,104.4
528,17,2019,106.7
528,17,2020,105.0
528,17,2021,103.3
528,17,2022,103.6
528,17,2023,107.0
528,18,2014,100.0
528,18,2015,92.1
528,18,2016,91.0
528,18,2017,86.6
528,18,2018,81.2
528,18,2019,76.9
528,18,2020,71.8
528,18,2021,69.4
528,18,2022,70.3
528,18,2023,68.2
528,19,2014,100.0
528,19,2015,97.7
528,19,2016,99.9
528,19,2017,102.8
528,19,2018,103.8
528,19,2019,104.1
528,19,2020,102.9
528,19,2021,98.6
528,19,2022,97.3
528,19,2023,101.4
528,20,2014,100.0
528,20,2015,99.8
528,20,2016,100.8
528,20,2017,100.9
528,20,2018,103.0
528,20,2019,105.0
528,20,2020,102.6
528,20,2021,102.1
528,20,2022,105.4
528,20,2023,109.9
528,21,2014,100.0
528,21,2015,102.3
528,21,2016,101.9
528,21,2017,104.0
528,21,2018,105.5
528,21,2019,109.5
528,21,2020,116.3
528,21,2021,124.0
528,21,2022,140.0
528,21,2023,151.2
528,22,2014,100.0
528,22,2015,102.2
528,22,2016,105.2
528,22,2017,109.9
528,22,2018,108.5
528,22,2019,110.1
528,22,2020,111.2
528,22,2021,111.3
528,22,2022,114.4
528,22,2023,113.7
528,23,2014,100.0
528,23,2015,97.4
528,23,2016,97.2
528,23,2017,100.6
528,23,2018,105.5
528,23,2019,106.6
528,23,2020,107.9
528,23,2021,107.0
528,23,2022,108.1
528,23,2023,106.2
528,24,2014,100.0
528,24,2015,100.0
528,24,2016,100.3
528,24,2017,100.1
528,24,2018,107.5
528,24,2019,109.3
528,24,2020,106.1
528,24,2021,102.6
528,24,2022,104.2
528,24,2023,105.3
528,25,2014,100.0
528,25,2015,100.7
528,25,2016,102.9
528,25,2017,103.5
528,25,2018,105.5
528,25,2019,107.6
528,25,2020,107.9
528,25,2021,106.8
528,25,2022,107.6
528,25,2023,107.4
528,26,2014,100.0
528,26,2015,98.5
528,26,2016,93.7
528,26,2017,92.8
528,26,2018,98.5
528,26,2019,104.3
528,26,2020,101.4
528,26,2021,101.8
528,26,2022,103.9
528,26,2023,107.3
528,27,2014,100.0
528,27,2015,99.2
528,27,2016,106.4
528,27,2017,105.5
528,27,2018,107.8
528,27,2019,111.0
528,27,2020,116.0
528,27,2021,115.8
528,27,2022,122.6
528,27,2023,127.5
528,28,2014,100.0
528,28,2015,100.0
528,28,2016,101.5
528,28,2017,103.5
528,28,2018,105.9
528,28,2019,111.4
528,28,2020,114.4
528,28,2021,116.5
528,28,2022,121.7
528,28,2023,129.4
528,29,2014,100.0
528,29,2015,108.6
528,29,2016,112.9
528,29,2017,121.7
528,29,2018,135.3
528,29,2019,140.8
528,29,2020,135.3
528,29,2021,123.1
528,29,2022,125.0
528,29,2023,124.8
528,30,2014,100.0
528,30,2015,98.8
528,30,2016,96.3
528,30,2017,93.5
528,30,2018,98.5
528,30,2019,104.6
528,30,2020,102.0
528,30,2021,99.0
528,30,2022,99.7
528,30,2023,104.5
528,31,2014,100.0
528,31,2015,98.9
528,31,2016,102.7
528,31,2017,108.4
528,31,2018,110.6
528,31,2019,109.1
528,31,2020,111.6
528,31,2021,113.9
528,31,2022,118.9
528,31,2023,117.4
528,32,2014,100.0
528,32,2015,100.5
528,32,2016,101.8
528,32,2017,107.7
528,32,2018,112.2
528,32,2019,111.2
528,32,2020,111.6
528,32,2021,115.7
528,32,2022,118.7
528,32,2023,118.5
528,33,2014,100.0
528,33,2015,102.2
528,33,2016,103.8
528,33,2017,108.1
528,33,2018,106.9
528,33,2019,110.7
528,33,2020,106.5
528,33,2021,103.6
528,33,2022,104.6
528,33,2023,105.9
554,10,2014,100.0
554,10,2015,109.8
554,10,2016,111.8
554,10,2017,112.6
554,10,2018,114.9
554,10,2019,116.1
554,10,2020,118.1
554,10,2021,116.6
554,10,2022,117.4
554,10,2023,119.9
554,11,2014,100.0
554,11,2015,98.9
554,11,2016,103.2
554,11,2017,104.2
554,11,2018,111.6
554,11,2019,113.7
554,11,2020,112.6
554,11,2021,113.7
554,11,2022,112.6
554,11,2023,116.8
554,12,2014,100.0
554,12,2015,96.2
554,12,2016,96.2
554,12,2017,88.5
554,12,2018,84.6
554,12,2019,80.8
554,12,2020,80.8
554,12,2021,2.3
554,12,2022,0.0
554,12,2023,1.2
554,13,2014,100.0
554,13,2015,105.8
554,13,2016,104.6
554,13,2017,101.4
554,13,2018,99.8
554,13,2019,100.6
554,13,2020,97.1
554,13,2021,98.3
554,13,2022,103.9
554,13,2023,104.8
554,14,2014,100.0
554,14,2015,92.3
554,14,2016,86.5
554,14,2017,84.6
554,14,2018,82.7
554,14,2019,76.9
554,14,2020,73.1
554,14,2021,69.2
554,14,2022,75.0
554,14,2023,71.2
554,15,2014,100.0
554,15,2015,112.0
554,15,2016,104.3
554,15,2017,103.3
554,15,2018,88.8
554,15,2019,106.2
554,15,2020,71.7
554,15,2021,66.3
554,15,2022,65.6
554,15,2023,66.3
554,16,2014,100.0
554,16,2015,103.4
554,16,2016,107.4
554,16,2017,110.1
554,16,2018,118.9
554,16,2019,118.9
554,16,2020,118.9
554,16,2021,117.6
554,16,2022,123.0
554,16,2023,119.6
554,17,2014,100.0
554,17,2015,105.1
554,17,2016,99.0
554,17,2017,103.0
554,17,2018,109.1
554,17,2019,111.1
554,17,2020,109.1
554,17,2021,109.1
554,17,2022,107.1
554,17,2023,109.1
554,18,2014,100.0
554,18,2015,96.4
554,18,2016,91.6
554,18,2017,89.2
554,18,2018,88.0
554,18,2019,84.3
554,18,2020,81.9
554,18,2021,74.7
554,18,2022,72.3
554,18,2023,69.9
554,19,2014,100.0
554,19,2015,104.0
554,19,2016,106.0
554,19,2017,110.0
554,19,2018,118.0
554,19,2019,124.0
554,19,2020,136.0
554,19,2021,124.0
554,19,2022,144.0
554,19,2023,6.4
554,20,2014,100.0
554,20,2015,107.8
554,20,2016,109.7
554,20,2017,110.7
554,20,2018,116.5
554,20,2019,122.3
554,20,2020,125.2
554,20,2021,120.4
554,20,2022,118.4
554,20,2023,119.4
554,21,2014,100.0
554,21,2015,100.0
554,21,2016,103.8
554,21,2017,109.4
554,21,2018,117.0
554,21,2019,128.3
554,21,2020,130.2
554,21,2021,128.3
554,21,2022,128.3
554,21,2023,130.2
554,22,2014,100.0
554,22,2015,101.7
554,22,2016,101.7
554,22,2017,103.3
554,22,2018,105.8
554,22,2019,105.0
554,22,2020,102.5
554,22,2021,100.0
554,22,2022,102.5
554,22,2023,100.0
554,23,2014,100.0
554,23,2015,111.0
554,23,2016,108.8
554,23,2017,111.0
554,23,2018,112.1
554,23,2019,115.4
554,23,2020,115.4
554,23,2021,114.3
554,23,2022,113.2
554,23,2023,114.3
554,24,2014,100.0
554,24,2015,100.0
554,24,2016,99.0
554,24,2017,94.0
554,24,2018,94.0
554,24,2019,98.0
554,24,2020,97.0
554,24,2021,93.0
554,24,2022,96.0
554,24,2023,97.0
554,25,2014,100.0
554,25,2015,105.4
554,25,2016,107.2
554,25,2017,112.1
554,25,2018,117.0
554,25,2019,116.6
554,25,2020,117.0
554,25,2021,116.1
554,25,2022,123.3
554,25,2023,125.1
554,26,2014,100.0
554,26,2015,107.0
554,26,2016,110.6
554,26,2017,114.1
554,26,2018,116.9
554,26,2019,119.7
554,26,2020,123.2
554,26,2021,140.1
554,26,2022,148.6
554,26,2023,150.0
554,27,2014,100.0
554,27,2015,97.1
554,27,2016,98.0
554,27,2017,93.1
554,27,2018,85.3
554,27,2019,85.3
554,27,2020,84.3
554,27,2021,86.3
554,27,2022,90.2
554,27,2023,95.1
554,28,2014,100.0
554,28,2015,103.6
554,28,2016,103.9
554,28,2017,104.9
554,28,2018,108.8
554,28,2019,111.1
554,28,2020,108.8
554,28,2021,104.6
554,28,2022,112.7
554,28,2023,115.4
554,29,2014,100.0
554,29,2015,101.4
554,29,2016,106.8
554,29,2017,113.5
554,29,2018,117.6
554,29,2019,117.6
554,29,2020,117.6
554,29,2021,113.5
554,29,2022,120.3
554,29,2023,121.6
554,30,2014,100.0
554,30,2015,95.7
554,30,2016,104.3
554,30,2017,107.6
554,30,2018,108.7
554,30,2019,110.9
554,30,2020,110.9
554,30,2021,105.4
554,30,2022,110.9
554,30,2023,113.0
554,31,2014,100.0
554,31,2015,100.0
554,31,2016,101.8
554,31,2017,107.3
554,31,2018,107.3
554,31,2019,107.3
554,31,2020,107.3
554,31,2021,109.1
554,31,2022,114.5
554,31,2023,110.9
554,32,2014,100.0
554,32,2015,100.0
554,32,2016,105.8
554,32,2017,113.5
554,32,2018,113.5
554,32,2019,119.2
554,32,2020,117.3
554,32,2021,117.3
554,32,2022,123.1
554,32,2023,125.0
578,10,2014,100.0
578,10,2015,103.7
578,10,2016,104.0
578,10,2017,104.3
578,10,2018,105.5
578,10,2019,104.9
578,10,2020,103.0
578,10,2021,102.3
578,10,2022,105.0
578,10,2023,106.3
578,11,2014,100.0
578,11,2015,98.8
578,11,2016,98.2
578,11,2017,95.7
578,11,2018,97.2
578,11,2019,90.7
578,11,2020,84.5
578,11,2021,83.8
578,11,2022,86.0
578,11,2023,88.0
578,12,2012,
578,12,2013,
578,12,2014,
578,12,2015,
578,12,2016,
578,12,2017,
578,12,2018,
578,12,2019,
578,12,2020,
578,12,2021,
578,13,2014,100.0
578,13,2015,99.8
578,13,2016,99.6
578,13,2017,104.4
578,13,2018,104.5
578,13,2019,102.0
578,13,2020,114.1
578,13,2021,118.2
578,13,2022,118.9
578,13,2023,115.8
578,14,2014,100.0
578,14,2015,105.5
578,14,2016,122.1
578,14,2017,122.3
578,14,2018,124.9
578,14,2019,123.7
578,14,2020,111.5
578,14,2021,102.1
578,14,2022,115.3
578,14,2023,117.7
578,15,2011,100.0
578,15,2012,93.3
578,15,2013,92.5
578,15,2014,79.2
578,15,2015,100.8
578,15,2016,105.8
578,15,2017,108.3
578,15,2018,104.2
578,15,2019,100.0
578,15,2020,91.7
578,16,2014,100.0
578,16,2015,100.0
578,16,2016,100.3
578,16,2017,105.7
578,16,2018,104.5
578,16,2019,103.2
578,16,2020,102.4
578,16,2021,103.8
578,16,2022,106.8
578,16,2023,100.6
578,17,2014,100.0
578,17,2015,102.6
578,17,2016,98.4
578,17,2017,99.2
578,17,2018,100.4
578,17,2019,99.4
578,17,2020,99.9
578,17,2021,97.1
578,17,2022,97.8
578,17,2023,95.4
578,18,2014,100.0
578,18,2015,102.3
578,18,2016,95.9
578,18,2017,92.4
578,18,2018,90.5
578,18,2019,83.2
578,18,2020,75.3
578,18,2021,72.0
578,18,2022,73.2
578,18,2023,71.9
578,19,2011,100.0
578,19,2012,109.1
578,19,2013,118.2
578,19,2014,90.9
578,19,2015,5845.5
578,19,2016,3845.5
578,19,2017,3790.9
578,19,2018,3427.3
578,19,2019,3754.5
578,19,2020,3345.5
578,20,2014,100.0
578,20,2015,103.8
578,20,2016,104.5
578,20,2017,104.5
578,20,2018,107.5
578,20,2019,107.6
578,20,2020,106.2
578,20,2021,99.5
578,20,2022,100.9
578,20,2023,101.5
578,21,2011,100.0
578,21,2012,87.3
578,21,2013,97.2
578,21,2014,101.1
578,21,2015,91.8
578,21,2016,89.4
578,21,2017,92.8
578,21,2018,89.8
578,21,2019,93.8
578,21,2020,95.0
578,22,2014,100.0
578,22,2015,100.4
578,22,2016,99.0
578,22,2017,99.4
578,22,2018,98.9
578,22,2019,99.6
578,22,2020,99.3
578,22,2021,97.3
578,22,2022,100.9
578,22,2023,102.6
578,23,2014,100.0
578,23,2015,101.4
578,23,2016,98.8
578,23,2017,100.4
578,23,2018,103.6
578,23,2019,100.7
578,23,2020,101.1
578,23,2021,95.1
578,23,2022,98.2
578,23,2023,97.7
578,24,2014,100.0
578,24,2015,104.8
578,24,2016,105.9
578,24,2017,107.8
578,24,2018,109.2
578,24,2019,109.0
578,24,2020,107.2
578,24,2021,101.5
578,24,2022,105.3
578,24,2023,106.9
578,25,2014,100.0
578,25,2015,96.4
578,25,2016,89.8
578,25,2017,88.2
578,25,2018,90.5
578,25,2019,95.6
578,25,2020,95.9
578,25,2021,96.0
578,25,2022,98.7
578,25,2023,103.7
578,26,2013,100.0
578,26,2014,102.6
578,26,2015,105.5
578,26,2016,102.0
578,26,2017,98.9
578,26,2018,97.3
578,26,2019,98.2
578,26,2020,100.4
578,26,2022,119.3
578,26,2023,124.7
578,27,2014,100.0
578,27,2015,101.2
578,27,2016,92.0
578,27,2017,92.8
578,27,2018,85.9
578,27,2019,96.6
578,27,2020,97.4
578,27,2021,98.4
578,27,2022,112.4
578,27,2023,120.7
578,28,2014,100.0
578,28,2015,100.5
578,28,2016,86.8
578,28,2017,76.6
578,28,2018,77.1
578,28,2019,78.9
578,28,2020,76.6
578,28,2021,66.0
578,28,2022,66.2
578,28,2023,66.5
578,29,2014,100.0
578,29,2015,90.8
578,29,2016,95.5
578,29,2017,98.3
578,29,2018,98.3
578,29,2019,99.9
578,29,2020,92.8
578,29,2021,98.0
578,29,2022,104.5
578,29,2023,98.0
578,30,2014,100.0
578,30,2015,92.0
578,30,2016,70.5
578,30,2017,66.0
578,30,2018,66.4
578,30,2019,69.5
578,30,2020,65.9
578,30,2021,60.7
578,30,2022,51.1
578,30,2023,51.9
578,31,2014,100.0
578,31,2015,99.1
578,31,2016,98.7
578,31,2017,99.9
578,31,2018,100.6
578,31,2019,96.4
578,31,2020,92.6
578,31,2021,96.4
578,31,2022,122.9
578,31,2023,93.5
578,32,2014,100.0
578,32,2015,104.7
578,32,2016,101.8
578,32,2017,106.3
578,32,2018,106.8
578,32,2019,109.8
578,32,2020,107.2
578,32,2021,109.9
578,32,2022,111.9
578,32,2023,114.9
578,33,2014,100.0
578,33,2015,100.5
578,33,2016,98.0
578,33,2017,96.9
578,33,2018,98.6
578,33,2019,97.1
578,33,2020,100.3
578,33,2021,98.7
578,33,2022,102.7
578,33,2023,106.9
591,10,2014,100.0
591,10,2015,112.4
591,10,2016,114.3
591,10,2017,114.4
591,10,2018,116.4
591,10,2019,111.8
591,10,2020,102.1
591,10,2021,86.1
591,10,2022,90.4
591,10,2023,103.5
591,11,2014,100.0
591,11,2015,101.9
591,11,2016,103.7
591,11,2017,99.0
591,11,2018,103.3
591,11,2019,95.9
591,11,2020,71.4
591,11,2021,68.1
591,11,2022,76.6
591,11,2023,146.3
591,13,2014,100.0
591,13,2015,95.5
591,13,2016,89.4
591,13,2017,89.7
591,13,2018,88.1
591,13,2019,79.2
591,13,2020,37.8
591,13,2021,52.7
591,13,2022,56.5
591,13,2023,79.3
591,14,2014,100.0
591,14,2015,66.3
591,14,2016,79.5
591,14,2017,73.5
591,14,2018,68.6
591,14,2019,35.5
591,14,2020,14.0
591,14,2021,20.3
591,14,2022,26.5
591,14,2023,35.0
591,15,2014,100.0
591,15,2015,101.4
591,15,2016,100.7
591,15,2017,85.6
591,15,2018,67.5
591,15,2019,49.1
591,15,2020,48.0
591,15,2021,48.7
591,15,2022,53.1
591,15,2023,51.6
591,16,2014,100.0
591,16,2015,113.1
591,16,2016,74.1
591,16,2017,57.1
591,16,2018,50.7
591,16,2019,37.4
591,16,2020,20.9
591,16,2021,28.7
591,16,2022,28.0
591,16,2023,33.5
591,17,2014,100.0
591,17,2015,100.3
591,17,2016,96.6
591,17,2017,89.5
591,17,2018,92.6
591,17,2019,68.9
591,17,2020,60.0
591,17,2021,63.5
591,17,2022,84.0
591,17,2023,86.2
591,18,2014,100.0
591,18,2015,87.3
591,18,2016,88.5
591,18,2017,85.1
591,18,2018,85.1
591,18,2019,74.8
591,18,2020,49.3
591,18,2021,47.6
591,18,2022,51.7
591,18,2023,57.0
591,20,2014,100.0
591,20,2015,96.9
591,20,2016,99.5
591,20,2017,105.3
591,20,2018,111.2
591,20,2019,115.5
591,20,2020,107.7
591,20,2021,107.2
591,20,2022,109.9
591,20,2023,105.1
591,21,2013,100.0
591,21,2014,104.6
591,21,2015,103.4
591,21,2016,44.8
591,21,2017,44.2
591,21,2018,43.3
591,21,2019,38.0
591,21,2020,39.6
591,21,2021,25.9
591,21,2022,25.8
591,22,2014,100.0
591,22,2015,75.4
591,22,2016,83.7
591,22,2017,85.4
591,22,2018,78.7
591,22,2019,62.7
591,22,2020,44.3
591,22,2021,38.9
591,22,2022,50.9
591,22,2023,57.0
591,23,2014,100.0
591,23,2015,93.9
591,23,2016,96.2
591,23,2017,116.0
591,23,2018,107.5
591,23,2019,86.2
591,23,2020,66.5
591,23,2021,55.6
591,23,2022,66.0
591,23,2023,66.3
591,24,2014,100.0
591,24,2015,90.5
591,24,2016,85.7
591,24,2017,80.1
591,24,2018,75.3
591,24,2019,53.1
591,24,2020,26.6
591,24,2021,47.8
591,24,2022,61.0
591,24,2023,58.9
591,25,2014,100.0
591,25,2015,104.0
591,25,2016,98.7
591,25,2017,100.6
591,25,2018,96.8
591,25,2019,65.5
591,25,2020,42.7
591,25,2021,50.6
591,25,2022,64.9
591,25,2023,81.1
591,27,2013,100.0
591,27,2014,92.0
591,27,2015,98.1
591,27,2016,84.8
591,27,2017,73.5
591,27,2018,95.5
591,27,2019,109.4
591,27,2020,39.3
591,27,2022,80.5
591,27,2023,61.0
591,28,2012,100.0
591,28,2013,107.3
591,28,2014,46.3
591,28,2015,40.2
591,28,2016,41.5
591,28,2017,39.0
591,28,2018,35.4
591,28,2019,35.4
591,28,2020,25.6
591,28,2021,25.6
591,29,2011,100.0
591,29,2012,94.8
591,29,2013,21.6
591,29,2014,20.7
591,29,2015,14.7
591,29,2016,12.9
591,30,2011,100.0
591,30,2012,234.9
591,30,2013,121.1
591,31,2014,100.0
591,31,2015,96.4
591,31,2016,89.2
591,31,2017,71.6
591,31,2018,67.6
591,31,2019,46.6
591,31,2020,27.9
591,31,2021,49.5
591,31,2022,52.6
591,31,2023,47.9
591,32,2014,100.0
591,32,2015,138.8
591,32,2016,120.2
591,32,2017,112.8
591,32,2018,110.8
591,32,2019,98.7
591,32,2020,80.6
591,32,2021,164.0
591,32,2022,160.2
591,32,2023,309.8
591,33,2014,100.0
591,33,2015,82.3
591,33,2016,66.8
591,33,2017,71.1
591,33,2018,67.3
591,33,2019,43.3
591,33,2020,29.9
591,33,2021,26.3
591,33,2022,26.3
591,33,2023,29.2
604,10,2014,100.0
604,10,2015,96.8
604,10,2016,105.2
604,10,2017,147.4
604,10,2018,156.5
604,10,2019,160.4
604,10,2020,156.8
604,10,2021,167.9
604,10,2022,144.2
604,10,2023,192.8
604,11,2014,100.0
604,11,2015,104.5
604,11,2016,109.4
604,11,2017,120.5
604,11,2018,127.7
604,11,2019,128.0
604,11,2020,131.9
604,11,2021,129.0
604,11,2022,116.3
604,11,2023,120.7
604,12,2021,100.0
604,12,2022,642.9
604,13,2014,100.0
604,13,2015,146.1
604,13,2016,106.3
604,13,2017,89.0
604,13,2018,118.5
604,13,2019,126.8
604,13,2020,96.8
604,13,2021,112.5
604,13,2022,83.5
604,13,2023,135.5
604,14,2014,100.0
604,14,2015,85.7
604,14,2016,79.9
604,14,2017,81.9
604,14,2018,117.9
604,14,2019,123.2
604,14,2020,198.2
604,14,2021,99.1
604,14,2022,68.6
604,14,2023,82.4
604,15,2014,100.0
604,15,2015,85.2
604,15,2016,122.1
604,15,2017,94.7
604,15,2018,278.1
604,15,2019,251.6
604,15,2020,96.9
604,15,2021,253.1
604,15,2022,108.7
604,15,2023,159.3
604,16,2014,100.0
604,16,2015,77.4
604,16,2016,82.1
604,16,2017,65.7
604,16,2018,196.5
604,16,2019,231.6
604,16,2020,87.5
604,16,2021,145.3
604,16,2022,103.5
604,16,2023,212.7
604,17,2014,100.0
604,17,2015,112.9
604,17,2016,121.2
604,17,2017,84.8
604,17,2018,106.1
604,17,2019,116.6
604,17,2020,108.1
604,17,2021,128.6
604,17,2022,99.5
604,17,2023,111.9
604,18,2014,100.0
604,18,2015,159.7
604,18,2016,106.3
604,18,2017,98.1
604,18,2018,216.5
604,18,2019,199.3
604,18,2020,220.7
604,18,2021,173.7
604,18,2022,78.6
604,18,2023,161.6
604,19,2014,100.0
604,19,2015,97.2
604,19,2016,110.6
604,19,2017,99.7
604,19,2018,99.9
604,19,2019,125.3
604,19,2020,114.0
604,19,2021,132.2
604,19,2022,140.8
604,19,2023,33.4
604,20,2014,100.0
604,20,2015,105.2
604,20,2016,110.5
604,20,2017,131.5
604,20,2018,148.8
604,20,2019,140.5
604,20,2020,118.0
604,20,2021,122.1
604,20,2022,103.6
604,20,2023,131.6
604,21,2014,100.0
604,21,2015,101.7
604,21,2016,110.3
604,21,2017,133.5
604,21,2018,141.9
604,21,2019,130.9
604,21,2020,109.4
604,21,2021,123.5
604,21,2022,111.9
604,21,2023,120.4
604,22,2014,100.0
604,22,2015,111.1
604,22,2016,122.0
604,22,2017,123.0
604,22,2018,149.3
604,22,2019,153.3
604,22,2020,134.4
604,22,2021,135.9
604,22,2022,112.9
604,22,2023,150.7
604,23,2014,100.0
604,23,2015,111.7
604,23,2016,104.2
604,23,2017,116.8
604,23,2018,135.0
604,23,2019,130.2
604,23,2020,119.5
604,23,2021,115.3
604,23,2022,120.6
604,23,2023,123.1
604,24,2014,100.0
604,24,2015,58.4
604,24,2016,67.1
604,24,2017,70.9
604,24,2018,82.2
604,24,2019,104.6
604,24,2020,92.9
604,24,2021,68.9
604,24,2022,111.0
604,24,2023,72.0
604,25,2014,100.0
604,25,2015,107.0
604,25,2016,131.1
604,25,2017,107.6
604,25,2018,231.6
604,25,2019,223.2
604,25,2020,199.8
604,25,2021,215.0
604,25,2022,119.1
604,25,2023,192.5
604,26,2014,100.0
604,26,2015,146.7
604,26,2016,99.3
604,26,2017,27.4
604,26,2018,66.2
604,26,2019,53.1
604,26,2020,20.6
604,26,2021,24.9
604,26,2022,34.5
604,26,2023,37.3
604,27,2014,100.0
604,27,2015,102.9
604,27,2016,84.3
604,27,2017,73.5
604,27,2018,91.8
604,27,2019,88.6
604,27,2020,83.7
604,27,2021,89.3
604,27,2022,69.5
604,27,2023,91.2
604,28,2014,100.0
604,28,2015,98.7
604,28,2016,101.3
604,28,2017,94.6
604,28,2018,160.3
604,28,2019,179.6
604,28,2020,155.5
604,28,2021,163.9
604,28,2022,116.9
604,28,2023,160.1
604,29,2014,100.0
604,29,2015,84.9
604,29,2016,98.6
604,29,2017,95.4
604,29,2018,136.5
604,29,2019,220.4
604,29,2020,100.7
604,29,2021,96.8
604,29,2022,62.6
604,29,2023,118.5
604,30,2014,100.0
604,30,2015,92.3
604,30,2016,64.3
604,30,2017,66.9
604,30,2018,75.6
604,30,2019,82.2
604,30,2020,63.5
604,30,2021,82.7
604,30,2022,67.2
604,30,2023,78.7
604,31,2014,100.0
604,31,2015,133.5
604,31,2016,143.8
604,31,2017,121.8
604,31,2018,238.5
604,31,2019,281.5
604,31,2020,199.0
604,31,2021,289.0
604,31,2022,142.1
604,31,2023,425.2
604,32,2014,100.0
604,32,2015,92.2
604,32,2016,88.1
604,32,2017,196.0
604,32,2018,272.5
604,32,2019,260.3
604,32,2020,231.4
604,32,2021,210.3
604,32,2022,185.1
604,32,2023,296.6
604,33,2014,100.0
604,33,2015,127.8
604,33,2016,74.3
604,33,2017,140.0
604,33,2018,181.7
604,33,2019,118.3
604,33,2020,317.9
604,33,2021,210.7
604,33,2022,189.9
604,33,2023,326.4
608,10,2013,100.0
608,10,2014,102.7
608,10,2015,104.3
608,10,2016,100.8
608,10,2017,100.8
608,10,2018,131.3
608,10,2019,169.7
608,10,2020,114.5
608,10,2021,111.9
608,10,2022,121.2
608,11,2013,100.0
608,11,2014,94.0
608,11,2015,102.0
608,11,2016,92.6
608,11,2017,101.5
608,11,2018,241.1
608,11,2019,246.5
608,11,2020,284.0
608,11,2021,210.2
608,11,2022,196.0
608,12,2013,100.0
608,12,2014,91.7
608,12,2015,148.4
608,12,2016,143.1
608,12,2017,178.2
608,12,2018,83.7
608,12,2019,112.3
608,12,2020,100.9
608,12,2021,115.4
608,12,2022,91.5
608,13,2013,100.0
608,13,2014,95.0
608,13,2015,111.6
608,13,2016,113.9
608,13,2017,112.9
608,13,2018,79.0
608,13,2019,102.0
608,13,2020,61.2
608,13,2021,66.4
608,13,2022,65.0
608,14,2013,100.0
608,14,2014,101.8
608,14,2015,99.5
608,14,2016,102.0
608,14,2017,110.4
608,14,2018,113.7
608,14,2019,118.5
608,14,2020,76.3
608,14,2021,83.4
608,14,2022,71.3
608,15,2013,100.0
608,15,2014,134.5
608,15,2015,171.6
608,15,2016,120.6
608,15,2017,132.6
608,15,2018,197.3
608,15,2019,161.3
608,15,2020,152.1
608,15,2021,162.4
608,15,2022,194.4
608,16,2013,100.0
608,16,2014,84.1
608,16,2015,87.2
608,16,2016,78.2
608,16,2017,78.3
608,16,2018,86.6
608,16,2019,96.4
608,16,2020,82.9
608,16,2021,84.3
608,16,2022,90.6
608,17,2013,100.0
608,17,2014,101.0
608,17,2015,100.5
608,17,2016,104.8
608,17,2017,89.5
608,17,2018,97.6
608,17,2019,137.8
608,17,2020,128.4
608,17,2021,95.0
608,17,2022,75.3
608,18,2013,100.0
608,18,2014,91.9
608,18,2015,91.0
608,18,2016,87.2
608,18,2017,80.4
608,18,2018,164.4
608,18,2019,359.6
608,18,2020,136.4
608,18,2021,117.3
608,18,2022,131.6
608,19,2013,100.0
608,19,2014,125.6
608,19,2015,147.8
608,19,2016,95.6
608,19,2017,100.9
608,19,2018,96.8
608,19,2019,124.9
608,19,2020,124.9
608,19,2021,101.4
608,19,2022,163.5
608,20,2013,100.0
608,20,2014,78.8
608,20,2015,83.4
608,20,2016,71.2
608,20,2017,79.3
608,20,2018,88.7
608,20,2019,114.0
608,20,2020,95.4
608,20,2021,79.7
608,20,2022,97.7
608,21,2013,100.0
608,21,2014,103.7
608,21,2015,108.4
608,21,2016,101.9
608,21,2017,106.7
608,21,2018,107.8
608,21,2019,64.6
608,21,2020,105.6
608,21,2021,67.4
608,21,2022,93.2
608,22,2013,100.0
608,22,2014,112.4
608,22,2015,113.6
608,22,2016,104.1
608,22,2017,108.2
608,22,2018,125.8
608,22,2019,167.9
608,22,2020,108.4
608,22,2021,108.5
608,22,2022,114.9
608,23,2013,100.0
608,23,2014,93.7
608,23,2015,94.9
608,23,2016,86.6
608,23,2017,92.1
608,23,2018,136.8
608,23,2019,138.3
608,23,2020,126.2
608,23,2021,130.7
608,23,2022,166.7
608,24,2013,100.0
608,24,2014,105.7
608,24,2015,100.7
608,24,2016,97.1
608,24,2017,96.6
608,24,2018,133.2
608,24,2019,144.7
608,24,2020,109.3
608,24,2021,127.0
608,24,2022,126.8
608,25,2013,100.0
608,25,2014,99.5
608,25,2015,105.1
608,25,2016,111.9
608,25,2017,108.5
608,25,2018,116.0
608,25,2019,186.0
608,25,2020,125.5
608,25,2021,116.4
608,25,2022,110.4
608,26,2013,100.0
608,26,2014,107.0
608,26,2015,114.7
608,26,2016,105.5
608,26,2017,107.7
608,26,2018,92.7
608,26,2019,73.3
608,26,2020,109.3
608,26,2021,111.2
608,26,2022,98.7
608,27,2013,100.0
608,27,2014,110.0
608,27,2015,118.5
608,27,2016,135.5
608,27,2017,102.6
608,27,2018,163.4
608,27,2019,134.8
608,27,2020,109.7
608,27,2021,169.9
608,27,2022,139.7
608,28,2013,100.0
608,28,2014,90.0
608,28,2015,121.4
608,28,2016,201.6
608,28,2017,225.6
608,28,2018,189.7
608,28,2019,158.7
608,28,2020,127.8
608,28,2021,157.8
608,28,2022,200.4
608,29,2013,100.0
608,29,2014,93.7
608,29,2015,110.4
608,29,2016,122.1
608,29,2017,120.9
608,29,2018,112.7
608,29,2019,88.2
608,29,2020,135.0
608,29,2021,111.0
608,29,2022,145.4
608,30,2013,100.0
608,30,2014,82.8
608,30,2015,113.3
608,30,2016,46.9
608,30,2017,56.6
608,30,2018,68.9
608,30,2019,58.4
608,30,2020,56.4
608,30,2021,60.1
608,30,2022,61.4
608,31,2013,100.0
608,31,2014,100.5
608,31,2015,94.1
608,31,2016,91.0
608,31,2017,94.9
608,31,2018,107.5
608,31,2019,154.0
608,31,2020,95.7
608,31,2021,114.2
608,31,2022,113.0
608,32,2013,100.0
608,32,2014,101.7
608,32,2015,112.2
608,32,2016,93.7
608,32,2017,147.3
608,32,2018,135.5
608,32,2019,148.8
608,32,2020,127.7
608,32,2021,124.6
608,32,2022,128.0
608,33,2013,100.0
608,33,2014,74.7
608,33,2015,43.4
608,33,2016,87.8
608,33,2017,84.6
608,33,2018,151.3
608,33,2019,157.5
608,33,2020,106.4
608,33,2021,96.0
608,33,2022,79.0
616,10,2014,100.0
616,10,2015,100.5
616,10,2016,102.8
616,10,2017,103.8
616,10,2018,113.0
616,10,2019,113.9
616,10,2020,110.1
616,10,2021,114.2
616,10,2022,114.1
616,10,2023,112.5
616,11,2014,100.0
616,11,2015,100.7
616,11,2016,95.0
616,11,2017,94.7
616,11,2018,100.3
616,11,2019,107.0
616,11,2020,101.7
616,11,2021,102.1
616,11,2022,96.9
616,11,2023,97.3
616,12,2014,100.0
616,12,2015,102.3
616,12,2016,105.3
616,12,2017,119.7
616,12,2018,175.5
616,12,2019,166.6
616,12,2020,176.1
616,12,2021,187.8
616,12,2022,190.8
616,12,2023,203.7
616,13,2014,100.0
616,13,2015,106.5
616,13,2016,113.9
616,13,2017,112.8
616,13,2018,126.8
616,13,2019,115.0
616,13,2020,116.5
616,13,2021,118.2
616,13,2022,113.9
616,13,2023,107.3
616,14,2014,100.0
616,14,2015,98.9
616,14,2016,99.0
616,14,2017,93.8
616,14,2018,107.8
616,14,2019,101.2
616,14,2020,91.4
616,14,2021,82.2
616,14,2022,78.9
616,14,2023,75.1
616,15,2012,100.0
616,15,2013,97.4
616,15,2014,102.0
616,15,2015,96.8
616,15,2016,100.4
616,15,2017,106.5
616,15,2018,114.3
616,15,2019,101.7
616,15,2020,85.8
616,15,2021,79.3
616,16,2014,100.0
616,16,2015,103.0
616,16,2016,107.0
616,16,2017,106.6
616,16,2018,120.0
616,16,2019,121.0
616,16,2020,117.4
616,16,2021,121.5
616,16,2022,122.3
616,16,2023,113.2
616,17,2014,100.0
616,17,2015,102.5
616,17,2016,102.4
616,17,2017,107.5
616,17,2018,115.4
616,17,2019,125.9
616,17,2020,125.6
616,17,2021,128.5
616,17,2022,131.0
616,17,2023,130.3
616,18,2014,100.0
616,18,2015,108.4
616,18,2016,109.6
616,18,2017,112.7
616,18,2018,126.4
616,18,2019,127.3
616,18,2020,121.0
616,18,2021,121.2
616,18,2022,122.0
616,18,2023,118.1
616,19,2012,100.0
616,19,2013,97.5
616,19,2014,97.7
616,19,2015,99.8
616,19,2016,100.1
616,19,2017,102.5
616,19,2018,146.0
616,19,2019,155.5
616,19,2020,156.8
616,19,2021,163.3
616,20,2012,100.0
616,20,2013,97.3
616,20,2014,99.9
616,20,2015,102.6
616,20,2016,105.9
616,20,2017,105.5
616,20,2018,117.2
616,20,2021,125.5
616,20,2022,128.2
616,20,2023,131.6
616,21,2014,100.0
616,21,2015,106.9
616,21,2016,108.4
616,21,2017,105.1
616,21,2018,118.0
616,21,2019,122.6
616,21,2020,108.2
616,21,2021,114.0
616,21,2022,119.2
616,21,2023,130.9
616,22,2014,100.0
616,22,2015,103.6
616,22,2016,110.5
616,22,2017,117.2
616,22,2018,125.9
616,22,2019,128.0
616,22,2020,127.2
616,22,2021,131.3
616,22,2022,134.9
616,22,2023,131.8
616,23,2014,100.0
616,23,2015,102.1
616,23,2016,104.5
616,23,2017,108.0
616,23,2018,117.8
616,23,2019,123.1
616,23,2020,120.3
616,23,2021,125.9
616,23,2022,124.8
616,23,2023,117.9
616,24,2014,100.0
616,24,2015,101.1
616,24,2016,107.7
616,24,2017,109.0
616,24,2018,120.8
616,24,2019,121.9
616,24,2020,118.7
616,24,2021,125.4
616,24,2022,121.3
616,24,2023,117.9
616,25,2012,100.0
616,25,2013,99.1
616,25,2014,104.1
616,25,2015,105.9
616,25,2016,113.3
616,25,2017,116.4
616,25,2018,132.2
616,25,2021,137.2
616,25,2022,139.3
616,25,2023,137.3
616,26,2014,100.0
616,26,2015,102.6
616,26,2016,102.6
616,26,2017,111.5
616,26,2018,111.5
616,26,2019,111.4
616,26,2020,108.9
616,26,2021,103.8
616,26,2022,104.1
616,26,2023,103.9
616,27,2014,100.0
616,27,2015,104.5
616,27,2016,108.8
616,27,2017,112.3
616,27,2018,122.5
616,27,2019,131.0
616,27,2020,126.2
616,27,2021,133.8
616,27,2022,142.7
616,27,2023,150.9
616,28,2014,100.0
616,28,2015,103.5
616,28,2016,105.0
616,28,2017,107.3
616,28,2018,124.5
616,28,2019,113.9
616,28,2020,111.6
616,28,2021,111.0
616,28,2022,112.6
616,28,2023,115.6
616,29,2014,100.0
616,29,2015,104.1
616,29,2016,109.6
616,29,2017,118.8
616,29,2018,125.6
616,29,2019,131.4
616,29,2020,126.9
616,29,2021,123.6
616,29,2022,124.2
616,29,2023,130.8
616,30,2014,100.0
616,30,2015,100.3
616,30,2016,102.3
616,30,2017,104.9
616,30,2018,115.9
616,30,2019,119.0
616,30,2020,123.5
616,30,2021,117.0
616,30,2022,125.6
616,30,2023,127.6
616,31,2014,100.0
616,31,2015,107.6
616,31,2016,112.9
616,31,2017,117.9
616,31,2018,128.7
616,31,2019,128.9
616,31,2020,125.9
616,31,2021,130.5
616,31,2022,128.0
616,31,2023,119.6
616,32,2014,100.0
616,32,2015,100.2
616,32,2016,107.1
616,32,2017,112.0
616,32,2018,125.4
616,32,2019,126.5
616,32,2020,125.2
616,32,2021,128.6
616,32,2022,128.1
616,32,2023,126.2
616,33,2014,100.0
616,33,2015,102.2
616,33,2016,106.3
616,33,2017,106.9
616,33,2018,94.0
616,33,2019,94.0
616,33,2020,93.9
616,33,2021,96.1
616,33,2022,95.9
616,33,2023,97.1
620,10,2014,100.0
620,10,2015,102.7
620,10,2016,105.2
620,10,2017,108.4
620,10,2018,109.9
620,10,2019,112.6
620,10,2020,101.3
620,10,2021,101.7
620,10,2022,103.7
620,10,2023,105.0
620,11,2014,100.0
620,11,2015,102.1
620,11,2016,102.3
620,11,2017,105.9
620,11,2018,111.3
620,11,2019,117.8
620,11,2020,115.4
620,11,2021,117.0
620,11,2022,121.4
620,11,2023,124.3
620,12,2014,100.0
620,12,2015,108.8
620,12,2016,115.1
620,12,2017,113.0
620,12,2018,113.3
620,12,2019,115.8
620,12,2020,114.4
620,12,2021,110.4
620,12,2022,108.3
620,12,2023,108.0
620,13,2014,100.0
620,13,2015,102.4
620,13,2016,107.8
620,13,2017,111.9
620,13,2018,115.0
620,13,2019,112.9
620,13,2020,109.5
620,13,2021,109.7
620,13,2022,111.2
620,13,2023,111.7
620,14,2014,100.0
620,14,2015,102.3
620,14,2016,104.5
620,14,2017,104.1
620,14,2018,105.0
620,14,2019,102.2
620,14,2020,94.7
620,14,2021,93.0
620,14,2022,92.7
620,14,2023,88.5
620,15,2014,100.0
620,15,2015,102.8
620,15,2016,104.2
620,15,2017,103.9
620,15,2018,102.0
620,15,2019,98.4
620,15,2020,91.5
620,15,2021,90.4
620,15,2022,93.4
620,15,2023,87.9
620,16,2014,100.0
620,16,2015,101.5
620,16,2016,102.8
620,16,2017,103.3
620,16,2018,106.3
620,16,2019,107.1
620,16,2020,105.1
620,16,2021,107.3
620,16,2022,109.0
620,16,2023,110.4
620,17,2014,100.0
620,17,2015,103.0
620,17,2016,102.6
620,17,2017,114.5
620,17,2018,119.8
620,17,2019,129.2
620,17,2020,129.7
620,17,2021,139.5
620,17,2022,146.6
620,17,2023,157.0
620,18,2014,100.0
620,18,2015,102.2
620,18,2016,100.1
620,18,2017,102.2
620,18,2018,101.3
620,18,2019,101.2
620,18,2020,91.3
620,18,2021,88.6
620,18,2022,89.0
620,18,2023,85.8
620,19,2014,100.0
620,19,2015,102.2
620,19,2016,100.1
620,19,2017,99.3
620,19,2018,108.5
620,19,2019,104.6
620,19,2020,104.6
620,19,2021,107.2
620,19,2022,106.8
620,19,2023,110.3
620,20,2014,100.0
620,20,2015,103.3
620,20,2016,106.9
620,20,2017,109.9
620,20,2018,114.4
620,20,2019,116.2
620,20,2020,114.8
620,20,2021,120.9
620,20,2022,122.8
620,20,2023,126.4
620,21,2014,100.0
620,21,2015,101.1
620,21,2016,108.0
620,21,2017,118.9
620,21,2018,127.1
620,21,2019,139.7
620,21,2020,146.1
620,21,2021,149.5
620,21,2022,159.5
620,21,2023,163.8
620,22,2014,100.0
620,22,2015,103.5
620,22,2016,106.7
620,22,2017,115.4
620,22,2018,120.7
620,22,2019,123.1
620,22,2020,126.6
620,22,2021,130.0
620,22,2022,133.3
620,22,2023,137.9
620,23,2014,100.0
620,23,2015,101.6
620,23,2016,104.2
620,23,2017,107.0
620,23,2018,110.6
620,23,2019,112.8
620,23,2020,112.2
620,23,2021,117.3
620,23,2022,120.5
620,23,2023,122.1
620,24,2014,100.0
620,24,2015,96.9
620,24,2016,100.0
620,24,2017,107.2
620,24,2018,112.0
620,24,2019,113.7
620,24,2020,108.5
620,24,2021,114.7
620,24,2022,112.0
620,24,2023,113.8
620,25,2014,100.0
620,25,2015,103.0
620,25,2016,107.4
620,25,2017,112.3
620,25,2018,117.2
620,25,2019,121.7
620,25,2020,121.0
620,25,2021,123.9
620,25,2022,125.6
620,25,2023,130.5
620,26,2014,100.0
620,26,2015,101.1
620,26,2016,106.1
620,26,2017,117.1
620,26,2018,127.0
620,26,2019,132.2
620,26,2020,131.8
620,26,2021,134.5
620,26,2022,142.5
620,26,2023,147.8
620,27,2014,100.0
620,27,2015,105.2
620,27,2016,107.1
620,27,2017,109.5
620,27,2018,104.9
620,27,2019,110.1
620,27,2020,103.3
620,27,2021,108.9
620,27,2022,111.7
620,27,2023,113.8
620,28,2014,100.0
620,28,2015,104.2
620,28,2016,106.5
620,28,2017,111.8
620,28,2018,114.9
620,28,2019,119.2
620,28,2020,120.1
620,28,2021,120.7
620,28,2022,126.1
620,28,2023,135.6
620,29,2014,100.0
620,29,2015,106.9
620,29,2016,107.2
620,29,2017,118.6
620,29,2018,139.6
620,29,2019,141.7
620,29,2020,138.6
620,29,2021,135.9
620,29,2022,133.1
620,29,2023,137.6
620,30,2014,100.0
620,30,2015,117.2
620,30,2016,129.6
620,30,2017,145.7
620,30,2018,167.4
620,30,2019,175.1
620,30,2020,172.3
620,30,2021,189.6
620,30,2022,214.3
620,30,2023,245.1
620,31,2014,100.0
620,31,2015,103.9
620,31,2016,109.1
620,31,2017,114.5
620,31,2018,119.2
620,31,2019,121.0
620,31,2020,120.3
620,31,2021,124.1
620,31,2022,129.1
620,31,2023,131.5
620,32,2014,100.0
620,32,2015,107.6
620,32,2016,112.7
620,32,2017,119.6
620,32,2018,119.5
620,32,2019,117.7
620,32,2020,116.2
620,32,2021,122.8
620,32,2022,129.9
620,32,2023,129.6
620,33,2014,100.0
620,33,2015,103.7
620,33,2016,102.6
620,33,2017,111.5
620,33,2018,120.0
620,33,2019,129.2
620,33,2020,122.8
620,33,2021,126.6
620,33,2022,128.9
620,33,2023,133.4
630,10,2016,100.0
630,10,2017,100.6
630,10,2018,100.7
630,10,2019,102.0
630,10,2020,97.6
630,10,2021,104.9
630,10,2022,106.7
630,10,2023,107.4
630,11,2019,100.0
630,11,2020,99.7
630,11,2021,109.2
630,11,2022,114.6
630,11,2023,115.2
630,13,2016,100.0
630,13,2017,100.9
630,13,2018,99.7
630,13,2019,121.5
630,13,2020,117.5
630,13,2021,120.9
630,13,2022,122.4
630,13,2023,126.0
630,14,2019,100.0
630,14,2020,101.1
630,14,2021,107.8
630,14,2022,111.3
630,14,2023,107.0
630,15,2016,
630,15,2017,
630,15,2018,
630,15,2019,
630,15,2022,
630,16,2016,100.0
630,16,2017,94.7
630,16,2018,98.1
630,16,2019,115.4
630,16,2020,131.4
630,16,2021,144.4
630,16,2022,137.2
630,16,2023,141.5
630,17,2016,100.0
630,17,2017,93.9
630,17,2018,93.5
630,17,2019,80.7
630,17,2022,79.5
630,19,2016,100.0
630,19,2017,100.0
630,19,2018,103.0
630,19,2019,88.1
630,19,2020,72.4
630,19,2022,76.1
630,19,2023,79.9
630,20,2016,100.0
630,20,2017,92.6
630,20,2018,92.0
630,20,2019,91.5
630,20,2020,90.8
630,20,2021,96.0
630,20,2022,97.7
630,20,2023,96.2
630,21,2016,100.0
630,21,2017,97.5
630,21,2018,96.9
630,21,2019,98.2
630,21,2020,98.5
630,21,2021,113.0
630,21,2022,121.1
630,21,2023,128.6
630,22,2016,100.0
630,22,2017,103.6
630,22,2018,103.8
630,22,2019,106.9
630,22,2020,106.3
630,22,2021,109.7
630,22,2022,113.2
630,22,2023,118.0
630,23,2016,100.0
630,23,2017,98.0
630,23,2018,94.4
630,23,2019,95.4
630,23,2020,92.7
630,23,2021,99.3
630,23,2022,106.0
630,23,2023,105.5
630,24,2016,100.0
630,24,2017,88.0
630,24,2018,90.8
630,24,2019,145.2
630,24,2020,174.4
630,24,2022,211.6
630,24,2023,224.8
630,25,2016,100.0
630,25,2017,99.3
630,25,2018,111.7
630,25,2019,121.7
630,25,2020,115.8
630,25,2021,134.1
630,25,2022,140.1
630,25,2023,139.1
630,26,2016,100.0
630,26,2017,101.6
630,26,2018,105.5
630,26,2019,109.6
630,26,2020,116.9
630,26,2021,119.6
630,26,2022,131.6
630,27,2016,100.0
630,27,2017,92.5
630,27,2018,89.5
630,27,2019,91.5
630,27,2020,89.2
630,27,2021,97.0
630,27,2022,87.7
630,27,2023,90.0
630,28,2016,
630,28,2018,
630,28,2019,inf
630,28,2020,inf
630,28,2021,inf
630,28,2022,
630,28,2023,inf
630,29,2016,
630,29,2017,
630,29,2018,
630,29,2019,
630,29,2020,
630,29,2021,
630,29,2022,
630,29,2023,
630,30,2016,
630,30,2017,
630,30,2018,
630,30,2019,
630,30,2022,
630,31,2016,100.0
630,31,2017,81.8
630,31,2018,94.5
630,31,2019,98.5
630,31,2020,103.2
630,31,2021,130.7
630,31,2022,139.7
630,31,2023,148.2
630,32,2016,
630,32,2017,
630,32,2018,
630,32,2019,
630,32,2020,
630,32,2021,
630,32,2022,
630,32,2023,
630,33,2016,
630,33,2017,
630,33,2018,
630,33,2019,
630,33,2020,
630,33,2021,
630,33,2022,
630,33,2023,
634,10,2014,100.0
634,10,2015,128.0
634,10,2016,128.7
634,10,2017,156.7
634,10,2018,167.6
634,10,2019,189.9
634,10,2020,185.9
634,10,2021,198.4
634,10,2022,220.7
634,11,2014,100.0
634,11,2015,112.8
634,11,2016,130.3
634,11,2017,144.6
634,11,2018,154.4
634,11,2019,148.9
634,11,2020,149.4
634,11,2021,146.6
634,11,2022,202.3
634,13,2014,100.0
634,13,2015,107.8
634,13,2016,90.3
634,13,2017,92.8
634,13,2018,90.2
634,13,2019,81.3
634,13,2020,86.0
634,13,2021,84.2
634,13,2022,91.9
634,14,2014,100.0
634,14,2015,151.4
634,14,2016,149.0
634,14,2017,159.1
634,14,2018,150.8
634,14,2019,149.7
634,14,2020,147.6
634,14,2021,147.9
634,14,2022,152.9
634,15,2014,100.0
634,15,2015,110.9
634,15,2016,94.5
634,15,2017,63.6
634,15,2018,80.9
634,15,2019,60.0
634,15,2020,58.2
634,15,2021,58.2
634,15,2022,52.7
634,16,2014,100.0
634,16,2015,139.7
634,16,2016,146.9
634,16,2017,155.3
634,16,2018,155.2
634,16,2019,142.6
634,16,2020,130.5
634,16,2021,144.9
634,16,2022,140.9
634,17,2014,100.0
634,17,2015,112.3
634,17,2016,124.5
634,17,2017,187.1
634,17,2018,252.9
634,17,2019,243.1
634,17,2020,246.9
634,17,2021,268.7
634,17,2022,400.2
634,18,2014,100.0
634,18,2015,110.6
634,18,2016,107.1
634,18,2017,101.7
634,18,2018,99.2
634,18,2019,100.6
634,18,2020,91.9
634,18,2021,87.9
634,18,2022,97.0
634,19,2014,100.0
634,19,2015,77.8
634,19,2016,78.8
634,19,2017,75.3
634,19,2018,72.3
634,19,2019,79.0
634,19,2020,80.2
634,19,2021,82.4
634,19,2022,83.1
634,20,2014,100.0
634,20,2015,100.3
634,20,2016,98.8
634,20,2017,105.2
634,20,2018,99.5
634,20,2019,102.9
634,20,2020,96.6
634,20,2021,93.0
634,20,2022,99.9
634,21,2014,100.0
634,21,2015,80.0
634,21,2016,80.0
634,21,2017,94.8
634,21,2018,101.5
634,21,2019,106.7
634,21,2020,107.8
634,21,2021,97.0
634,21,2022,104.4
634,22,2014,100.0
634,22,2015,127.4
634,22,2016,128.6
634,22,2017,143.4
634,22,2018,152.0
634,22,2019,152.1
634,22,2020,145.7
634,22,2021,148.5
634,22,2022,150.2
634,23,2014,100.0
634,23,2015,132.4
634,23,2016,127.4
634,23,2017,122.8
634,23,2018,128.4
634,23,2019,124.5
634,23,2020,94.6
634,23,2021,98.5
634,23,2022,101.9
634,24,2014,100.0
634,24,2015,92.6
634,24,2016,106.6
634,24,2017,97.1
634,24,2018,92.0
634,24,2019,84.4
634,24,2020,66.2
634,24,2021,57.6
634,24,2022,59.8
634,25,2014,100.0
634,25,2015,131.3
634,25,2016,127.0
634,25,2017,125.1
634,25,2018,121.4
634,25,2019,117.1
634,25,2020,104.3
634,25,2021,103.1
634,25,2022,96.0
634,27,2014,100.0
634,27,2015,120.6
634,27,2016,127.4
634,27,2017,193.2
634,27,2018,195.3
634,27,2019,207.4
634,27,2020,169.7
634,27,2021,181.1
634,27,2022,194.5
634,28,2014,100.0
634,28,2015,125.4
634,28,2016,141.2
634,28,2017,132.8
634,28,2018,111.2
634,28,2019,116.9
634,28,2020,109.9
634,28,2021,113.7
634,28,2022,114.7
634,29,2014,100.0
634,29,2015,104.0
634,29,2016,107.1
634,29,2017,81.0
634,29,2018,78.0
634,29,2019,67.0
634,29,2020,48.3
634,29,2021,50.6
634,29,2022,55.4
634,30,2014,100.0
634,30,2015,73.8
634,30,2016,72.7
634,30,2017,41.9
634,30,2018,29.8
634,30,2019,26.9
634,30,2020,7.9
634,30,2021,6.3
634,30,2022,5.5
634,31,2014,100.0
634,31,2015,126.5
634,31,2016,130.7
634,31,2017,151.4
634,31,2018,141.3
634,31,2019,133.4
634,31,2020,126.8
634,31,2021,129.8
634,31,2022,134.9
634,32,2014,100.0
634,32,2015,171.8
634,32,2016,184.6
634,32,2017,187.2
634,32,2018,169.2
634,32,2019,157.7
634,32,2020,225.6
634,32,2021,233.3
634,32,2022,229.5
634,33,2014,100.0
634,33,2015,5000.0
634,33,2016,8964.3
634,33,2017,13907.1
634,33,2018,4250.0
634,33,2019,17385.7
634,33,2020,17842.9
634,33,2021,18721.4
634,33,2022,26757.1
642,10,2014,100.0
642,10,2015,99.1
642,10,2016,98.9
642,10,2017,100.0
642,10,2018,100.0
642,10,2019,98.3
642,10,2020,95.0
642,10,2021,94.7
642,10,2022,97.3
642,10,2023,100.2
642,11,2014,100.0
642,11,2015,102.7
642,11,2016,108.9
642,11,2017,110.7
642,11,2018,110.3
642,11,2019,110.8
642,11,2020,110.5
642,11,2021,108.9
642,11,2022,106.8
642,11,2023,106.1
642,12,2014,100.0
642,12,2015,106.9
642,12,2016,111.6
642,12,2017,116.3
642,12,2018,129.0
642,12,2019,144.0
642,12,2020,149.0
642,12,2021,152.7
642,12,2022,175.3
642,12,2023,183.7
642,13,2014,100.0
642,13,2015,103.2
642,13,2016,100.6
642,13,2017,103.1
642,13,2018,105.0
642,13,2019,98.8
642,13,2020,90.5
642,13,2021,86.8
642,13,2022,85.0
642,13,2023,79.5
642,14,2014,100.0
642,14,2015,98.1
642,14,2016,93.3
642,14,2017,87.4
642,14,2018,80.0
642,14,2019,71.5
642,14,2020,59.8
642,14,2021,51.4
642,14,2022,49.5
642,14,2023,47.1
642,15,2014,100.0
642,15,2015,95.6
642,15,2016,90.5
642,15,2017,86.7
642,15,2018,80.9
642,15,2019,70.1
642,15,2020,56.1
642,15,2021,52.3
642,15,2022,52.5
642,15,2023,47.9
642,16,2014,100.0
642,16,2015,100.0
642,16,2016,95.4
642,16,2017,90.8
642,16,2018,87.7
642,16,2019,85.1
642,16,2020,81.5
642,16,2021,85.4
642,16,2022,82.4
642,16,2023,77.1
642,17,2014,100.0
642,17,2015,102.8
642,17,2016,112.7
642,17,2017,116.2
642,17,2018,117.0
642,17,2019,114.8
642,17,2020,110.3
642,17,2021,115.1
642,17,2022,114.7
642,17,2023,112.5
642,18,2014,100.0
642,18,2015,99.0
642,18,2016,99.2
642,18,2017,100.1
642,18,2018,99.3
642,18,2019,98.2
642,18,2020,93.3
642,18,2021,90.2
642,18,2022,88.4
642,18,2023,89.9
642,19,2014,100.0
642,19,2015,96.3
642,19,2016,89.8
642,19,2017,78.8
642,19,2018,82.1
642,19,2019,86.7
642,19,2020,81.4
642,19,2021,75.9
642,19,2022,353.9
642,19,2023,354.8
642,20,2014,100.0
642,20,2015,94.0
642,20,2016,87.0
642,20,2017,86.5
642,20,2018,83.7
642,20,2019,81.0
642,20,2020,78.5
642,20,2021,77.1
642,20,2022,76.4
642,20,2023,72.3
642,21,2014,100.0
642,21,2015,99.8
642,21,2016,98.7
642,21,2017,101.1
642,21,2018,101.9
642,21,2019,102.7
642,21,2020,107.4
642,21,2021,107.0
642,21,2022,108.1
642,21,2023,111.1
642,22,2014,100.0
642,22,2015,104.0
642,22,2016,111.5
642,22,2017,119.2
642,22,2018,122.6
642,22,2019,125.0
642,22,2020,121.9
642,22,2021,126.1
642,22,2022,125.3
642,22,2023,126.4
642,23,2014,100.0
642,23,2015,102.5
642,23,2016,104.3
642,23,2017,103.6
642,23,2018,103.2
642,23,2019,106.0
642,23,2020,105.0
642,23,2021,108.4
642,23,2022,105.7
642,23,2023,105.1
642,24,2014,100.0
642,24,2015,98.4
642,24,2016,95.1
642,24,2017,94.9
642,24,2018,95.9
642,24,2019,97.6
642,24,2020,92.0
642,24,2021,85.7
642,24,2022,86.8
642,24,2023,85.2
642,25,2014,100.0
642,25,2015,101.9
642,25,2016,109.3
642,25,2017,111.8
642,25,2018,102.3
642,25,2019,101.2
642,25,2020,97.2
642,25,2021,97.2
642,25,2022,96.0
642,25,2023,97.3
642,26,2014,100.0
642,26,2015,108.6
642,26,2016,110.1
642,26,2017,116.6
642,26,2018,122.0
642,26,2019,128.8
642,26,2020,118.7
642,26,2021,119.0
642,26,2022,119.8
642,26,2023,120.6
642,27,2014,100.0
642,27,2015,105.0
642,27,2016,112.1
642,27,2017,117.9
642,27,2018,130.8
642,27,2019,131.1
642,27,2020,127.2
642,27,2021,138.0
642,27,2022,142.3
642,27,2023,142.0
642,28,2014,100.0
642,28,2015,98.6
642,28,2016,97.2
642,28,2017,100.0
642,28,2018,103.0
642,28,2019,102.1
642,28,2020,92.6
642,28,2021,89.4
642,28,2022,87.6
642,28,2023,85.1
642,29,2014,100.0
642,29,2015,112.6
642,29,2016,116.2
642,29,2017,124.0
642,29,2018,127.7
642,29,2019,119.3
642,29,2020,111.1
642,29,2021,109.8
642,29,2022,106.3
642,29,2023,106.1
642,30,2014,100.0
642,30,2015,100.9
642,30,2016,91.6
642,30,2017,90.8
642,30,2018,94.1
642,30,2019,98.3
642,30,2020,93.1
642,30,2021,86.9
642,30,2022,83.5
642,30,2023,87.8
642,31,2014,100.0
642,31,2015,103.4
642,31,2016,107.0
642,31,2017,105.8
642,31,2018,103.3
642,31,2019,98.3
642,31,2020,94.1
642,31,2021,95.7
642,31,2022,90.0
642,31,2023,84.5
642,32,2014,100.0
642,32,2015,98.8
642,32,2016,105.3
642,32,2017,110.6
642,32,2018,115.6
642,32,2019,113.9
642,32,2020,108.6
642,32,2021,111.7
642,32,2022,109.5
642,32,2023,111.6
642,33,2014,100.0
642,33,2015,100.9
642,33,2016,98.4
642,33,2017,93.4
642,33,2018,90.8
642,33,2019,91.2
642,33,2020,88.9
642,33,2021,90.8
642,33,2022,88.3
642,33,2023,89.5
643,10,2017,100.0
643,10,2018,102.7
643,10,2019,101.8
643,10,2020,99.6
643,10,2021,97.4
643,10,2022,96.0
643,10,2023,96.4
643,11,2017,100.0
643,11,2018,93.2
643,11,2019,92.9
643,11,2020,89.1
643,11,2021,87.2
643,11,2022,86.6
643,11,2023,87.6
643,12,2017,100.0
643,12,2018,93.8
643,12,2019,95.8
643,12,2020,93.1
643,12,2021,104.6
643,12,2022,98.5
643,12,2023,99.6
643,13,2017,100.0
643,13,2018,104.7
643,13,2019,92.4
643,13,2020,94.6
643,13,2021,98.0
643,13,2022,100.6
643,13,2023,102.1
643,14,2017,100.0
643,14,2018,116.0
643,14,2019,112.8
643,14,2020,114.0
643,14,2021,112.8
643,14,2022,111.3
643,14,2023,115.0
643,15,2017,100.0
643,15,2018,105.7
643,15,2019,98.1
643,15,2020,87.9
643,15,2021,83.5
643,15,2022,83.7
643,15,2023,88.0
643,16,2017,100.0
643,16,2018,108.9
643,16,2019,107.9
643,16,2020,100.5
643,16,2021,97.9
643,16,2022,99.3
643,16,2023,91.0
643,17,2017,100.0
643,17,2018,95.1
643,17,2019,96.8
643,17,2020,99.2
643,17,2021,98.7
643,17,2022,102.7
643,17,2023,105.5
643,18,2017,100.0
643,18,2018,93.8
643,18,2019,91.4
643,18,2020,83.8
643,18,2021,76.8
643,18,2022,74.0
643,18,2023,74.9
643,19,2017,100.0
643,19,2018,92.9
643,19,2019,98.9
643,19,2020,101.2
643,19,2021,99.3
643,19,2022,101.2
643,19,2023,100.5
643,20,2017,100.0
643,20,2018,100.2
643,20,2019,101.4
643,20,2020,101.5
643,20,2021,103.4
643,20,2022,105.2
643,20,2023,109.0
643,21,2017,100.0
643,21,2018,94.9
643,21,2019,98.4
643,21,2020,102.6
643,21,2021,112.8
643,21,2022,118.3
643,21,2023,119.2
643,22,2017,100.0
643,22,2018,104.1
643,22,2019,104.8
643,22,2020,104.1
643,22,2021,106.4
643,22,2022,108.8
643,22,2023,110.9
643,23,2017,100.0
643,23,2018,101.2
643,23,2019,98.2
643,23,2020,106.8
643,23,2021,103.6
643,23,2022,104.2
643,23,2023,94.8
643,24,2017,100.0
643,24,2018,84.7
643,24,2019,82.5
643,24,2020,81.0
643,24,2021,81.8
643,24,2022,83.9
643,24,2023,85.1
643,25,2017,100.0
643,25,2018,100.7
643,25,2019,100.3
643,25,2020,101.4
643,25,2021,102.3
643,25,2022,104.0
643,25,2023,114.7
643,26,2017,100.0
643,26,2018,96.1
643,26,2019,95.4
643,26,2020,92.8
643,26,2021,95.3
643,26,2022,95.5
643,26,2023,102.1
643,27,2017,100.0
643,27,2018,97.4
643,27,2019,95.5
643,27,2020,94.9
643,27,2021,93.9
643,27,2022,96.5
643,27,2023,101.5
643,28,2017,100.0
643,28,2018,93.9
643,28,2019,91.9
643,28,2020,91.3
643,28,2021,89.4
643,28,2022,91.5
643,28,2023,95.8
643,29,2017,100.0
643,29,2018,102.9
643,29,2019,102.7
643,29,2020,99.2
643,29,2021,99.0
643,29,2022,95.7
643,29,2023,93.1
643,30,2017,100.0
643,30,2018,97.2
643,30,2019,96.9
643,30,2020,96.1
643,30,2021,94.4
643,30,2022,93.6
643,30,2023,93.6
643,31,2017,100.0
643,31,2018,98.7
643,31,2019,96.9
643,31,2020,91.6
643,31,2021,96.0
643,31,2022,95.2
643,31,2023,99.7
643,32,2017,100.0
643,32,2018,120.9
643,32,2019,114.5
643,32,2020,111.6
643,32,2021,122.5
643,32,2022,126.0
643,32,2023,132.8
643,33,2017,100.0
643,33,2018,114.1
643,33,2019,109.3
643,33,2020,105.4
643,33,2021,100.1
643,33,2022,98.7
643,33,2023,100.8
646,10,2014,100.0
646,10,2017,217.9
646,10,2020,238.6
646,10,2023,300.7
646,11,2014,100.0
646,11,2017,165.8
646,11,2020,149.0
646,11,2023,745.4
646,12,2020,100.0
646,12,2023,97.1
646,13,2014,100.0
646,13,2017,121.4
646,13,2020,758.9
646,13,2023,900.3
646,14,2014,100.0
646,14,2017,128.7
646,14,2020,160.6
646,14,2023,182.5
646,15,2014,100.0
646,15,2017,302.3
646,15,2020,249.7
646,15,2023,417.5
646,16,2014,100.0
646,16,2017,142.8
646,16,2020,26.0
646,16,2023,143.0
646,17,2014,100.0
646,17,2017,20.4
646,17,2020,30.0
646,17,2023,244.4
646,18,2014,100.0
646,18,2017,324.2
646,18,2020,287.7
646,18,2023,378.5
646,19,2014,100.0
646,19,2017,3.6
646,20,2014,100.0
646,20,2017,135.3
646,20,2020,190.0
646,20,2023,302.8
646,21,2014,100.0
646,21,2017,433.3
646,22,2014,100.0
646,22,2017,166.2
646,22,2020,202.4
646,22,2023,428.6
646,23,2014,100.0
646,23,2017,142.8
646,23,2020,134.9
646,23,2023,144.2
646,24,2014,100.0
646,24,2017,224.4
646,24,2020,95.0
646,24,2023,504.5
646,25,2014,100.0
646,25,2017,127.7
646,25,2020,175.2
646,25,2023,140.7
646,26,2014,100.0
646,26,2017,342.9
646,26,2020,85.7
646,26,2023,4985.7
646,27,2014,100.0
646,27,2017,185.2
646,27,2020,179.7
646,27,2023,274.2
646,28,2014,100.0
646,28,2017,750.0
646,28,2020,1400.0
646,28,2023,4400.0
646,30,2014,
646,30,2017,inf
646,31,2014,100.0
646,31,2017,93.2
646,31,2020,134.0
646,31,2023,91.6
646,32,2014,100.0
646,32,2017,378.0
646,32,2020,940.5
646,32,2023,301.0
646,33,2020,100.0
646,33,2023,223.6
682,10,2010,100.0
682,10,2011,101.8
682,10,2012,105.6
682,10,2013,109.9
682,10,2014,121.5
682,10,2015,128.8
682,10,2016,131.3
682,10,2017,133.5
682,10,2018,115.5
682,11,2011,100.0
682,11,2012,106.7
682,11,2013,109.5
682,11,2014,124.1
682,11,2015,134.0
682,11,2016,135.9
682,11,2017,138.5
682,11,2018,119.8
682,12,2010,100.0
682,12,2011,100.6
682,12,2012,106.2
682,12,2013,110.6
682,12,2014,128.1
682,12,2015,137.5
682,12,2016,140.6
682,12,2017,244.4
682,12,2018,211.2
682,13,2010,100.0
682,13,2011,101.9
682,13,2012,109.5
682,13,2013,115.0
682,13,2014,136.9
682,13,2015,147.8
682,13,2016,149.7
682,13,2017,152.1
682,13,2018,131.6
682,14,2010,100.0
682,14,2011,102.6
682,14,2012,108.1
682,14,2013,111.1
682,14,2014,124.4
682,14,2015,132.5
682,14,2016,135.6
682,14,2017,138.2
682,14,2018,119.6
682,15,2010,100.0
682,15,2011,103.7
682,15,2012,108.3
682,15,2013,114.6
682,15,2014,129.4
682,15,2015,138.5
682,15,2016,138.9
682,15,2017,140.0
682,15,2018,121.1
682,16,2010,100.0
682,16,2011,103.2
682,16,2012,107.0
682,16,2013,110.1
682,16,2014,120.2
682,16,2015,127.1
682,16,2016,129.2
682,16,2017,137.2
682,16,2018,118.7
682,17,2010,100.0
682,17,2011,104.9
682,17,2012,109.8
682,17,2013,111.7
682,17,2014,128.0
682,17,2015,136.8
682,17,2016,138.6
682,17,2017,141.6
682,17,2018,122.5
682,18,2010,100.0
682,18,2011,104.0
682,18,2012,108.3
682,18,2013,110.1
682,18,2014,121.9
682,18,2015,129.6
682,18,2016,133.2
682,18,2017,143.8
682,18,2018,124.4
682,19,2010,100.0
682,19,2011,109.5
682,19,2012,117.1
682,19,2013,122.8
682,19,2014,129.1
682,19,2015,144.2
682,19,2016,147.6
682,19,2017,144.7
682,19,2018,125.1
682,20,2010,100.0
682,20,2011,101.4
682,20,2012,106.2
682,20,2013,113.5
682,20,2014,131.2
682,20,2015,141.3
682,20,2016,144.7
682,20,2017,146.0
682,20,2018,126.3
682,21,2010,100.0
682,21,2011,102.6
682,21,2012,109.3
682,21,2013,113.9
682,21,2014,132.9
682,21,2015,143.7
682,21,2016,147.3
682,21,2017,151.9
682,21,2018,131.4
682,22,2010,100.0
682,22,2011,104.9
682,22,2012,111.7
682,22,2013,115.2
682,22,2014,132.3
682,22,2015,143.0
682,22,2016,145.9
682,22,2017,160.0
682,22,2018,138.4
682,23,2010,100.0
682,23,2011,102.7
682,23,2012,107.3
682,23,2013,110.6
682,23,2014,121.2
682,23,2015,129.0
682,23,2016,129.8
682,23,2017,131.2
682,23,2018,113.5
682,24,2010,100.0
682,24,2011,102.0
682,24,2012,107.1
682,24,2013,112.5
682,24,2014,128.5
682,24,2015,137.7
682,24,2016,138.9
682,24,2017,138.3
682,24,2018,119.7
682,25,2010,100.0
682,25,2011,102.3
682,25,2012,108.1
682,25,2013,112.3
682,25,2014,129.4
682,25,2015,138.3
682,25,2016,141.6
682,25,2017,144.4
682,25,2018,124.9
682,26,2010,100.0
682,26,2011,105.9
682,26,2012,112.6
682,26,2013,116.2
682,26,2014,132.7
682,26,2015,144.0
682,26,2016,146.4
682,26,2017,178.1
682,26,2018,154.0
682,27,2010,100.0
682,27,2011,105.2
682,27,2012,112.1
682,27,2013,113.8
682,27,2014,128.8
682,27,2015,138.7
682,27,2016,142.6
682,27,2017,150.6
682,27,2018,130.3
682,28,2010,100.0
682,28,2011,108.0
682,28,2012,113.5
682,28,2013,112.4
682,28,2014,120.4
682,28,2015,128.8
682,28,2016,132.3
682,28,2017,136.1
682,28,2018,117.7
682,29,2010,100.0
682,29,2011,104.2
682,29,2012,109.2
682,29,2013,112.5
682,29,2014,124.8
682,29,2015,133.3
682,29,2016,135.7
682,29,2017,158.4
682,29,2018,137.0
682,30,2010,100.0
682,30,2011,106.1
682,30,2012,112.0
682,30,2013,111.2
682,30,2014,123.3
682,30,2015,132.1
682,30,2016,134.6
682,30,2017,139.6
682,30,2018,118.3
682,31,2010,100.0
682,31,2011,105.7
682,31,2012,110.2
682,31,2013,111.2
682,31,2014,119.8
682,31,2015,127.4
682,31,2016,130.3
682,31,2017,133.0
682,31,2018,115.1
682,32,2010,100.0
682,32,2011,104.6
682,32,2012,110.8
682,32,2013,112.8
682,32,2014,127.4
682,32,2015,136.7
682,32,2016,139.1
682,32,2017,140.9
682,32,2018,121.9
682,33,2010,100.0
682,33,2011,101.9
682,33,2012,107.2
682,33,2013,112.0
682,33,2014,126.2
682,33,2015,134.9
682,33,2016,137.9
682,33,2017,141.6
682,33,2018,122.5
688,10,2014,100.0
688,10,2015,106.5
688,10,2016,109.0
688,10,2017,107.4
688,10,2018,111.6
688,10,2019,103.1
688,10,2020,104.4
688,10,2021,104.6
688,10,2022,111.6
688,10,2023,110.0
688,11,2014,100.0
688,11,2015,112.2
688,11,2016,131.7
688,11,2017,113.4
688,11,2018,137.8
688,11,2019,119.5
688,11,2020,137.8
688,11,2021,119.5
688,11,2022,119.5
688,11,2023,114.6
688,12,2014,100.0
688,12,2015,93.3
688,12,2016,146.7
688,12,2017,206.7
688,12,2018,186.7
688,12,2019,153.3
688,12,2020,173.3
688,12,2021,286.7
688,12,2022,286.7
688,12,2023,180.0
688,13,2014,100.0
688,13,2015,110.7
688,13,2016,124.0
688,13,2017,170.7
688,13,2018,157.3
688,13,2019,204.0
688,13,2020,189.3
688,13,2021,180.0
688,13,2022,148.0
688,13,2023,184.0
688,14,2014,100.0
688,14,2015,103.9
688,14,2016,107.4
688,14,2017,106.1
688,14,2018,119.0
688,14,2019,110.6
688,14,2020,110.0
688,14,2021,118.6
688,14,2022,113.2
688,14,2023,106.8
688,15,2014,100.0
688,15,2015,165.9
688,15,2016,173.2
688,15,2017,185.4
688,15,2018,217.1
688,15,2019,215.9
688,15,2020,200.0
688,15,2021,176.8
688,15,2022,164.6
688,15,2023,140.2
688,16,2014,100.0
688,16,2015,93.2
688,16,2016,106.1
688,16,2017,101.4
688,16,2018,114.9
688,16,2019,103.4
688,16,2020,108.8
688,16,2021,150.0
688,16,2022,139.9
688,16,2023,107.4
688,17,2014,100.0
688,17,2015,91.8
688,17,2016,118.0
688,17,2017,124.6
688,17,2018,132.8
688,17,2019,136.1
688,17,2020,126.2
688,17,2021,129.5
688,17,2022,129.5
688,17,2023,177.0
688,18,2014,100.0
688,18,2015,86.7
688,18,2016,97.3
688,18,2017,106.7
688,18,2018,122.7
688,18,2019,134.7
688,18,2020,150.7
688,18,2021,108.0
688,18,2022,97.3
688,18,2023,100.0
688,19,2014,100.0
688,19,2015,105.9
688,19,2016,114.7
688,19,2017,129.4
688,19,2018,191.2
688,19,2019,211.8
688,19,2020,170.6
688,19,2021,176.5
688,19,2022,164.7
688,19,2023,188.2
688,20,2014,100.0
688,20,2015,102.9
688,20,2016,95.0
688,20,2017,100.0
688,20,2018,101.4
688,20,2019,100.7
688,20,2020,87.1
688,20,2021,87.1
688,20,2022,97.8
688,20,2023,95.7
688,21,2014,100.0
688,21,2015,108.2
688,21,2016,89.0
688,21,2017,97.3
688,21,2018,117.8
688,21,2019,149.3
688,21,2020,113.7
688,21,2021,147.9
688,21,2022,139.7
688,21,2023,104.1
688,22,2014,100.0
688,22,2015,89.1
688,22,2016,95.8
688,22,2017,124.7
688,22,2018,145.6
688,22,2019,145.6
688,22,2020,126.4
688,22,2021,133.1
688,22,2022,131.4
688,22,2023,140.6
688,23,2014,100.0
688,23,2015,90.3
688,23,2016,84.0
688,23,2017,77.1
688,23,2018,86.8
688,23,2019,102.8
688,23,2020,91.0
688,23,2021,88.9
688,23,2022,115.3
688,23,2023,117.4
688,24,2014,100.0
688,24,2015,106.6
688,24,2016,105.1
688,24,2017,100.7
688,24,2018,112.4
688,24,2019,111.7
688,24,2020,119.0
688,24,2021,89.8
688,24,2022,95.6
688,24,2023,111.7
688,25,2014,100.0
688,25,2015,94.1
688,25,2016,106.7
688,25,2017,125.7
688,25,2018,132.7
688,25,2019,140.5
688,25,2020,161.9
688,25,2021,156.0
688,25,2022,155.0
688,25,2023,141.6
688,26,2014,100.0
688,26,2015,100.0
688,26,2016,72.0
688,26,2017,84.0
688,26,2018,96.0
688,26,2019,112.0
688,26,2020,116.0
688,26,2021,132.0
688,26,2022,118.0
688,26,2023,180.0
688,27,2014,100.0
688,27,2015,89.6
688,27,2016,113.7
688,27,2017,130.7
688,27,2018,135.4
688,27,2019,170.8
688,27,2020,134.0
688,27,2021,148.1
688,27,2022,161.8
688,27,2023,144.8
688,28,2014,100.0
688,28,2015,99.1
688,28,2016,125.4
688,28,2017,143.0
688,28,2018,139.5
688,28,2019,141.2
688,28,2020,125.4
688,28,2021,128.9
688,28,2022,127.2
688,28,2023,121.1
688,29,2014,100.0
688,29,2015,106.0
688,29,2016,127.6
688,29,2017,157.1
688,29,2018,214.3
688,29,2019,244.2
688,29,2020,293.5
688,29,2021,279.7
688,29,2022,361.3
688,29,2023,328.1
688,30,2014,100.0
688,30,2015,88.2
688,30,2016,67.6
688,30,2017,102.9
688,30,2018,126.5
688,30,2019,135.3
688,30,2020,102.9
688,30,2021,179.4
688,30,2022,185.3
688,30,2023,188.2
688,31,2014,100.0
688,31,2015,103.5
688,31,2016,129.2
688,31,2017,127.8
688,31,2018,127.8
688,31,2019,141.7
688,31,2020,150.7
688,31,2021,158.3
688,31,2022,120.1
688,31,2023,158.3
688,32,2014,100.0
688,32,2015,103.4
688,32,2016,148.3
688,32,2017,151.7
688,32,2018,179.3
688,32,2019,155.2
688,32,2020,172.4
688,32,2021,131.0
688,32,2022,175.9
688,32,2023,213.8
688,33,2014,100.0
688,33,2015,120.0
688,33,2016,132.9
688,33,2017,162.9
688,33,2018,131.4
688,33,2019,182.9
688,33,2020,158.6
688,33,2021,148.6
688,33,2022,121.4
688,33,2023,148.6
703,10,2014,100.0
703,10,2015,106.2
703,10,2016,109.2
703,10,2017,113.3
703,10,2018,116.2
703,10,2019,114.7
703,10,2020,112.6
703,10,2021,115.7
703,10,2022,117.1
703,10,2023,123.9
703,11,2013,100.0
703,11,2014,105.3
703,11,2015,102.5
703,11,2016,99.3
703,11,2017,104.2
703,11,2018,104.6
703,11,2019,109.3
703,11,2020,106.4
703,11,2022,107.3
703,11,2023,106.3
703,12,2022,
703,12,2023,inf
703,13,2014,100.0
703,13,2015,109.0
703,13,2016,110.1
703,13,2017,114.4
703,13,2018,111.5
703,13,2019,108.9
703,13,2020,101.6
703,13,2021,89.9
703,13,2022,90.7
703,13,2023,87.8
703,14,2014,100.0
703,14,2015,95.0
703,14,2016,101.4
703,14,2017,99.7
703,14,2018,97.5
703,14,2019,90.0
703,14,2020,80.0
703,14,2021,74.0
703,14,2022,73.3
703,14,2023,68.3
703,15,2014,100.0
703,15,2015,100.8
703,15,2016,105.8
703,15,2017,108.9
703,15,2018,105.3
703,15,2019,90.6
703,15,2020,80.5
703,15,2021,77.8
703,15,2022,79.4
703,15,2023,77.8
703,16,2014,100.0
703,16,2015,113.6
703,16,2016,91.0
703,16,2017,102.0
703,16,2018,106.6
703,16,2019,106.8
703,16,2020,105.5
703,16,2021,103.1
703,16,2022,108.1
703,16,2023,102.6
703,17,2014,100.0
703,17,2015,100.9
703,17,2016,101.3
703,17,2017,105.4
703,17,2018,105.6
703,17,2019,106.6
703,17,2020,107.4
703,17,2021,109.6
703,17,2022,111.5
703,17,2023,109.3
703,18,2014,100.0
703,18,2015,95.4
703,18,2016,88.8
703,18,2017,90.0
703,18,2018,91.5
703,18,2019,86.7
703,18,2020,81.5
703,18,2021,80.1
703,18,2022,79.9
703,18,2023,76.7
703,20,2014,100.0
703,20,2015,96.2
703,20,2016,97.9
703,20,2017,97.0
703,20,2018,95.0
703,20,2019,89.5
703,20,2020,86.9
703,20,2021,89.0
703,20,2022,89.2
703,20,2023,88.4
703,21,2012,100.0
703,21,2013,87.8
703,21,2014,94.7
703,21,2015,97.0
703,21,2016,97.8
703,21,2017,99.6
703,21,2018,95.6
703,21,2019,95.8
703,21,2020,95.7
703,21,2021,104.8
703,22,2014,100.0
703,22,2015,105.8
703,22,2016,113.8
703,22,2017,122.2
703,22,2018,121.3
703,22,2019,121.7
703,22,2020,115.0
703,22,2021,110.5
703,22,2022,107.4
703,22,2023,103.1
703,23,2014,100.0
703,23,2015,98.2
703,23,2016,103.9
703,23,2017,109.3
703,23,2018,108.4
703,23,2019,114.1
703,23,2020,109.9
703,23,2021,108.3
703,23,2022,113.4
703,23,2023,107.9
703,24,2014,100.0
703,24,2015,95.6
703,24,2016,96.9
703,24,2017,100.3
703,24,2018,101.2
703,24,2019,102.6
703,24,2020,103.9
703,24,2021,102.2
703,24,2022,99.7
703,24,2023,94.9
703,25,2014,100.0
703,25,2015,113.0
703,25,2016,106.7
703,25,2017,114.6
703,25,2018,119.5
703,25,2019,118.5
703,25,2020,107.9
703,25,2021,107.8
703,25,2022,110.2
703,25,2023,108.6
703,26,2014,100.0
703,26,2015,95.8
703,26,2016,98.0
703,26,2017,100.3
703,26,2018,106.8
703,26,2019,98.1
703,26,2020,88.5
703,26,2021,75.1
703,26,2022,77.7
703,26,2023,74.2
703,27,2014,100.0
703,27,2015,104.2
703,27,2016,109.5
703,27,2017,112.9
703,27,2018,116.1
703,27,2019,114.4
703,27,2020,108.1
703,27,2021,115.5
703,27,2022,114.9
703,27,2023,119.2
703,28,2014,100.0
703,28,2015,101.5
703,28,2016,107.4
703,28,2017,111.4
703,28,2018,114.3
703,28,2019,112.9
703,28,2020,107.7
703,28,2021,111.0
703,28,2022,114.2
703,28,2023,110.4
703,29,2014,100.0
703,29,2015,108.6
703,29,2016,114.8
703,29,2017,125.8
703,29,2018,132.1
703,29,2019,133.6
703,29,2020,128.1
703,29,2021,126.0
703,29,2022,122.9
703,29,2023,124.1
703,30,2014,100.0
703,30,2015,99.5
703,30,2016,90.4
703,30,2017,86.2
703,30,2018,91.8
703,30,2019,96.2
703,30,2020,99.5
703,30,2021,99.6
703,30,2022,110.9
703,30,2023,112.6
703,31,2014,100.0
703,31,2015,101.8
703,31,2016,96.6
703,31,2017,99.6
703,31,2018,103.0
703,31,2019,95.9
703,31,2020,87.0
703,31,2021,83.3
703,31,2022,79.9
703,31,2023,70.8
703,32,2014,100.0
703,32,2015,107.2
703,32,2016,105.8
703,32,2017,111.0
703,32,2018,116.9
703,32,2019,121.0
703,32,2020,119.7
703,32,2021,116.2
703,32,2022,120.5
703,32,2023,121.0
703,33,2013,100.0
703,33,2014,92.0
703,33,2015,93.9
703,33,2016,109.7
703,33,2017,94.4
703,33,2018,94.6
703,33,2019,88.4
703,33,2020,77.0
703,33,2022,74.4
703,33,2023,75.0
704,10,2014,100.0
704,10,2015,102.8
704,10,2016,105.0
704,10,2017,103.7
704,10,2018,102.3
704,10,2019,102.1
704,10,2020,101.7
704,10,2021,103.1
704,10,2022,106.7
704,10,2023,106.8
704,11,2014,100.0
704,11,2015,104.3
704,11,2016,104.7
704,11,2017,106.5
704,11,2018,114.7
704,11,2019,111.0
704,11,2020,102.8
704,11,2021,93.8
704,11,2022,99.0
704,11,2023,101.3
704,12,2014,100.0
704,12,2015,97.0
704,12,2016,95.8
704,12,2017,97.0
704,12,2018,96.2
704,12,2019,94.7
704,12,2020,87.1
704,12,2021,80.8
704,12,2022,82.5
704,12,2023,82.6
704,13,2014,100.0
704,13,2015,101.5
704,13,2016,204.6
704,13,2017,208.6
704,13,2018,227.3
704,13,2019,231.9
704,13,2020,242.9
704,13,2021,230.6
704,13,2022,226.3
704,13,2023,232.8
704,14,2014,100.0
704,14,2015,107.1
704,14,2016,114.4
704,14,2017,117.6
704,14,2018,125.1
704,14,2019,128.1
704,14,2020,116.2
704,14,2021,119.5
704,14,2022,119.7
704,14,2023,112.4
704,15,2014,100.0
704,15,2015,107.0
704,15,2016,113.4
704,15,2017,118.6
704,15,2018,123.6
704,15,2019,129.0
704,15,2020,120.8
704,15,2021,126.3
704,15,2022,129.4
704,15,2023,121.8
704,16,2014,100.0
704,16,2015,104.1
704,16,2016,110.1
704,16,2017,106.6
704,16,2018,112.5
704,16,2019,120.9
704,16,2020,120.2
704,16,2021,124.2
704,16,2022,116.3
704,16,2023,119.5
704,17,2014,100.0
704,17,2015,105.5
704,17,2016,111.9
704,17,2017,117.5
704,17,2018,124.3
704,17,2019,134.1
704,17,2020,137.7
704,17,2021,132.8
704,17,2022,138.1
704,17,2023,144.1
704,18,2014,100.0
704,18,2015,107.0
704,18,2016,109.1
704,18,2017,115.3
704,18,2018,124.7
704,18,2019,127.1
704,18,2020,116.5
704,18,2021,109.0
704,18,2022,108.7
704,18,2023,109.6
704,19,2014,100.0
704,19,2015,105.1
704,19,2016,98.0
704,19,2017,123.0
704,19,2018,123.4
704,19,2019,117.2
704,19,2020,133.4
704,19,2021,138.3
704,19,2022,115.1
704,19,2023,96.5
704,20,2014,100.0
704,20,2015,109.1
704,20,2016,121.0
704,20,2017,122.2
704,20,2018,130.4
704,20,2019,129.0
704,20,2020,132.9
704,20,2021,127.8
704,20,2022,141.0
704,20,2023,141.6
704,21,2014,100.0
704,21,2015,106.8
704,21,2016,112.5
704,21,2017,118.6
704,21,2018,115.3
704,21,2019,112.9
704,21,2020,118.7
704,21,2021,117.8
704,21,2022,124.0
704,21,2023,125.0
704,22,2014,100.0
704,22,2015,110.2
704,22,2016,138.1
704,22,2017,146.1
704,22,2018,148.5
704,22,2019,155.8
704,22,2020,163.2
704,22,2021,166.5
704,22,2022,172.9
704,22,2023,180.0
704,23,2014,100.0
704,23,2015,101.7
704,23,2016,109.4
704,23,2017,109.3
704,23,2018,106.3
704,23,2019,98.7
704,23,2020,98.4
704,23,2021,95.8
704,23,2022,96.0
704,23,2023,91.7
704,24,2014,100.0
704,24,2015,102.4
704,24,2016,111.6
704,24,2017,122.4
704,24,2018,127.7
704,24,2019,132.5
704,24,2020,145.9
704,24,2021,151.7
704,24,2022,149.6
704,24,2023,151.0
704,25,2014,100.0
704,25,2015,105.6
704,25,2016,122.0
704,25,2017,129.3
704,25,2018,133.5
704,25,2019,137.2
704,25,2020,132.3
704,25,2021,134.5
704,25,2022,140.8
704,25,2023,145.3
704,26,2014,100.0
704,26,2015,120.9
704,26,2016,149.0
704,26,2017,179.1
704,26,2018,172.8
704,26,2019,183.9
704,26,2020,205.5
704,26,2021,208.6
704,26,2022,201.8
704,26,2023,206.0
704,27,2014,100.0
704,27,2015,107.9
704,27,2016,114.1
704,27,2017,119.6
704,27,2018,125.3
704,27,2019,137.2
704,27,2020,151.3
704,27,2021,160.5
704,27,2022,152.3
704,27,2023,166.5
704,28,2014,100.0
704,28,2015,103.7
704,28,2016,105.8
704,28,2017,114.4
704,28,2018,120.1
704,28,2019,121.6
704,28,2020,146.6
704,28,2021,147.1
704,28,2022,145.9
704,28,2023,137.1
704,29,2014,100.0
704,29,2015,112.1
704,29,2016,121.2
704,29,2017,128.0
704,29,2018,141.7
704,29,2019,141.5
704,29,2020,142.3
704,29,2021,149.7
704,29,2022,162.8
704,29,2023,176.4
704,30,2014,100.0
704,30,2015,103.0
704,30,2016,115.5
704,30,2017,112.6
704,30,2018,112.0
704,30,2019,108.5
704,30,2020,101.5
704,30,2021,96.8
704,30,2022,98.1
704,30,2023,87.8
704,31,2014,100.0
704,31,2015,108.2
704,31,2016,112.9
704,31,2017,115.8
704,31,2018,114.6
704,31,2019,122.4
704,31,2020,143.0
704,31,2021,130.4
704,31,2022,120.5
704,31,2023,118.3
704,32,2014,100.0
704,32,2015,108.0
704,32,2016,114.5
704,32,2017,128.5
704,32,2018,135.1
704,32,2019,160.1
704,32,2020,157.9
704,32,2021,158.2
704,32,2022,168.9
704,32,2023,175.6
704,33,2014,100.0
704,33,2015,112.5
704,33,2016,142.9
704,33,2017,141.3
704,33,2018,152.6
704,33,2019,162.3
704,33,2020,130.2
704,33,2021,136.2
704,33,2022,148.3
704,33,2023,167.7
705,10,2014,100.0
705,10,2015,103.4
705,10,2016,106.3
705,10,2017,110.8
705,10,2018,114.4
705,10,2019,117.9
705,10,2020,117.3
705,10,2021,119.4
705,10,2022,124.1
705,10,2023,125.8
705,11,2010,100.0
705,11,2011,89.8
705,11,2012,86.4
705,11,2013,84.0
705,11,2014,82.6
705,11,2015,79.0
705,11,2016,76.5
705,11,2019,78.6
705,11,2020,75.6
705,11,2021,79.6
705,12,2008,
705,12,2009,
705,12,2010,
705,12,2011,
705,12,2012,
705,12,2013,
705,12,2014,
705,12,2015,
705,12,2016,
705,13,2014,100.0
705,13,2015,88.6
705,13,2016,88.1
705,13,2017,93.6
705,13,2018,101.3
705,13,2019,100.5
705,13,2020,92.9
705,13,2021,94.4
705,13,2022,95.3
705,13,2023,92.7
705,14,2014,100.0
705,14,2015,93.7
705,14,2016,82.4
705,14,2017,76.2
705,14,2018,76.9
705,14,2019,70.8
705,14,2020,63.5
705,14,2021,58.5
705,14,2022,57.4
705,14,2023,58.9
705,15,2014,100.0
705,15,2015,105.1
705,15,2016,104.8
705,15,2017,102.0
705,15,2018,100.0
705,15,2019,96.3
705,15,2020,76.4
705,15,2021,62.1
705,15,2022,57.8
705,15,2023,51.5
705,16,2014,100.0
705,16,2015,100.5
705,16,2016,102.7
705,16,2017,104.0
705,16,2018,105.8
705,16,2019,109.2
705,16,2020,111.0
705,16,2021,113.4
705,16,2022,119.5
705,16,2023,117.6
705,17,2014,100.0
705,17,2015,97.6
705,17,2016,97.1
705,17,2017,100.9
705,17,2018,102.7
705,17,2019,103.8
705,17,2020,102.9
705,17,2021,101.7
705,17,2022,103.4
705,17,2023,97.7
705,18,2014,100.0
705,18,2015,99.5
705,18,2016,100.0
705,18,2017,100.4
705,18,2018,102.8
705,18,2019,103.0
705,18,2020,99.2
705,18,2021,99.7
705,18,2022,101.1
705,18,2023,102.9
705,19,2008,100.0
705,19,2012,41.3
705,19,2013,35.9
705,19,2015,28.3
705,19,2018,8.7
705,20,2014,100.0
705,20,2015,100.3
705,20,2016,101.1
705,20,2017,102.1
705,20,2018,104.0
705,20,2019,105.3
705,20,2020,105.3
705,20,2021,107.8
705,20,2022,110.7
705,20,2023,111.3
705,21,2008,100.0
705,21,2009,102.9
705,21,2010,107.9
705,21,2011,112.7
705,21,2023,223.2
705,22,2014,100.0
705,22,2015,104.4
705,22,2016,110.4
705,22,2017,119.4
705,22,2018,126.2
705,22,2019,124.1
705,22,2020,121.4
705,22,2021,126.9
705,22,2022,125.8
705,22,2023,123.6
705,23,2014,100.0
705,23,2015,99.6
705,23,2016,97.6
705,23,2017,97.7
705,23,2018,101.5
705,23,2019,101.4
705,23,2020,94.0
705,23,2021,96.8
705,23,2022,101.8
705,23,2023,99.2
705,24,2014,100.0
705,24,2015,106.5
705,24,2016,128.9
705,24,2017,129.2
705,24,2018,133.7
705,24,2019,147.7
705,24,2020,127.2
705,24,2021,141.4
705,24,2022,141.1
705,24,2023,137.3
705,25,2014,100.0
705,25,2015,104.4
705,25,2016,109.5
705,25,2017,113.1
705,25,2018,116.3
705,25,2019,116.8
705,25,2020,113.9
705,25,2021,118.7
705,25,2022,126.2
705,25,2023,130.0
705,26,2011,100.0
705,26,2014,91.6
705,26,2016,90.7
705,26,2017,93.0
705,26,2018,100.6
705,26,2019,102.9
705,26,2020,102.0
705,26,2021,116.9
705,26,2022,123.3
705,26,2023,112.4
705,27,2014,100.0
705,27,2015,100.1
705,27,2016,102.3
705,27,2017,107.5
705,27,2018,113.4
705,27,2019,120.4
705,27,2020,110.5
705,27,2021,114.9
705,27,2022,116.5
705,27,2023,114.6
705,28,2014,100.0
705,28,2015,103.6
705,28,2016,104.7
705,28,2017,111.5
705,28,2018,117.2
705,28,2019,125.7
705,28,2020,124.8
705,28,2021,126.2
705,28,2022,132.6
705,28,2023,134.8
705,29,2014,100.0
705,29,2015,97.4
705,29,2016,96.2
705,29,2017,111.4
705,29,2018,121.5
705,29,2019,132.9
705,29,2020,129.7
705,29,2021,124.1
705,29,2022,120.3
705,29,2023,120.1
705,30,2008,100.0
705,30,2012,47.5
705,30,2013,39.1
705,30,2015,40.6
705,30,2017,48.7
705,31,2014,100.0
705,31,2015,98.9
705,31,2016,101.5
705,31,2017,103.1
705,31,2018,107.2
705,31,2019,106.7
705,31,2020,102.2
705,31,2021,105.0
705,31,2022,106.4
705,31,2023,92.7
705,32,2014,100.0
705,32,2015,101.2
705,32,2016,107.9
705,32,2017,107.8
705,32,2018,111.2
705,32,2019,116.7
705,32,2020,113.5
705,32,2021,104.0
705,32,2022,104.8
705,32,2023,107.3
705,33,2014,100.0
705,33,2015,104.7
705,33,2016,102.4
705,33,2017,105.9
705,33,2018,110.9
705,33,2019,108.2
705,33,2020,108.3
705,33,2021,109.2
705,33,2022,112.5
705,33,2023,115.5
716,10,2014,100.0
716,10,2015,84.6
716,10,2016,94.5
716,10,2017,86.4
716,10,2018,99.4
716,11,2014,100.0
716,11,2015,99.9
716,11,2016,107.4
716,11,2017,95.7
716,11,2018,338.3
716,12,2015,100.0
716,12,2016,99.5
716,12,2018,173.2
716,13,2014,100.0
716,13,2015,95.5
716,13,2016,96.2
716,13,2017,95.2
716,13,2018,167.8
716,14,2014,100.0
716,14,2015,97.2
716,14,2016,90.7
716,14,2017,86.7
716,14,2018,53.8
716,15,2014,100.0
716,15,2015,98.9
716,15,2016,97.7
716,15,2017,88.1
716,15,2018,22.5
716,16,2014,100.0
716,16,2015,95.4
716,16,2016,106.4
716,16,2017,97.0
716,16,2018,61.5
716,17,2014,100.0
716,17,2015,101.5
716,17,2016,106.0
716,17,2017,110.4
716,17,2018,319.4
716,18,2014,100.0
716,18,2015,98.6
716,18,2016,101.9
716,18,2017,95.9
716,18,2018,358.4
716,19,2014,100.0
716,19,2015,100.0
716,19,2016,96.0
716,19,2017,98.0
716,20,2014,100.0
716,20,2015,99.5
716,20,2016,100.2
716,20,2017,101.3
716,20,2018,109.2
716,21,2014,100.0
716,21,2015,97.1
716,21,2016,102.6
716,21,2017,103.4
716,21,2018,95.2
716,22,2014,100.0
716,22,2015,103.3
716,22,2016,100.8
716,22,2017,98.0
716,22,2018,110.9
716,23,2014,100.0
716,23,2015,112.0
716,23,2016,117.3
716,23,2017,117.5
716,23,2018,47.6
716,24,2014,100.0
716,24,2015,122.3
716,24,2016,105.3
716,24,2017,96.6
716,24,2018,39.2
716,25,2014,100.0
716,25,2015,125.2
716,25,2016,126.4
716,25,2017,96.9
716,25,2018,104.5
716,26,2014,100.0
716,26,2015,104.8
716,26,2016,200.0
716,26,2017,133.3
716,26,2018,28.6
716,27,2014,100.0
716,27,2015,96.9
716,27,2016,121.6
716,27,2017,109.1
716,27,2018,33.4
716,28,2014,100.0
716,28,2015,117.9
716,28,2016,124.3
716,28,2017,101.2
716,28,2018,76.6
716,29,2014,100.0
716,29,2015,139.0
716,29,2016,141.0
716,29,2017,96.9
716,29,2018,70.7
716,30,2014,100.0
716,30,2015,148.1
716,30,2016,109.6
716,30,2017,261.5
716,30,2018,196.2
716,31,2014,100.0
716,31,2015,110.5
716,31,2016,120.0
716,31,2017,92.7
716,31,2018,82.5
716,32,2014,100.0
716,32,2015,126.5
716,32,2016,186.2
716,32,2017,132.1
716,32,2018,57.3
716,33,2014,100.0
716,33,2015,113.6
716,33,2016,121.7
716,33,2017,92.6
716,33,2018,36.9
724,10,2014,100.0
724,10,2015,102.7
724,10,2016,110.6
724,10,2017,115.6
724,10,2018,123.2
724,10,2019,130.1
724,10,2020,131.5
724,10,2021,137.5
724,10,2022,141.6
724,10,2023,143.8
724,11,2014,100.0
724,11,2015,104.7
724,11,2016,112.8
724,11,2017,114.5
724,11,2018,127.4
724,11,2019,134.4
724,11,2020,132.4
724,11,2021,135.8
724,11,2022,138.2
724,11,2023,142.7
724,12,2011,100.0
724,12,2012,97.9
724,12,2013,89.1
724,12,2014,79.6
724,12,2015,76.1
724,12,2016,73.9
724,12,2017,63.5
724,12,2021,56.5
724,12,2022,56.7
724,12,2023,54.7
724,13,2014,100.0
724,13,2015,104.2
724,13,2016,109.9
724,13,2017,118.2
724,13,2018,120.9
724,13,2019,122.8
724,13,2020,121.2
724,13,2021,132.1
724,13,2022,123.1
724,13,2023,121.2
724,14,2014,100.0
724,14,2015,101.1
724,14,2016,103.3
724,14,2017,102.1
724,14,2018,100.2
724,14,2019,97.1
724,14,2020,89.5
724,14,2021,84.5
724,14,2022,81.1
724,14,2023,80.9
724,15,2013,100.0
724,15,2014,108.2
724,15,2015,115.5
724,15,2016,113.7
724,15,2017,108.2
724,15,2018,110.3
724,15,2019,108.0
724,15,2020,95.4
724,15,2021,101.1
724,15,2023,113.9
724,16,2014,100.0
724,16,2015,103.6
724,16,2016,106.7
724,16,2017,116.4
724,16,2018,121.4
724,16,2019,122.0
724,16,2020,120.4
724,16,2021,126.7
724,16,2022,126.5
724,16,2023,125.9
724,17,2014,100.0
724,17,2015,102.1
724,17,2016,103.4
724,17,2017,108.0
724,17,2018,109.3
724,17,2019,112.0
724,17,2020,111.8
724,17,2021,116.0
724,17,2022,120.3
724,17,2023,121.1
724,18,2014,100.0
724,18,2015,101.5
724,18,2016,102.6
724,18,2017,101.5
724,18,2018,105.9
724,18,2019,106.0
724,18,2020,103.0
724,18,2021,106.5
724,18,2022,94.3
724,18,2023,93.7
724,19,2010,100.0
724,19,2011,103.7
724,19,2012,102.8
724,19,2013,99.0
724,19,2014,96.6
724,19,2015,94.5
724,19,2016,99.6
724,19,2017,97.8
724,19,2021,120.6
724,19,2023,96.2
724,20,2014,100.0
724,20,2015,103.8
724,20,2016,109.4
724,20,2017,112.6
724,20,2018,117.5
724,20,2019,122.9
724,20,2020,121.9
724,20,2021,125.7
724,20,2022,128.3
724,20,2023,130.5
724,21,2014,100.0
724,21,2015,101.6
724,21,2016,106.9
724,21,2017,110.6
724,21,2018,123.3
724,21,2019,127.1
724,21,2020,132.4
724,21,2021,133.3
724,21,2022,141.1
724,21,2023,153.0
724,22,2014,100.0
724,22,2015,105.1
724,22,2016,108.5
724,22,2017,112.2
724,22,2018,117.2
724,22,2019,119.7
724,22,2020,116.3
724,22,2021,124.5
724,22,2022,124.4
724,22,2023,119.7
724,23,2014,100.0
724,23,2015,99.3
724,23,2016,105.1
724,23,2017,107.5
724,23,2018,116.0
724,23,2019,120.7
724,23,2020,118.9
724,23,2021,127.5
724,23,2022,126.4
724,23,2023,125.7
724,24,2014,100.0
724,24,2015,99.3
724,24,2016,100.7
724,24,2017,102.5
724,24,2018,105.0
724,24,2019,106.3
724,24,2020,102.3
724,24,2021,107.8
724,24,2022,107.6
724,24,2023,107.6
724,25,2014,100.0
724,25,2015,102.9
724,25,2016,108.0
724,25,2017,113.5
724,25,2018,120.1
724,25,2019,120.9
724,25,2020,118.8
724,25,2021,120.9
724,25,2022,121.8
724,25,2023,123.5
724,26,2014,100.0
724,26,2015,100.2
724,26,2016,105.9
724,26,2017,110.0
724,26,2018,113.1
724,26,2019,124.7
724,26,2020,122.8
724,26,2021,130.6
724,26,2022,132.2
724,26,2023,138.5
724,27,2014,100.0
724,27,2015,108.8
724,27,2016,112.9
724,27,2017,118.2
724,27,2018,125.2
724,27,2019,126.3
724,27,2020,120.6
724,27,2021,126.5
724,27,2022,128.6
724,27,2023,137.5
724,28,2014,100.0
724,28,2015,102.0
724,28,2016,106.1
724,28,2017,109.1
724,28,2018,116.2
724,28,2019,122.4
724,28,2020,121.6
724,28,2021,123.3
724,28,2022,123.5
724,28,2023,127.5
724,29,2014,100.0
724,29,2015,105.6
724,29,2016,113.6
724,29,2017,116.5
724,29,2018,119.4
724,29,2019,118.4
724,29,2020,117.8
724,29,2021,116.1
724,29,2022,112.9
724,29,2023,115.4
724,30,2014,100.0
724,30,2015,103.1
724,30,2016,107.3
724,30,2017,109.0
724,30,2018,114.1
724,30,2019,113.8
724,30,2020,115.3
724,30,2021,112.5
724,30,2022,116.6
724,30,2023,129.1
724,31,2014,100.0
724,31,2015,99.7
724,31,2016,105.1
724,31,2017,109.8
724,31,2018,115.4
724,31,2019,113.8
724,31,2020,115.3
724,31,2021,122.1
724,31,2022,119.2
724,31,2023,121.7
724,32,2014,100.0
724,32,2015,106.1
724,32,2016,109.7
724,32,2017,111.4
724,32,2018,112.4
724,32,2019,113.5
724,32,2020,112.6
724,32,2021,115.5
724,32,2022,115.9
724,32,2023,120.1
724,33,2014,100.0
724,33,2015,109.2
724,33,2016,115.5
724,33,2017,126.6
724,33,2018,139.5
724,33,2019,145.2
724,33,2020,147.6
724,33,2021,153.2
724,33,2022,154.2
724,33,2023,160.1
748,10,2011,100.0
748,10,2014,1.8
748,10,2015,11.5
748,11,2011,100.0
748,11,2014,2.7
748,13,2011,100.0
748,13,2014,110.1
748,13,2015,123.7
748,14,2011,100.0
748,14,2014,4.8
748,14,2015,7.2
748,15,2011,100.0
748,15,2014,177.8
748,15,2015,177.8
748,16,2011,100.0
748,16,2014,182.7
748,16,2015,200.5
748,17,2011,100.0
748,17,2014,112.2
748,17,2015,166.7
748,18,2011,100.0
748,18,2014,21.4
748,18,2015,23.4
748,19,2011,100.0
748,19,2015,5350.0
748,20,2011,100.0
748,20,2014,208.8
748,20,2015,26.8
748,22,2011,100.0
748,22,2015,21.5
748,23,2011,100.0
748,23,2014,31.0
748,23,2015,48.6
748,24,2011,100.0
748,24,2014,47.9
748,24,2015,16.7
748,25,2011,100.0
748,25,2014,32.8
748,25,2015,38.6
748,27,2011,100.0
748,27,2014,1.0
748,27,2015,3.6
748,28,2011,100.0
748,28,2014,34.7
748,28,2015,46.3
748,29,2011,100.0
748,29,2015,27.8
748,30,2014,100.0
748,30,2015,100.0
748,31,2011,100.0
748,31,2014,4.8
748,31,2015,4.8
748,32,2011,100.0
748,32,2015,34.3
748,33,2011,100.0
748,33,2014,105.6
748,33,2015,107.2
752,10,2014,100.0
752,10,2015,100.3
752,10,2016,102.1
752,10,2017,100.1
752,10,2018,101.0
752,10,2019,99.6
752,10,2020,87.2
752,10,2021,100.3
752,10,2022,103.9
752,10,2023,103.6
752,11,2014,100.0
752,11,2015,97.7
752,11,2016,97.5
752,11,2017,103.0
752,11,2018,117.8
752,11,2019,119.9
752,11,2020,106.8
752,11,2021,115.2
752,11,2022,139.2
752,11,2023,146.2
752,12,2019,100.0
752,12,2020,94.2
752,12,2021,100.8
752,12,2022,96.9
752,12,2023,107.4
752,13,2014,100.0
752,13,2015,98.2
752,13,2016,97.8
752,13,2017,98.1
752,13,2018,94.6
752,13,2019,94.1
752,13,2020,89.2
752,13,2021,91.9
752,13,2022,96.8
752,13,2023,98.0
752,14,2012,100.0
752,14,2013,104.0
752,14,2014,105.1
752,14,2015,103.4
752,14,2016,105.0
752,14,2017,107.6
752,14,2018,105.9
752,14,2021,99.6
752,14,2022,110.2
752,14,2023,108.9
752,15,2011,100.0
752,15,2012,94.8
752,15,2013,90.2
752,15,2016,85.2
752,15,2017,80.3
752,15,2018,81.5
752,15,2019,83.6
752,15,2021,76.0
752,15,2022,83.3
752,15,2023,79.4
752,16,2014,100.0
752,16,2015,103.9
752,16,2016,100.1
752,16,2017,104.2
752,16,2018,115.5
752,16,2019,112.9
752,16,2020,103.9
752,16,2021,109.1
752,16,2022,110.1
752,16,2023,102.1
752,17,2014,100.0
752,17,2015,99.0
752,17,2016,106.0
752,17,2017,105.5
752,17,2018,105.3
752,17,2019,103.2
752,17,2020,105.4
752,17,2021,110.0
752,17,2022,112.6
752,17,2023,114.9
752,18,2014,100.0
752,18,2015,100.0
752,18,2016,90.5
752,18,2017,85.2
752,18,2018,78.4
752,18,2019,71.2
752,18,2020,58.1
752,18,2021,59.4
752,18,2022,63.6
752,18,2023,57.7
752,19,2007,100.0
752,19,2009,99.5
752,19,2015,115.5
752,19,2019,133.5
752,19,2020,124.7
752,19,2021,127.8
752,19,2022,138.3
752,19,2023,144.5
752,20,2014,100.0
752,20,2015,103.5
752,20,2016,104.4
752,20,2017,108.3
752,20,2018,116.9
752,20,2019,117.0
752,20,2020,94.6
752,20,2021,105.4
752,20,2022,110.4
752,20,2023,113.5
752,21,2012,100.0
752,21,2013,93.4
752,21,2015,90.6
752,21,2016,90.2
752,21,2017,90.7
752,21,2018,97.6
752,21,2020,116.3
752,21,2021,124.7
752,21,2022,131.9
752,21,2023,138.7
752,22,2014,100.0
752,22,2015,98.9
752,22,2016,98.2
752,22,2017,99.0
752,22,2018,107.7
752,22,2019,101.8
752,22,2020,95.7
752,22,2021,98.3
752,22,2022,102.3
752,22,2023,104.1
752,23,2014,100.0
752,23,2015,99.7
752,23,2016,103.7
752,23,2017,107.3
752,23,2018,93.9
752,23,2019,105.6
752,23,2020,97.8
752,23,2021,103.5
752,23,2022,105.1
752,23,2023,85.9
752,24,2014,100.0
752,24,2015,107.6
752,24,2016,103.5
752,24,2017,103.9
752,24,2018,120.8
752,24,2019,119.6
752,24,2020,113.9
752,24,2021,101.0
752,24,2022,104.0
752,24,2023,104.6
752,25,2014,100.0
752,25,2015,93.3
752,25,2016,92.7
752,25,2017,93.8
752,25,2018,94.0
752,25,2019,103.2
752,25,2020,86.2
752,25,2021,101.1
752,25,2022,101.5
752,25,2023,104.3
752,26,2014,100.0
752,26,2015,37.5
752,26,2016,37.4
752,26,2017,37.6
752,26,2018,39.7
752,26,2019,38.2
752,26,2020,40.2
752,26,2021,42.3
752,26,2022,42.5
752,26,2023,43.3
752,27,2014,100.0
752,27,2015,92.4
752,27,2016,88.3
752,27,2017,88.1
752,27,2018,85.5
752,27,2019,95.9
752,27,2020,82.9
752,27,2021,95.3
752,27,2022,107.2
752,27,2023,113.2
752,28,2014,100.0
752,28,2015,99.2
752,28,2016,98.6
752,28,2017,100.7
752,28,2018,111.6
752,28,2019,108.3
752,28,2020,105.1
752,28,2021,116.5
752,28,2022,121.1
752,28,2023,125.1
752,29,2014,100.0
752,29,2015,104.6
752,29,2016,109.5
752,29,2017,118.4
752,29,2018,134.1
752,29,2019,132.7
752,29,2020,119.1
752,29,2021,131.7
752,29,2022,135.3
752,29,2023,136.3
752,30,2014,100.0
752,30,2015,123.1
752,30,2016,122.8
752,30,2017,125.8
752,30,2018,133.5
752,30,2019,126.7
752,30,2020,123.2
752,30,2021,127.6
752,30,2022,144.3
752,30,2023,154.9
752,31,2014,100.0
752,31,2015,100.8
752,31,2016,101.8
752,31,2017,100.7
752,31,2018,107.8
752,31,2019,104.4
752,31,2020,94.5
752,31,2021,98.0
752,31,2022,102.9
752,31,2023,99.0
752,32,2014,100.0
752,32,2015,92.3
752,32,2016,91.0
752,32,2017,91.0
752,32,2018,85.0
752,32,2019,86.8
752,32,2020,86.9
752,32,2021,90.3
752,32,2022,90.2
752,32,2023,86.4
752,33,2014,100.0
752,33,2015,100.1
752,33,2016,102.1
752,33,2017,104.6
752,33,2018,96.5
752,33,2019,96.3
752,33,2020,91.6
752,33,2021,101.1
752,33,2022,105.6
752,33,2023,98.8
764,10,2011,100.0
764,10,2016,99.7
764,10,2021,125.9
764,11,2011,100.0
764,11,2016,126.5
764,11,2021,121.5
764,12,2011,100.0
764,12,2016,52.7
764,12,2021,26.5
764,13,2011,100.0
764,13,2016,67.6
764,13,2021,70.0
764,14,2011,100.0
764,14,2016,63.3
764,14,2021,58.5
764,15,2011,100.0
764,15,2016,65.8
764,15,2021,59.0
764,16,2011,100.0
764,16,2016,81.4
764,16,2021,102.7
764,17,2011,100.0
764,17,2016,94.9
764,17,2021,124.7
764,18,2011,100.0
764,18,2016,98.6
764,18,2021,91.3
764,19,2011,100.0
764,19,2016,76.8
764,19,2021,92.2
764,20,2011,100.0
764,20,2016,99.7
764,20,2021,141.9
764,21,2011,100.0
764,21,2016,109.8
764,21,2021,147.0
764,22,2011,100.0
764,22,2016,113.2
764,22,2021,155.9
764,23,2011,100.0
764,23,2016,99.3
764,23,2021,125.5
764,24,2011,100.0
764,24,2016,107.0
764,24,2021,131.1
764,25,2011,100.0
764,25,2016,114.9
764,25,2021,139.5
764,26,2011,100.0
764,26,2016,103.5
764,26,2021,133.2
764,27,2011,100.0
764,27,2016,88.6
764,27,2021,104.2
764,28,2011,100.0
764,28,2016,127.9
764,28,2021,254.2
764,29,2011,100.0
764,29,2016,133.6
764,29,2021,155.8
764,30,2011,100.0
764,30,2016,82.0
764,30,2021,75.4
764,31,2011,100.0
764,31,2016,80.6
764,31,2021,85.5
764,32,2011,100.0
764,32,2016,95.8
764,32,2021,95.1
764,33,2011,100.0
764,33,2016,154.9
764,33,2021,243.1
788,10,2014,100.0
788,10,2015,103.7
788,10,2016,103.0
788,10,2017,108.3
788,10,2018,108.9
788,10,2019,111.7
788,10,2020,110.3
788,10,2021,111.7
788,10,2022,114.7
788,10,2023,116.8
788,11,2014,100.0
788,11,2015,101.9
788,11,2016,99.6
788,11,2017,100.9
788,11,2018,105.5
788,11,2019,106.6
788,11,2020,102.0
788,11,2021,102.8
788,11,2022,102.6
788,11,2023,104.1
788,12,2014,100.0
788,12,2015,94.9
788,12,2016,103.2
788,12,2017,94.1
788,12,2018,102.0
788,12,2019,100.4
788,12,2020,93.3
788,12,2021,90.9
788,12,2022,88.9
788,12,2023,83.0
788,13,2014,100.0
788,13,2015,103.1
788,13,2016,107.3
788,13,2017,114.0
788,13,2018,109.6
788,13,2019,114.7
788,13,2020,112.9
788,13,2021,113.8
788,13,2022,124.3
788,13,2023,129.3
788,14,2014,100.0
788,14,2015,96.8
788,14,2016,92.9
788,14,2017,96.3
788,14,2018,102.8
788,14,2019,105.3
788,14,2020,101.5
788,14,2021,99.1
788,14,2022,104.2
788,14,2023,104.8
788,15,2014,100.0
788,15,2015,99.3
788,15,2016,87.6
788,15,2017,92.6
788,15,2018,96.9
788,15,2019,96.2
788,15,2020,88.0
788,15,2021,88.0
788,15,2022,99.4
788,15,2023,102.4
788,16,2014,100.0
788,16,2015,100.1
788,16,2016,100.9
788,16,2017,107.6
788,16,2018,121.6
788,16,2019,115.6
788,16,2020,111.5
788,16,2021,108.1
788,16,2022,104.3
788,16,2023,104.7
788,17,2014,100.0
788,17,2015,102.2
788,17,2016,102.1
788,17,2017,105.3
788,17,2018,108.7
788,17,2019,114.8
788,17,2020,115.2
788,17,2021,117.7
788,17,2022,122.9
788,17,2023,124.1
788,18,2014,100.0
788,18,2015,96.1
788,18,2016,100.6
788,18,2017,106.2
788,18,2018,113.7
788,18,2019,111.9
788,18,2020,107.0
788,18,2021,106.6
788,18,2022,107.7
788,18,2023,107.4
788,19,2014,100.0
788,19,2015,102.6
788,19,2016,106.1
788,19,2017,112.3
788,19,2018,114.0
788,19,2019,115.8
788,19,2020,125.4
788,19,2021,128.9
788,19,2022,147.4
788,19,2023,143.9
788,20,2014,100.0
788,20,2015,100.9
788,20,2016,100.4
788,20,2017,105.1
788,20,2018,108.8
788,20,2019,112.2
788,20,2020,114.9
788,20,2021,119.2
788,20,2022,120.4
788,20,2023,120.5
788,21,2014,100.0
788,21,2015,105.4
788,21,2016,114.8
788,21,2017,120.8
788,21,2018,137.5
788,21,2019,138.3
788,21,2020,140.1
788,21,2021,144.7
788,21,2022,153.2
788,21,2023,156.7
788,22,2014,100.0
788,22,2015,105.4
788,22,2016,109.7
788,22,2017,118.0
788,22,2018,132.4
788,22,2019,145.1
788,22,2020,135.7
788,22,2021,141.0
788,22,2022,146.2
788,22,2023,150.3
788,23,2014,100.0
788,23,2015,95.7
788,23,2016,91.2
788,23,2017,90.7
788,23,2018,86.4
788,23,2019,82.5
788,23,2020,77.9
788,23,2021,79.1
788,23,2022,79.0
788,23,2023,76.1
788,24,2014,100.0
788,24,2015,101.3
788,24,2016,89.8
788,24,2017,90.4
788,24,2018,101.1
788,24,2019,107.4
788,24,2020,106.3
788,24,2021,106.4
788,24,2022,107.9
788,24,2023,114.8
788,25,2014,100.0
788,25,2015,96.6
788,25,2016,98.9
788,25,2017,105.1
788,25,2018,106.9
788,25,2019,107.6
788,25,2020,102.8
788,25,2021,99.9
788,25,2022,101.2
788,25,2023,102.9
788,26,2014,100.0
788,26,2015,97.0
788,26,2016,97.6
788,26,2017,106.4
788,26,2018,118.8
788,26,2019,126.2
788,26,2020,124.5
788,26,2021,134.1
788,26,2022,143.1
788,26,2023,145.6
788,27,2014,100.0
788,27,2015,105.1
788,27,2016,108.0
788,27,2017,121.2
788,27,2018,118.4
788,27,2019,124.4
788,27,2020,132.6
788,27,2021,144.0
788,27,2022,148.4
788,27,2023,150.4
788,28,2014,100.0
788,28,2015,107.9
788,28,2016,114.6
788,28,2017,121.0
788,28,2018,128.1
788,28,2019,131.3
788,28,2020,122.7
788,28,2021,133.2
788,28,2022,135.8
788,28,2023,134.9
788,29,2014,100.0
788,29,2015,103.1
788,29,2016,101.0
788,29,2017,100.8
788,29,2018,104.2
788,29,2019,99.8
788,29,2020,105.3
788,29,2021,115.8
788,29,2022,124.4
788,29,2023,138.3
788,30,2014,100.0
788,30,2015,104.0
788,30,2016,106.1
788,30,2017,110.7
788,30,2018,123.4
788,30,2019,136.9
788,30,2020,121.9
788,30,2021,116.5
788,30,2022,122.4
788,30,2023,119.9
788,31,2014,100.0
788,31,2015,96.7
788,31,2016,94.1
788,31,2017,95.7
788,31,2018,91.5
788,31,2019,87.8
788,31,2020,82.3
788,31,2021,80.0
788,31,2022,77.7
788,31,2023,75.2
788,32,2014,100.0
788,32,2015,93.5
788,32,2016,95.9
788,32,2017,94.9
788,32,2018,90.7
788,32,2019,96.2
788,32,2020,97.4
788,32,2021,106.9
788,32,2022,106.9
788,32,2023,107.7
788,33,2014,100.0
788,33,2015,96.3
788,33,2016,102.6
788,33,2017,108.9
788,33,2018,108.7
788,33,2019,103.7
788,33,2020,94.0
788,33,2021,88.1
788,33,2022,85.1
788,33,2023,82.9
792,10,2014,100.0
792,10,2015,102.9
792,10,2016,103.6
792,10,2017,106.2
792,10,2018,108.1
792,10,2019,108.3
792,10,2020,113.4
792,10,2021,119.4
792,10,2022,125.2
792,10,2023,125.2
792,11,2014,100.0
792,11,2015,103.2
792,11,2016,106.6
792,11,2017,110.0
792,11,2018,115.3
792,11,2019,114.7
792,11,2020,114.1
792,11,2021,119.1
792,11,2022,122.6
792,11,2023,125.2
792,12,2013,100.0
792,12,2014,96.6
792,12,2015,103.2
792,12,2016,108.7
792,12,2017,111.0
792,12,2018,125.1
792,12,2020,159.2
792,12,2021,170.5
792,12,2022,193.8
792,12,2023,200.7
792,13,2014,100.0
792,13,2015,98.2
792,13,2016,97.5
792,13,2017,99.3
792,13,2018,101.8
792,13,2019,101.2
792,13,2020,106.4
792,13,2021,115.4
792,13,2022,119.7
792,13,2023,111.7
792,14,2014,100.0
792,14,2015,98.6
792,14,2016,95.7
792,14,2017,97.3
792,14,2018,103.1
792,14,2019,110.5
792,14,2020,117.5
792,14,2021,127.3
792,14,2022,141.2
792,14,2023,135.0
792,15,2014,100.0
792,15,2015,95.9
792,15,2016,93.8
792,15,2017,95.2
792,15,2018,96.3
792,15,2019,94.5
792,15,2020,99.4
792,15,2021,104.4
792,15,2022,113.4
792,15,2023,113.5
792,16,2014,100.0
792,16,2015,101.3
792,16,2016,100.2
792,16,2017,102.4
792,16,2018,103.1
792,16,2019,94.9
792,16,2020,100.1
792,16,2021,114.3
792,16,2022,124.2
792,16,2023,126.2
792,17,2014,100.0
792,17,2015,105.8
792,17,2016,107.2
792,17,2017,109.7
792,17,2018,112.1
792,17,2019,116.2
792,17,2020,128.0
792,17,2021,139.7
792,17,2022,148.6
792,17,2023,151.3
792,18,2014,100.0
792,18,2015,98.6
792,18,2016,94.4
792,18,2017,92.4
792,18,2018,90.5
792,18,2019,84.9
792,18,2020,86.4
792,18,2021,90.7
792,18,2022,92.7
792,18,2023,102.3
792,19,2013,100.0
792,19,2014,100.2
792,19,2015,99.6
792,19,2016,101.5
792,19,2017,106.2
792,19,2018,114.8
792,19,2020,121.3
792,19,2021,124.2
792,19,2022,124.2
792,19,2023,119.5
792,20,2014,100.0
792,20,2015,103.4
792,20,2016,104.8
792,20,2017,107.5
792,20,2018,112.0
792,20,2019,118.0
792,20,2020,131.0
792,20,2021,142.0
792,20,2022,152.2
792,20,2023,158.1
792,21,2014,100.0
792,21,2015,101.7
792,21,2016,103.2
792,21,2017,111.1
792,21,2018,118.1
792,21,2019,122.0
792,21,2020,132.0
792,21,2021,137.6
792,21,2022,148.2
792,21,2023,155.3
792,22,2014,100.0
792,22,2015,106.5
792,22,2016,108.9
792,22,2017,112.9
792,22,2018,114.6
792,22,2019,111.3
792,22,2020,117.5
792,22,2021,128.7
792,22,2022,132.0
792,22,2023,138.1
792,23,2014,100.0
792,23,2015,102.5
792,23,2016,103.2
792,23,2017,104.4
792,23,2018,105.6
792,23,2019,93.2
792,23,2020,97.2
792,23,2021,109.2
792,23,2022,114.7
792,23,2023,116.9
792,24,2014,100.0
792,24,2015,103.0
792,24,2016,103.2
792,24,2017,106.3
792,24,2018,111.2
792,24,2019,108.1
792,24,2020,111.9
792,24,2021,123.5
792,24,2022,132.6
792,24,2023,141.0
792,25,2014,100.0
792,25,2015,103.5
792,25,2016,105.1
792,25,2017,107.9
792,25,2018,106.3
792,25,2019,100.7
792,25,2020,106.7
792,25,2021,118.9
792,25,2022,125.4
792,25,2023,131.8
792,26,2014,100.0
792,26,2015,104.3
792,26,2016,104.3
792,26,2017,109.0
792,26,2018,112.9
792,26,2019,120.7
792,26,2020,136.1
792,26,2021,157.9
792,26,2022,176.9
792,26,2023,178.8
792,27,2014,100.0
792,27,2015,105.3
792,27,2016,109.2
792,27,2017,112.3
792,27,2018,114.8
792,27,2019,111.4
792,27,2020,119.9
792,27,2021,134.5
792,27,2022,141.4
792,27,2023,143.8
792,28,2014,100.0
792,28,2015,105.7
792,28,2016,108.4
792,28,2017,111.7
792,28,2018,116.1
792,28,2019,112.3
792,28,2020,119.2
792,28,2021,134.4
792,28,2022,144.8
792,28,2023,148.8
792,29,2014,100.0
792,29,2015,106.8
792,29,2016,112.0
792,29,2017,117.0
792,29,2018,121.0
792,29,2019,118.4
792,29,2020,122.7
792,29,2021,134.4
792,29,2022,145.1
792,29,2023,157.2
792,30,2014,100.0
792,30,2015,102.4
792,30,2016,107.9
792,30,2017,114.2
792,30,2018,129.0
792,30,2019,152.6
792,30,2020,167.1
792,30,2021,188.5
792,30,2022,218.4
792,30,2023,265.5
792,31,2014,100.0
792,31,2015,102.7
792,31,2016,100.7
792,31,2017,100.6
792,31,2018,99.3
792,31,2019,93.6
792,31,2020,100.1
792,31,2021,112.5
792,31,2022,116.9
792,31,2023,118.0
792,32,2014,100.0
792,32,2015,102.8
792,32,2016,99.3
792,32,2017,101.5
792,32,2018,105.7
792,32,2019,109.1
792,32,2020,116.3
792,32,2021,126.0
792,32,2022,142.9
792,32,2023,150.5
792,33,2014,100.0
792,33,2015,106.7
792,33,2016,108.7
792,33,2017,116.3
792,33,2018,122.5
792,33,2019,127.2
792,33,2020,139.5
792,33,2021,156.6
792,33,2022,172.0
792,33,2023,187.5
804,10,2014,100.0
804,10,2015,90.9
804,10,2016,89.1
804,10,2017,93.3
804,10,2018,92.7
804,10,2019,92.4
804,10,2020,92.9
804,10,2021,91.0
804,10,2022,78.5
804,10,2023,75.6
804,11,2014,100.0
804,11,2015,97.3
804,11,2016,93.5
804,11,2017,86.7
804,11,2018,88.7
804,11,2019,86.0
804,11,2020,95.7
804,11,2021,95.7
804,11,2022,84.1
804,11,2023,82.0
804,12,2014,100.0
804,12,2015,87.4
804,12,2016,81.1
804,12,2017,63.9
804,12,2018,68.1
804,12,2019,67.5
804,12,2020,66.8
804,12,2021,66.8
804,12,2022,63.8
804,12,2023,59.2
804,13,2014,100.0
804,13,2015,95.4
804,13,2016,99.6
804,13,2017,93.4
804,13,2018,106.8
804,13,2019,102.6
804,13,2020,99.5
804,13,2021,99.9
804,13,2022,89.1
804,13,2023,81.0
804,14,2014,100.0
804,14,2015,96.7
804,14,2016,98.9
804,14,2017,104.0
804,14,2018,105.5
804,14,2019,98.0
804,14,2020,94.5
804,14,2021,89.0
804,14,2022,77.3
804,14,2023,74.6
804,15,2014,100.0
804,15,2015,101.4
804,15,2016,110.9
804,15,2017,118.7
804,15,2018,123.8
804,15,2019,115.3
804,15,2020,99.1
804,15,2021,93.0
804,15,2022,91.5
804,15,2023,80.9
804,16,2014,100.0
804,16,2015,106.1
804,16,2016,116.0
804,16,2017,128.4
804,16,2018,138.0
804,16,2019,124.8
804,16,2020,135.9
804,16,2021,137.2
804,16,2022,120.5
804,16,2023,110.5
804,17,2014,100.0
804,17,2015,92.0
804,17,2016,89.7
804,17,2017,89.9
804,17,2018,94.4
804,17,2019,91.9
804,17,2020,94.0
804,17,2021,95.2
804,17,2022,81.8
804,17,2023,78.6
804,18,2014,100.0
804,18,2015,84.0
804,18,2016,80.5
804,18,2017,80.7
804,18,2018,77.0
804,18,2019,69.3
804,18,2020,72.2
804,18,2021,71.7
804,18,2022,57.1
804,18,2023,51.4
804,19,2014,100.0
804,19,2015,94.8
804,19,2016,89.4
804,19,2017,65.1
804,19,2018,51.9
804,19,2019,49.0
804,19,2020,45.6
804,19,2021,40.9
804,19,2022,35.4
804,19,2023,24.2
804,20,2014,100.0
804,20,2015,94.3
804,20,2016,89.2
804,20,2017,85.1
804,20,2018,88.6
804,20,2019,82.3
804,20,2020,82.2
804,20,2021,79.6
804,20,2022,64.4
804,20,2023,50.6
804,21,2014,100.0
804,21,2015,97.2
804,21,2016,102.7
804,21,2017,106.7
804,21,2018,110.7
804,21,2019,110.5
804,21,2020,113.2
804,21,2021,117.2
804,21,2022,104.1
804,21,2023,100.5
804,22,2014,100.0
804,22,2015,90.7
804,22,2016,92.5
804,22,2017,102.6
804,22,2018,106.1
804,22,2019,103.7
804,22,2020,104.9
804,22,2021,106.4
804,22,2022,90.5
804,22,2023,82.4
804,23,2014,100.0
804,23,2015,92.4
804,23,2016,92.3
804,23,2017,93.9
804,23,2018,96.8
804,23,2019,90.3
804,23,2020,92.2
804,23,2021,96.5
804,23,2022,72.4
804,23,2023,64.1
804,24,2014,100.0
804,24,2015,92.2
804,24,2016,80.4
804,24,2017,73.5
804,24,2018,67.9
804,24,2019,62.0
804,24,2020,58.5
804,24,2021,57.8
804,24,2022,42.9
804,24,2023,33.3
804,25,2014,100.0
804,25,2015,92.3
804,25,2016,90.1
804,25,2017,94.1
804,25,2018,100.0
804,25,2019,99.3
804,25,2020,97.1
804,25,2021,98.2
804,25,2022,87.8
804,25,2023,78.2
804,26,2014,100.0
804,26,2015,82.8
804,26,2016,86.3
804,26,2017,85.4
804,26,2018,84.9
804,26,2019,81.1
804,26,2020,74.8
804,26,2021,74.3
804,26,2022,64.7
804,26,2023,64.2
804,27,2014,100.0
804,27,2015,86.3
804,27,2016,82.5
804,27,2017,78.6
804,27,2018,76.4
804,27,2019,74.0
804,27,2020,68.7
804,27,2021,67.6
804,27,2022,52.3
804,27,2023,44.2
804,28,2014,100.0
804,28,2015,89.7
804,28,2016,86.0
804,28,2017,87.5
804,28,2018,85.5
804,28,2019,81.7
804,28,2020,76.7
804,28,2021,75.2
804,28,2022,53.6
804,28,2023,45.8
804,29,2014,100.0
804,29,2015,94.8
804,29,2016,104.6
804,29,2017,119.3
804,29,2018,126.3
804,29,2019,125.2
804,29,2020,113.8
804,29,2021,116.8
804,29,2022,107.1
804,29,2023,88.2
804,30,2014,100.0
804,30,2015,84.6
804,30,2016,72.3
804,30,2017,71.3
804,30,2018,66.2
804,30,2019,66.0
804,30,2020,58.1
804,30,2021,51.8
804,30,2022,44.7
804,30,2023,42.9
804,31,2014,100.0
804,31,2015,93.1
804,31,2016,92.0
804,31,2017,99.4
804,31,2018,101.1
804,31,2019,105.3
804,31,2020,106.4
804,31,2021,112.6
804,31,2022,95.7
804,31,2023,82.3
804,32,2014,100.0
804,32,2015,87.0
804,32,2016,84.5
804,32,2017,94.6
804,32,2018,93.5
804,32,2019,89.3
804,32,2020,82.9
804,32,2021,76.9
804,32,2022,66.0
804,32,2023,61.0
804,33,2014,100.0
804,33,2015,87.8
804,33,2016,87.3
804,33,2017,88.9
804,33,2018,99.3
804,33,2019,104.4
804,33,2020,99.5
804,33,2021,98.0
804,33,2022,73.7
804,33,2023,62.7
807,10,2013,100.0
807,10,2014,98.3
807,10,2015,103.1
807,10,2016,109.2
807,10,2017,113.1
807,10,2018,117.4
807,10,2019,120.8
807,10,2020,107.0
807,10,2021,113.6
807,10,2022,104.2
807,11,2013,100.0
807,11,2014,95.5
807,11,2015,99.3
807,11,2016,99.1
807,11,2017,108.8
807,11,2018,116.8
807,11,2019,109.4
807,11,2020,98.8
807,11,2021,99.8
807,11,2022,89.6
807,12,2013,100.0
807,12,2014,144.9
807,12,2015,113.9
807,12,2016,149.9
807,12,2017,167.7
807,12,2018,162.5
807,12,2019,128.4
807,12,2020,98.3
807,12,2021,106.8
807,12,2022,112.4
807,13,2013,100.0
807,13,2014,124.8
807,13,2015,148.4
807,13,2016,159.7
807,13,2017,214.5
807,13,2018,232.2
807,13,2019,233.9
807,13,2020,218.6
807,13,2021,211.7
807,13,2022,168.2
807,14,2013,100.0
807,14,2014,101.4
807,14,2015,99.2
807,14,2016,101.0
807,14,2017,98.6
807,14,2018,97.1
807,14,2019,93.8
807,14,2020,76.8
807,14,2021,73.1
807,14,2022,63.8
807,15,2013,100.0
807,15,2014,91.7
807,15,2015,90.1
807,15,2016,82.8
807,15,2017,77.7
807,15,2018,69.8
807,15,2019,60.1
807,15,2020,43.2
807,15,2021,40.2
807,15,2022,36.6
807,16,2013,100.0
807,16,2014,106.4
807,16,2015,102.0
807,16,2016,118.2
807,16,2017,131.5
807,16,2018,128.2
807,16,2019,132.2
807,16,2020,110.3
807,16,2021,118.3
807,16,2022,113.3
807,17,2013,100.0
807,17,2014,97.2
807,17,2015,93.9
807,17,2016,94.5
807,17,2017,96.9
807,17,2018,96.2
807,17,2019,96.7
807,17,2020,93.1
807,17,2021,95.5
807,17,2022,97.3
807,18,2013,100.0
807,18,2014,119.4
807,18,2015,116.5
807,18,2016,133.1
807,18,2017,142.6
807,18,2018,144.8
807,18,2019,143.1
807,18,2020,119.6
807,18,2021,95.0
807,18,2022,113.7
807,19,2013,100.0
807,19,2014,102.4
807,19,2015,97.6
807,19,2016,58.5
807,19,2017,112.2
807,19,2018,97.6
807,19,2019,87.8
807,19,2020,87.8
807,19,2021,95.1
807,19,2022,85.4
807,20,2013,100.0
807,20,2014,74.2
807,20,2015,69.5
807,20,2016,69.2
807,20,2017,81.7
807,20,2018,82.8
807,20,2019,83.1
807,20,2020,85.1
807,20,2021,88.2
807,20,2022,92.6
807,21,2013,100.0
807,21,2014,104.5
807,21,2015,114.4
807,21,2016,112.8
807,21,2017,116.5
807,21,2018,124.8
807,21,2019,133.4
807,21,2020,144.9
807,21,2021,160.8
807,21,2022,174.2
807,22,2013,100.0
807,22,2014,85.6
807,22,2015,87.2
807,22,2016,89.8
807,22,2017,95.4
807,22,2018,94.5
807,22,2019,95.6
807,22,2020,97.7
807,22,2021,99.5
807,22,2022,96.4
807,23,2013,100.0
807,23,2014,97.6
807,23,2015,97.1
807,23,2016,85.9
807,23,2017,91.3
807,23,2018,86.5
807,23,2019,86.4
807,23,2020,85.0
807,23,2021,90.2
807,23,2022,89.2
807,24,2013,100.0
807,24,2014,109.1
807,24,2015,99.9
807,24,2016,98.3
807,24,2017,85.8
807,24,2018,71.9
807,24,2019,81.6
807,24,2020,84.4
807,24,2021,74.0
807,24,2022,82.6
807,25,2013,100.0
807,25,2014,98.0
807,25,2015,103.8
807,25,2016,106.2
807,25,2017,112.4
807,25,2018,104.7
807,25,2019,111.4
807,25,2020,110.2
807,25,2021,114.1
807,25,2022,112.5
807,26,2013,100.0
807,26,2014,148.0
807,26,2015,192.6
807,26,2016,273.7
807,26,2017,333.2
807,26,2018,390.4
807,26,2019,414.6
807,26,2020,437.5
807,26,2021,487.4
807,26,2022,582.1
807,27,2013,100.0
807,27,2014,98.6
807,27,2015,93.6
807,27,2016,74.7
807,27,2017,75.0
807,27,2018,73.7
807,27,2019,84.2
807,27,2020,84.0
807,27,2021,93.4
807,27,2022,107.4
807,28,2013,100.0
807,28,2014,108.5
807,28,2015,114.1
807,28,2016,122.6
807,28,2017,132.1
807,28,2018,144.9
807,28,2019,153.2
807,28,2020,148.4
807,28,2021,141.4
807,28,2022,147.2
807,29,2013,100.0
807,29,2014,210.5
807,29,2015,277.8
807,29,2016,333.1
807,29,2017,419.5
807,29,2018,551.7
807,29,2019,566.7
807,29,2020,542.1
807,29,2021,557.9
807,29,2022,673.2
807,30,2013,100.0
807,30,2014,97.4
807,30,2015,104.2
807,30,2016,103.3
807,30,2017,269.5
807,30,2018,270.3
807,30,2019,274.7
807,30,2020,109.5
807,30,2021,110.8
807,30,2022,106.4
807,31,2013,100.0
807,31,2014,95.0
807,31,2015,100.6
807,31,2016,106.7
807,31,2017,115.9
807,31,2018,113.1
807,31,2019,122.2
807,31,2020,107.4
807,31,2021,111.6
807,31,2022,109.6
807,32,2013,100.0
807,32,2014,95.3
807,32,2015,95.1
807,32,2016,92.5
807,32,2017,92.8
807,32,2018,102.0
807,32,2019,114.9
807,32,2020,97.7
807,32,2021,108.0
807,32,2022,97.5
807,33,2013,100.0
807,33,2014,99.2
807,33,2015,129.5
807,33,2016,126.1
807,33,2017,135.9
807,33,2018,141.3
807,33,2019,135.5
807,33,2020,134.2
807,33,2021,140.9
807,33,2022,127.0
818,10,2012,100.0
818,10,2013,105.9
818,10,2014,101.2
818,10,2015,102.3
818,10,2016,101.1
818,10,2017,195.6
818,10,2018,242.3
818,10,2019,242.3
818,10,2020,447.1
818,10,2021,531.4
818,11,2012,100.0
818,11,2013,99.0
818,11,2014,95.9
818,11,2015,104.4
818,11,2016,102.2
818,11,2017,125.6
818,11,2018,195.7
818,11,2019,195.7
818,11,2020,206.1
818,11,2021,227.4
818,12,2012,100.0
818,12,2013,99.9
818,12,2014,101.2
818,12,2015,82.3
818,12,2016,83.2
818,12,2017,106.5
818,12,2018,45.8
818,12,2019,45.8
818,12,2020,90.6
818,12,2021,85.5
818,13,2012,100.0
818,13,2013,99.6
818,13,2014,93.8
818,13,2015,88.0
818,13,2016,84.8
818,13,2017,136.0
818,13,2018,206.0
818,13,2019,206.0
818,13,2020,136.9
818,13,2021,254.0
818,14,2012,100.0
818,14,2013,98.9
818,14,2014,101.6
818,14,2015,92.8
818,14,2016,95.5
818,14,2017,309.1
818,14,2018,1253.7
818,14,2019,1253.7
818,14,2020,2394.8
818,14,2021,907.7
818,15,2012,100.0
818,15,2013,93.8
818,15,2014,94.8
818,15,2015,67.5
818,15,2016,66.5
818,15,2017,569.6
818,15,2018,1241.9
818,15,2019,1241.9
818,15,2020,909.9
818,15,2021,1060.1
818,16,2012,100.0
818,16,2013,90.8
818,16,2014,104.6
818,16,2015,73.5
818,16,2016,84.2
818,16,2017,509.7
818,16,2018,502.6
818,16,2019,502.6
818,16,2020,7860.2
818,16,2021,3926.2
818,17,2012,100.0
818,17,2013,108.9
818,17,2014,114.2
818,17,2015,100.4
818,17,2016,98.6
818,17,2017,218.4
818,17,2018,723.5
818,17,2019,723.5
818,17,2020,326.4
818,17,2021,424.8
818,18,2012,100.0
818,18,2013,138.9
818,18,2014,129.6
818,18,2015,137.7
818,18,2016,123.7
818,18,2017,305.9
818,18,2018,760.8
818,18,2019,760.8
818,18,2020,610.7
818,18,2021,1307.3
818,19,2012,100.0
818,19,2013,106.5
818,19,2014,110.7
818,19,2015,87.1
818,19,2016,80.8
818,19,2017,81.9
818,19,2018,24.1
818,19,2019,24.1
818,19,2020,104.3
818,19,2021,45.6
818,20,2012,100.0
818,20,2013,100.8
818,20,2014,102.8
818,20,2015,101.7
818,20,2016,97.8
818,20,2017,172.7
818,20,2018,313.9
818,20,2019,313.9
818,20,2020,264.9
818,20,2021,256.2
818,21,2012,100.0
818,21,2013,103.8
818,21,2014,102.0
818,21,2015,101.0
818,21,2016,110.3
818,21,2017,175.8
818,21,2018,292.1
818,21,2019,292.1
818,21,2020,190.9
818,21,2021,192.9
818,22,2012,100.0
818,22,2013,96.9
818,22,2014,101.9
818,22,2015,95.5
818,22,2016,100.3
818,22,2017,330.8
818,22,2018,781.8
818,22,2019,781.8
818,22,2020,906.9
818,22,2021,583.1
818,23,2012,100.0
818,23,2013,93.5
818,23,2014,88.2
818,23,2015,86.4
818,23,2016,91.3
818,23,2017,172.1
818,23,2018,307.3
818,23,2019,307.3
818,23,2020,258.5
818,23,2021,268.2
818,24,2012,100.0
818,24,2013,95.5
818,24,2014,94.9
818,24,2015,89.2
818,24,2016,80.2
818,24,2017,105.6
818,24,2018,146.4
818,24,2019,146.4
818,24,2020,89.9
818,24,2021,87.1
818,25,2012,100.0
818,25,2013,106.8
818,25,2014,101.7
818,25,2015,94.8
818,25,2016,97.3
818,25,2017,349.8
818,25,2018,1033.3
818,25,2019,1033.3
818,25,2020,730.4
818,25,2021,726.2
818,26,2012,100.0
818,26,2013,105.0
818,26,2014,45.9
818,26,2015,46.0
818,26,2016,40.4
818,26,2017,105.5
818,26,2018,151.3
818,26,2019,151.3
818,26,2020,81.7
818,26,2021,108.3
818,27,2012,100.0
818,27,2013,102.7
818,27,2014,134.6
818,27,2015,115.8
818,27,2016,107.1
818,27,2017,229.8
818,27,2018,694.2
818,27,2019,694.2
818,27,2020,284.7
818,27,2021,354.0
818,28,2012,100.0
818,28,2013,107.4
818,28,2014,95.1
818,28,2015,90.8
818,28,2016,85.7
818,28,2017,121.4
818,28,2018,207.0
818,28,2019,207.0
818,28,2020,92.8
818,28,2021,131.8
818,29,2012,100.0
818,29,2013,113.7
818,29,2014,120.5
818,29,2015,92.0
818,29,2016,108.6
818,29,2017,123.9
818,29,2018,232.6
818,29,2019,232.6
818,29,2020,180.6
818,29,2021,184.7
818,30,2012,100.0
818,30,2013,92.7
818,30,2014,95.3
818,30,2015,109.7
818,30,2016,82.0
818,30,2017,73.1
818,30,2018,61.0
818,30,2019,61.0
818,30,2020,86.8
818,30,2021,83.8
818,31,2012,100.0
818,31,2013,103.7
818,31,2014,86.5
818,31,2015,75.2
818,31,2016,75.6
818,31,2017,254.8
818,31,2018,586.6
818,31,2019,586.6
818,31,2020,3014.5
818,31,2021,5159.9
818,32,2012,100.0
818,32,2013,62.4
818,32,2014,58.3
818,32,2015,70.4
818,32,2016,73.9
818,32,2017,236.8
818,32,2018,447.1
818,32,2019,447.1
818,32,2020,427.8
818,32,2021,454.5
818,33,2012,100.0
818,33,2013,90.0
818,33,2014,45.1
818,33,2015,26.1
818,33,2016,61.4
818,33,2017,878.5
818,33,2018,376.7
818,33,2019,376.7
818,33,2020,1573.1
818,33,2021,1976.1
834,10,2012,100.0
834,10,2013,81.6
834,10,2014,87.9
834,10,2015,100.8
834,10,2016,102.4
834,10,2017,103.9
834,10,2018,107.8
834,10,2019,118.5
834,10,2020,130.4
834,10,2021,143.4
834,11,2012,100.0
834,11,2013,74.9
834,11,2014,80.7
834,11,2015,95.3
834,11,2016,127.0
834,11,2017,128.2
834,11,2018,133.0
834,11,2019,146.3
834,11,2020,160.9
834,11,2021,177.0
834,12,2012,100.0
834,12,2013,104.1
834,12,2014,112.1
834,12,2015,119.9
834,12,2016,89.9
834,12,2017,90.8
834,12,2018,94.1
834,12,2019,103.5
834,12,2020,113.9
834,12,2021,125.3
834,13,2012,100.0
834,13,2013,122.1
834,13,2014,131.5
834,13,2015,88.1
834,13,2016,63.9
834,13,2017,64.6
834,13,2018,67.0
834,13,2019,73.6
834,13,2020,81.0
834,13,2021,89.1
834,14,2012,100.0
834,14,2013,655.7
834,14,2014,706.5
834,14,2015,1014.9
834,14,2016,1436.3
834,14,2017,1450.8
834,14,2018,1504.6
834,14,2019,1654.6
834,14,2020,1819.8
834,14,2021,2001.5
834,15,2012,100.0
834,15,2013,75.6
834,15,2014,81.4
834,15,2015,95.4
834,15,2016,118.3
834,15,2017,119.4
834,15,2018,123.9
834,15,2019,136.3
834,15,2020,149.9
834,15,2021,164.9
834,16,2012,100.0
834,16,2013,317.8
834,16,2014,342.3
834,16,2015,272.8
834,16,2016,240.9
834,16,2017,243.3
834,16,2018,252.3
834,16,2019,277.6
834,16,2020,305.3
834,16,2021,335.8
834,17,2012,100.0
834,17,2013,71.0
834,17,2014,76.5
834,17,2015,78.3
834,17,2016,76.2
834,17,2017,77.0
834,17,2018,79.8
834,17,2019,87.8
834,17,2020,96.7
834,17,2021,106.5
834,18,2012,100.0
834,18,2013,65.3
834,18,2014,70.3
834,18,2015,62.2
834,18,2016,71.4
834,18,2017,72.1
834,18,2018,74.8
834,18,2019,82.3
834,18,2020,90.5
834,18,2021,99.5
834,19,2012,100.0
834,19,2013,231.7
834,19,2014,250.0
834,19,2015,253.8
834,19,2016,238.5
834,19,2017,240.4
834,19,2018,250.0
834,19,2019,275.0
834,19,2020,302.9
834,19,2021,333.7
834,20,2012,100.0
834,20,2013,103.6
834,20,2014,111.6
834,20,2015,81.3
834,20,2016,82.2
834,20,2017,83.0
834,20,2018,86.1
834,20,2019,94.7
834,20,2020,104.1
834,20,2021,114.5
834,21,2012,100.0
834,21,2013,77.8
834,21,2014,83.8
834,21,2015,77.3
834,21,2016,106.6
834,21,2017,107.7
834,21,2018,111.7
834,21,2019,122.8
834,21,2020,135.1
834,21,2021,148.5
834,22,2012,100.0
834,22,2013,76.4
834,22,2014,82.3
834,22,2015,69.4
834,22,2016,69.2
834,22,2017,69.9
834,22,2018,72.5
834,22,2019,79.7
834,22,2020,87.6
834,22,2021,96.4
834,23,2012,100.0
834,23,2013,97.7
834,23,2014,105.3
834,23,2015,148.2
834,23,2016,158.2
834,23,2017,159.7
834,23,2018,165.7
834,23,2019,182.2
834,23,2020,200.4
834,23,2021,220.5
834,24,2012,100.0
834,24,2013,56.9
834,24,2014,61.3
834,24,2015,60.1
834,24,2016,69.3
834,24,2017,70.0
834,24,2018,72.6
834,24,2019,79.8
834,24,2020,87.8
834,24,2021,96.6
834,25,2012,100.0
834,25,2013,147.5
834,25,2014,158.8
834,25,2015,116.5
834,25,2016,161.0
834,25,2017,162.6
834,25,2018,168.6
834,25,2019,185.5
834,25,2020,204.1
834,25,2021,224.4
834,26,2012,
834,26,2013,inf
834,26,2014,inf
834,26,2015,inf
834,26,2016,inf
834,26,2017,inf
834,26,2018,inf
834,26,2019,inf
834,26,2020,inf
834,26,2021,inf
834,27,2012,100.0
834,27,2013,115.4
834,27,2014,124.3
834,27,2015,112.5
834,27,2016,130.6
834,27,2017,132.0
834,27,2018,136.8
834,27,2019,150.5
834,27,2020,165.8
834,27,2021,182.7
834,28,2012,100.0
834,28,2013,128.1
834,28,2014,137.8
834,28,2015,167.4
834,28,2016,176.4
834,28,2017,178.3
834,28,2018,184.3
834,28,2019,203.0
834,28,2020,224.0
834,28,2021,247.2
834,29,2012,100.0
834,29,2013,71.4
834,29,2014,77.0
834,29,2015,49.3
834,29,2016,54.3
834,29,2017,54.8
834,29,2018,56.9
834,29,2019,62.5
834,29,2020,68.7
834,29,2021,75.5
834,30,2012,100.0
834,30,2013,136.8
834,30,2014,147.2
834,30,2015,500.7
834,30,2016,266.7
834,30,2017,269.4
834,30,2018,279.2
834,30,2019,306.9
834,30,2020,336.8
834,30,2021,370.1
834,31,2012,100.0
834,31,2013,70.4
834,31,2014,75.8
834,31,2015,129.9
834,31,2016,110.0
834,31,2017,111.1
834,31,2018,115.3
834,31,2019,126.8
834,31,2020,139.4
834,31,2021,153.4
834,32,2012,100.0
834,32,2013,58.7
834,32,2014,63.2
834,32,2015,192.8
834,32,2016,285.0
834,32,2017,288.0
834,32,2018,298.3
834,32,2019,328.3
834,32,2020,361.3
834,32,2021,397.8
834,33,2012,100.0
834,33,2013,264.2
834,33,2014,285.0
834,33,2015,310.8
834,33,2016,175.0
834,33,2017,175.8
834,33,2018,185.0
834,33,2019,202.5
834,33,2020,220.8
834,33,2021,240.0
840,10,2014,100.0
840,10,2015,101.6
840,10,2016,103.5
840,10,2017,109.7
840,10,2018,109.2
840,10,2019,108.8
840,10,2020,110.3
840,10,2021,110.3
840,10,2022,147.7
840,10,2023,151.7
840,11,2012,100.0
840,11,2013,101.4
840,11,2014,100.8
840,11,2015,107.7
840,11,2016,114.4
840,11,2017,145.2
840,11,2018,154.9
840,11,2019,154.5
840,11,2020,152.0
840,11,2021,158.6
840,12,2012,100.0
840,12,2013,95.3
840,12,2014,91.5
840,12,2015,91.8
840,12,2016,92.2
840,12,2017,93.7
840,12,2018,93.7
840,12,2019,83.9
840,12,2020,76.0
840,12,2021,79.6
840,13,2014,100.0
840,13,2015,99.4
840,13,2016,99.2
840,13,2017,95.3
840,13,2018,92.3
840,13,2019,90.4
840,13,2020,84.4
840,13,2021,83.7
840,13,2022,96.7
840,13,2023,91.9
840,14,2014,100.0
840,14,2015,97.4
840,14,2016,91.6
840,14,2017,95.9
840,14,2018,88.5
840,14,2019,83.2
840,14,2020,74.0
840,14,2021,70.4
840,14,2022,132.9
840,14,2023,129.6
840,15,2012,100.0
840,15,2013,97.1
840,15,2014,92.0
840,15,2015,91.2
840,15,2016,92.6
840,15,2017,99.6
840,15,2018,99.6
840,15,2019,101.6
840,15,2020,96.4
840,15,2021,95.8
840,16,2014,100.0
840,16,2015,105.0
840,16,2016,107.5
840,16,2017,112.5
840,16,2018,114.3
840,16,2019,111.2
840,16,2020,112.3
840,16,2021,113.3
840,16,2022,121.3
840,16,2023,119.0
840,17,2014,100.0
840,17,2015,99.5
840,17,2016,99.2
840,17,2017,99.8
840,17,2018,97.9
840,17,2019,99.3
840,17,2020,98.0
840,17,2021,98.4
840,17,2022,108.7
840,17,2023,107.5
840,18,2014,100.0
840,18,2015,99.0
840,18,2016,99.9
840,18,2017,102.2
840,18,2018,100.7
840,18,2019,94.0
840,18,2020,89.4
840,18,2021,84.4
840,18,2022,90.6
840,18,2023,88.7
840,19,2014,100.0
840,19,2015,100.6
840,19,2016,102.1
840,19,2017,105.8
840,19,2018,105.5
840,19,2019,104.3
840,19,2020,103.2
840,19,2021,98.4
840,19,2022,102.8
840,19,2023,105.8
840,20,2014,100.0
840,20,2015,101.9
840,20,2016,101.8
840,20,2017,107.6
840,20,2018,107.9
840,20,2019,105.7
840,20,2020,105.7
840,20,2021,106.7
840,20,2022,186.5
840,20,2023,186.5
840,21,2012,100.0
840,21,2013,94.9
840,21,2014,96.6
840,21,2015,104.2
840,21,2016,105.2
840,21,2017,109.1
840,21,2018,100.3
840,21,2019,101.2
840,21,2020,103.5
840,21,2021,109.4
840,22,2014,100.0
840,22,2015,102.6
840,22,2016,104.2
840,22,2017,106.5
840,22,2018,109.0
840,22,2019,108.2
840,22,2020,107.9
840,22,2021,108.7
840,22,2022,105.2
840,22,2023,103.4
840,23,2014,100.0
840,23,2015,103.5
840,23,2016,104.6
840,23,2017,109.9
840,23,2018,112.9
840,23,2019,110.6
840,23,2020,108.7
840,23,2021,108.2
840,23,2022,116.7
840,23,2023,117.3
840,24,2014,100.0
840,24,2015,98.9
840,24,2016,94.9
840,24,2017,94.5
840,24,2018,95.3
840,24,2019,95.9
840,24,2020,90.3
840,24,2021,82.9
840,24,2022,95.1
840,24,2023,97.2
840,25,2014,100.0
840,25,2015,99.8
840,25,2016,96.6
840,25,2017,99.7
840,25,2018,101.2
840,25,2019,100.4
840,25,2020,97.4
840,25,2021,94.3
840,25,2022,103.9
840,25,2023,105.0
840,26,2014,100.0
840,26,2015,99.8
840,26,2016,98.6
840,26,2017,105.1
840,26,2018,102.3
840,26,2019,102.0
840,26,2020,99.7
840,26,2021,97.5
840,26,2022,132.5
840,26,2023,132.0
840,27,2014,100.0
840,27,2015,101.8
840,27,2016,99.9
840,27,2017,104.1
840,27,2018,104.1
840,27,2019,103.7
840,27,2020,100.9
840,27,2021,103.0
840,27,2022,122.2
840,27,2023,125.3
840,28,2014,100.0
840,28,2015,101.1
840,28,2016,95.9
840,28,2017,99.4
840,28,2018,101.2
840,28,2019,101.3
840,28,2020,97.7
840,28,2021,96.6
840,28,2022,109.3
840,28,2023,111.4
840,29,2014,100.0
840,29,2015,106.0
840,29,2016,107.8
840,29,2017,115.4
840,29,2018,119.9
840,29,2019,121.0
840,29,2020,115.3
840,29,2021,116.2
840,29,2022,122.8
840,29,2023,125.0
840,30,2014,100.0
840,30,2015,99.8
840,30,2016,98.8
840,30,2017,97.1
840,30,2018,97.6
840,30,2019,99.3
840,30,2020,98.2
840,30,2021,96.7
840,30,2022,114.7
840,30,2023,121.3
840,31,2014,100.0
840,31,2015,104.2
840,31,2016,105.5
840,31,2017,109.4
840,31,2018,114.5
840,31,2019,107.4
840,31,2020,103.4
840,31,2021,99.3
840,31,2022,113.2
840,31,2023,107.0
840,32,2014,100.0
840,32,2015,100.1
840,32,2016,100.2
840,32,2017,102.2
840,32,2018,102.9
840,32,2019,101.8
840,32,2020,99.7
840,32,2021,100.3
840,32,2022,122.3
840,32,2023,121.8
858,10,2018,100.0
858,10,2019,96.2
858,10,2020,91.7
858,10,2021,92.1
858,10,2022,95.7
858,10,2023,98.6
858,11,2018,100.0
858,11,2019,98.3
858,11,2020,99.5
858,11,2021,93.9
858,11,2022,90.3
858,11,2023,91.9
858,13,2018,100.0
858,13,2019,88.7
858,13,2020,75.2
858,13,2021,66.6
858,13,2022,69.3
858,13,2023,69.1
858,14,2018,100.0
858,14,2019,81.4
858,14,2020,76.2
858,14,2021,83.6
858,14,2022,89.9
858,14,2023,85.0
858,15,2018,100.0
858,15,2019,97.1
858,15,2020,62.7
858,15,2021,72.0
858,15,2022,61.2
858,15,2023,58.6
858,16,2018,100.0
858,16,2019,87.2
858,16,2020,88.2
858,16,2021,93.8
858,16,2022,103.2
858,16,2023,97.2
858,17,2018,100.0
858,17,2019,94.8
858,17,2020,105.4
858,17,2021,102.7
858,17,2022,99.0
858,17,2023,100.3
858,18,2018,100.0
858,18,2019,99.0
858,18,2020,67.2
858,18,2021,72.7
858,18,2022,70.0
858,18,2023,77.9
858,19,2018,100.0
858,19,2019,102.3
858,19,2020,93.2
858,19,2021,89.4
858,19,2022,87.3
858,19,2023,85.2
858,20,2018,100.0
858,20,2019,91.0
858,20,2020,85.5
858,20,2021,82.3
858,20,2022,88.5
858,20,2023,90.1
858,21,2018,100.0
858,21,2019,100.0
858,21,2020,100.0
858,21,2021,94.8
858,21,2022,88.4
858,21,2023,83.3
858,22,2018,100.0
858,22,2019,100.1
858,22,2020,81.5
858,22,2021,76.9
858,22,2022,80.0
858,22,2023,82.4
858,23,2018,100.0
858,23,2019,108.7
858,23,2020,90.6
858,23,2021,97.4
858,23,2022,105.1
858,23,2023,107.6
858,24,2018,100.0
858,24,2019,104.7
858,24,2020,89.7
858,24,2021,103.1
858,24,2022,113.2
858,24,2023,109.8
858,25,2018,100.0
858,25,2019,90.4
858,25,2020,89.9
858,25,2021,95.1
858,25,2022,102.2
858,25,2023,91.7
858,26,2018,100.0
858,26,2019,100.0
858,26,2020,112.5
858,26,2021,100.6
858,26,2022,83.6
858,26,2023,271.2
858,27,2018,100.0
858,27,2019,82.4
858,27,2020,83.6
858,27,2021,101.2
858,27,2022,83.9
858,28,2018,100.0
858,28,2019,105.7
858,28,2020,127.4
858,28,2021,99.0
858,28,2022,115.8
858,28,2023,132.6
858,29,2018,100.0
858,29,2019,92.1
858,29,2020,76.6
858,29,2021,91.3
858,29,2022,106.4
858,29,2023,111.2
858,30,2018,100.0
858,30,2019,102.2
858,30,2020,102.2
858,30,2021,99.3
858,31,2018,100.0
858,31,2019,83.6
858,31,2020,80.8
858,31,2021,79.1
858,31,2022,92.0
858,31,2023,110.3
858,32,2018,100.0
858,32,2019,97.8
858,32,2020,95.5
858,32,2021,104.7
858,32,2022,92.6
858,32,2023,67.7
858,33,2018,100.0
858,33,2019,91.1
858,33,2020,96.4
858,33,2021,140.3
858,33,2022,186.6
858,33,2023,132.0
860,10,2014,100.0
860,10,2015,104.1
860,10,2016,109.7
860,10,2017,113.3
860,10,2018,118.7
860,10,2019,135.0
860,10,2020,144.6
860,10,2021,140.0
860,10,2022,138.1
860,10,2023,126.4
860,11,2014,100.0
860,11,2015,98.5
860,11,2016,107.4
860,11,2017,106.4
860,11,2018,109.3
860,11,2019,111.0
860,11,2020,115.7
860,11,2021,120.4
860,11,2022,124.5
860,11,2023,120.9
860,12,2014,100.0
860,12,2015,99.8
860,12,2016,79.6
860,12,2017,82.3
860,12,2018,90.5
860,12,2019,93.4
860,12,2020,93.9
860,12,2021,76.5
860,12,2022,79.5
860,12,2023,82.5
860,13,2014,100.0
860,13,2015,100.4
860,13,2016,101.7
860,13,2017,111.1
860,13,2018,119.7
860,13,2019,134.1
860,13,2020,135.7
860,13,2021,155.0
860,13,2022,166.9
860,13,2023,163.7
860,14,2014,100.0
860,14,2015,96.6
860,14,2016,112.6
860,14,2017,147.2
860,14,2018,166.0
860,14,2019,194.9
860,14,2020,201.4
860,14,2021,207.0
860,14,2022,225.3
860,14,2023,244.8
860,15,2014,100.0
860,15,2015,108.9
860,15,2016,116.2
860,15,2017,148.5
860,15,2018,166.2
860,15,2019,168.3
860,15,2020,162.3
860,15,2021,165.0
860,15,2022,158.7
860,15,2023,157.9
860,16,2014,100.0
860,16,2015,97.9
860,16,2016,91.3
860,16,2017,102.4
860,16,2018,140.2
860,16,2019,173.3
860,16,2020,174.3
860,16,2021,173.2
860,16,2022,159.4
860,16,2023,136.5
860,17,2014,100.0
860,17,2015,109.1
860,17,2016,113.8
860,17,2017,114.9
860,17,2018,128.4
860,17,2019,154.0
860,17,2020,166.2
860,17,2021,174.7
860,17,2022,187.2
860,17,2023,197.6
860,18,2014,100.0
860,18,2015,95.3
860,18,2016,98.9
860,18,2017,97.7
860,18,2018,97.5
860,18,2019,108.0
860,18,2020,95.3
860,18,2021,87.5
860,18,2022,87.3
860,18,2023,88.9
860,19,2014,100.0
860,19,2015,103.2
860,19,2016,106.7
860,19,2017,102.9
860,19,2018,82.2
860,19,2019,74.0
860,19,2020,72.4
860,19,2021,72.6
860,19,2022,66.6
860,19,2023,76.0
860,20,2014,100.0
860,20,2015,99.0
860,20,2016,100.6
860,20,2017,107.3
860,20,2018,110.4
860,20,2019,118.4
860,20,2020,114.9
860,20,2021,99.4
860,20,2022,112.1
860,20,2023,115.9
860,21,2014,100.0
860,21,2015,102.4
860,21,2016,121.2
860,21,2017,147.4
860,21,2018,150.8
860,21,2019,172.8
860,21,2020,180.8
860,21,2021,194.2
860,21,2022,197.0
860,21,2023,223.8
860,22,2014,100.0
860,22,2015,106.7
860,22,2016,119.1
860,22,2017,123.9
860,22,2018,143.4
860,22,2019,181.2
860,22,2020,195.4
860,22,2021,194.7
860,22,2022,185.7
860,22,2023,190.0
860,23,2014,100.0
860,23,2015,97.5
860,23,2016,101.4
860,23,2017,103.1
860,23,2018,114.5
860,23,2019,135.1
860,23,2020,140.1
860,23,2021,133.5
860,23,2022,129.3
860,23,2023,120.1
860,24,2014,100.0
860,24,2015,101.0
860,24,2016,100.0
860,24,2017,379.3
860,24,2018,400.9
860,24,2019,420.3
860,24,2020,440.7
860,24,2021,457.6
860,24,2022,660.1
860,24,2023,665.8
860,25,2014,100.0
860,25,2015,98.7
860,25,2016,103.8
860,25,2017,110.8
860,25,2018,127.3
860,25,2019,160.2
860,25,2020,179.8
860,25,2021,193.3
860,25,2022,190.8
860,25,2023,177.0
860,26,2014,100.0
860,26,2015,86.1
860,26,2016,91.5
860,26,2017,85.2
860,26,2018,88.8
860,26,2019,142.4
860,26,2020,126.5
860,26,2021,240.8
860,26,2022,248.7
860,26,2023,117.3
860,27,2014,100.0
860,27,2015,95.4
860,27,2016,95.8
860,27,2017,108.6
860,27,2018,135.9
860,27,2019,171.9
860,27,2020,201.9
860,27,2021,182.0
860,27,2022,209.6
860,27,2023,214.5
860,28,2014,100.0
860,28,2015,79.1
860,28,2016,67.9
860,28,2017,73.8
860,28,2018,93.6
860,28,2019,96.8
860,28,2020,121.1
860,28,2021,110.6
860,28,2022,94.1
860,28,2023,84.8
860,29,2014,100.0
860,29,2015,105.4
860,29,2016,99.8
860,29,2017,98.6
860,29,2018,103.6
860,29,2019,111.6
860,29,2020,115.9
860,29,2021,113.7
860,29,2022,122.4
860,29,2023,157.5
860,30,2014,100.0
860,30,2015,93.6
860,30,2016,86.4
860,30,2017,89.1
860,30,2018,65.2
860,30,2019,84.4
860,30,2020,85.9
860,30,2021,95.2
860,30,2022,92.4
860,30,2023,105.0
860,31,2014,100.0
860,31,2015,97.3
860,31,2016,103.3
860,31,2017,113.8
860,31,2018,128.8
860,31,2019,167.5
860,31,2020,167.2
860,31,2021,175.1
860,31,2022,176.6
860,31,2023,170.5
860,32,2014,100.0
860,32,2015,95.2
860,32,2016,109.8
860,32,2017,112.1
860,32,2018,110.4
860,32,2019,154.3
860,32,2020,151.3
860,32,2021,178.8
860,32,2022,181.9
860,32,2023,188.0
860,33,2014,100.0
860,33,2015,99.0
860,33,2016,91.0
860,33,2017,82.3
860,33,2018,82.0
860,33,2019,78.8
860,33,2020,79.1
860,33,2021,65.0
860,33,2022,63.2
860,33,2023,59.4
