country_code,country,activity_code,activity,year,risk_prob,tier,scoreable,completeness,n_features,in_training,concept_break,g_emp_1,g_emp_3,vol_emp_5,n_consec_decline,share_decline_5,emp_dev5,g_va_1,g_va_3,g_out_1,g_out_3,g_wages_1,g_prod_1,wage_share,g_emp_1_rel_ctry,g_emp_1_rel_ind,log_emp_share_ctry,top_signals
008,Albania,10,Food products,2023,0.0227,Low,True,1.0,16,True,False,-0.01717,-0.0101,0.04914,1.0,0.4,0.00465,0.09247,0.62941,0.10386,0.52258,0.25082,0.11156,0.49654,-0.02002,-0.03109,-1.89328,wage_share;g_emp_1;g_emp_1_rel_ctry;g_out_1
008,Albania,11,Beverages,2023,0.0227,Low,True,1.0,16,True,False,0.00284,0.07491,0.04176,0.0,0.2,0.03396,0.17367,0.78406,0.21213,0.75795,0.32911,0.17034,0.36924,0.0,-0.02017,-3.6913,g_emp_1_rel_ctry;log_emp_share_ctry;g_emp_1;g_out_1
008,Albania,13,Textiles,2023,0.0653,Watch,True,1.0,16,True,False,0.11896,0.29696,0.05485,0.0,0.0,0.18947,0.08341,0.99085,0.13064,0.86275,0.38367,-0.03177,0.70915,0.11612,0.133,-3.40686,wage_share;g_prod_1;g_out_1;g_va_1
008,Albania,14,Wearing apparel,2023,0.0435,Low,True,1.0,16,True,False,0.00407,-0.00813,0.06165,0.0,0.4,-0.02769,0.12349,0.44332,0.18166,0.40573,0.32534,0.11893,0.78896,0.00123,0.01345,-1.39021,wage_share;g_emp_1_rel_ctry;g_emp_1;g_out_1
008,Albania,15,Leather and related products,2023,0.2136,High,True,1.0,16,True,False,-0.02895,-0.02966,0.0767,1.0,0.8,-0.05688,-0.08489,0.45344,0.02424,0.46762,0.16272,-0.0576,0.80438,-0.0318,0.00682,-1.59777,wage_share;share_decline_5;g_emp_1;g_emp_1_rel_ctry
008,Albania,16,"Wood products, excluding furniture",2023,0.0517,Watch,True,1.0,16,True,False,0.00305,0.15245,0.08949,0.0,0.4,0.04752,0.15318,0.32044,0.13901,0.58293,0.37522,0.14968,0.42493,0.0002,0.02854,-4.05471,log_emp_share_ctry;g_emp_1_rel_ctry;g_emp_1;g_out_1
008,Albania,17,Paper and paper products,2023,0.2136,High,True,1.0,16,True,False,-0.10179,0.23354,0.13792,1.0,0.4,0.07347,0.21373,0.89484,0.05024,0.6408,0.13126,0.35127,0.58224,-0.10463,-0.11723,-3.43625,g_emp_1;wage_share;g_emp_1_rel_ctry;vol_emp_5
008,Albania,18,Printing and reproduction of recorded media,2023,0.2477,High,True,1.0,16,True,False,-0.12322,-0.10797,0.11551,1.0,0.6,-0.10691,-0.31773,-0.2401,-0.17552,-0.13494,0.22224,-0.22185,0.39968,-0.12607,-0.10654,-4.24334,g_emp_1;g_emp_1_rel_ctry;log_emp_share_ctry;share_decline_5
008,Albania,19,Coke and refined petroleum products,2023,0.1772,Elevated,True,1.0,16,True,False,0.10185,0.12264,0.09568,0.0,0.4,0.0482,0.21888,0.79045,0.75529,1.2891,0.24877,0.10621,0.23824,0.09901,0.09847,-6.72334,log_emp_share_ctry;g_prod_1
008,Albania,20,Chemicals and chemical products,2023,0.0227,Low,True,1.0,16,True,False,0.05186,0.06381,0.05429,0.0,0.2,0.03699,0.25239,0.47,0.23297,0.48829,0.40177,0.19065,0.45627,0.04901,0.04366,-4.39832,log_emp_share_ctry;wage_share;g_out_1
008,Albania,22,Rubber and plastics products,2023,0.0435,Low,True,1.0,16,True,False,-0.02458,-0.09601,0.0831,2.0,0.6,-0.08827,0.08321,0.4177,0.11297,0.58341,0.11491,0.11051,0.45108,-0.02743,-0.03312,-4.19124,log_emp_share_ctry;share_decline_5;g_emp_1;g_emp_1_rel_ctry
008,Albania,23,Other non-metallic mineral products,2023,0.2477,High,True,1.0,16,True,False,-0.0498,-0.0441,0.02161,1.0,0.6,-0.03537,0.30444,0.70792,0.07479,0.53434,0.22018,0.37281,0.2416,-0.05265,-0.04381,-2.92908,g_emp_1;g_emp_1_rel_ctry;share_decline_5;g_out_1
008,Albania,24,Basic metals,2023,0.2477,High,True,1.0,16,True,False,-0.04568,0.10638,0.08272,1.0,0.4,0.02506,-0.80323,-0.45652,0.0156,1.19365,0.24127,-0.79381,0.7152,-0.04852,-0.05151,-4.29312,wage_share;g_emp_1;log_emp_share_ctry;g_va_3
008,Albania,25,"Fabricated metal products, except machinery",2023,0.0517,Watch,True,1.0,16,True,False,0.0063,0.08245,0.02929,0.0,0.2,0.04183,0.10284,1.07044,0.08161,1.02716,0.33151,0.09593,0.42799,0.00346,-0.00698,-2.83409,g_emp_1_rel_ctry;g_out_1;g_va_1;g_emp_1
008,Albania,26,"Computer, electronic and optical products",2023,0.2477,High,True,1.0,16,True,False,0.11597,1.09085,0.13104,0.0,0.0,0.35976,0.53949,2.33394,0.60866,3.51793,0.38099,0.3795,0.6506,0.11313,0.09781,-3.40351,wage_share;vol_emp_5
008,Albania,28,Machinery and equipment n.e.c.,2023,0.2136,High,True,1.0,16,True,False,0.13436,1.35144,0.36867,0.0,0.0,0.45231,-0.03202,2.36019,0.04532,3.29384,0.75235,-0.14667,0.87742,0.13151,0.12299,-3.48581,wage_share;vol_emp_5;g_prod_1;g_va_1
008,Albania,31,Furniture,2023,0.294,High,True,1.0,16,True,False,-0.07723,-0.01084,0.04893,1.0,0.4,-0.0335,0.04803,0.51078,0.00907,0.4165,0.20849,0.13575,0.58879,-0.08007,-0.04615,-3.18177,wage_share;g_emp_1;g_emp_1_rel_ctry;g_out_1
008,Albania,32,Other manufacturing,2023,0.0653,Watch,True,1.0,16,True,False,0.09097,0.18608,0.05861,0.0,0.2,0.09325,0.1961,0.8654,0.23784,1.1495,0.32671,0.09636,0.56992,0.08812,0.07356,-4.65978,wage_share;log_emp_share_ctry;g_out_1;g_prod_1
008,Albania,33,Repair and installation of machinery/equipment,2023,0.0653,Watch,True,1.0,16,True,False,-0.02495,0.1468,0.0775,1.0,0.4,0.03713,0.16415,0.31434,0.45719,1.3828,0.38311,0.19393,0.35455,-0.02779,-0.04556,-5.00418,log_emp_share_ctry;g_emp_1;g_emp_1_rel_ctry
024,Angola,10,Food products,2023,,Insufficient data,False,0.188,16,True,False,,,,0.0,,,,,-0.32674,-0.06062,,,,,,,
024,Angola,11,Beverages,2023,,Insufficient data,False,0.188,16,True,False,,,,0.0,,,,,-0.32632,-0.05335,,,,,,,
024,Angola,12,Tobacco products,2023,,Insufficient data,False,0.188,16,True,False,,,,0.0,,,,,-0.32488,1.5873,,,,,,,
024,Angola,13,Textiles,2023,,Insufficient data,False,0.188,16,True,False,,,,0.0,,,,,-0.32654,-0.17644,,,,,,,
024,Angola,14,Wearing apparel,2023,,Insufficient data,False,0.062,16,True,False,,,,0.0,,,,,,,,,,,,,
024,Angola,16,"Wood products, excluding furniture",2023,,Insufficient data,False,0.188,16,True,False,,,,0.0,,,,,-0.28214,-0.04266,,,,,,,
024,Angola,17,Paper and paper products,2023,,Insufficient data,False,0.188,16,True,False,,,,0.0,,,,,-0.1692,0.15564,,,,,,,
024,Angola,18,Printing and reproduction of recorded media,2023,,Insufficient data,False,0.188,16,True,False,,,,0.0,,,,,-0.13482,0.14792,,,,,,,
024,Angola,19,Coke and refined petroleum products,2023,,Insufficient data,False,0.062,16,True,False,,,,0.0,,,,,,,,,,,,,
024,Angola,20,Chemicals and chemical products,2023,,Insufficient data,False,0.188,16,True,False,,,,0.0,,,,,-0.21617,0.24886,,,,,,,
024,Angola,22,Rubber and plastics products,2023,,Insufficient data,False,0.062,16,True,False,,,,0.0,,,,,,,,,,,,,
024,Angola,23,Other non-metallic mineral products,2023,,Insufficient data,False,0.188,16,True,False,,,,0.0,,,,,-0.32413,-0.15097,,,,,,,
024,Angola,24,Basic metals,2023,,Insufficient data,False,0.188,16,True,False,,,,0.0,,,,,-0.10954,0.19386,,,,,,,
024,Angola,25,"Fabricated metal products, except machinery",2023,,Insufficient data,False,0.188,16,True,False,,,,0.0,,,,,-0.23286,0.03124,,,,,,,
024,Angola,27,Electrical equipment,2023,,Insufficient data,False,0.188,16,True,False,,,,0.0,,,,,-0.36346,-0.30048,,,,,,,
024,Angola,30,Other transport equipment,2023,,Insufficient data,False,0.188,16,True,False,,,,0.0,,,,,-0.31795,-0.1467,,,,,,,
024,Angola,31,Furniture,2023,,Insufficient data,False,0.062,16,True,False,,,,0.0,,,,,,,,,,,,,
024,Angola,32,Other manufacturing,2023,,Insufficient data,False,0.062,16,True,False,,,,0.0,,,,,,,,,,,,,
031,Azerbaijan,10,Food products,2023,,Insufficient data,False,0.938,16,True,False,0.07643,,0.087,0.0,0.0,0.08926,0.02982,0.07184,-0.07019,0.17075,0.23107,-0.0433,0.19988,0.08982,0.06251,-1.37042,
031,Azerbaijan,11,Beverages,2023,,Insufficient data,False,0.938,16,True,False,-0.07905,,0.06892,1.0,0.33333,-0.02015,0.21021,0.43959,0.24875,0.64428,0.1027,0.31409,0.26454,-0.06565,-0.10206,-2.81016,
031,Azerbaijan,12,Tobacco products,2023,,Insufficient data,False,0.938,16,True,False,0.03805,,0.34967,0.0,0.0,0.07891,0.21573,1.60311,0.23461,1.17742,0.30885,0.17116,0.05634,0.05145,0.03224,-4.54407,
031,Azerbaijan,13,Textiles,2023,,Insufficient data,False,0.938,16,True,False,-0.03342,,0.07557,2.0,0.66667,-0.04762,-0.01443,0.51583,-0.04181,0.54593,0.14016,0.01965,0.37486,-0.02003,-0.01938,-2.84869,
031,Azerbaijan,14,Wearing apparel,2023,,Insufficient data,False,0.938,16,True,False,0.03394,,0.05503,0.0,0.0,0.06737,-0.15682,0.30984,-0.22891,0.1095,0.01875,-0.18451,0.55665,0.04734,0.04332,-3.61844,
031,Azerbaijan,15,Leather and related products,2023,,Insufficient data,False,0.938,16,True,False,-0.13333,,0.04094,2.0,1.0,-0.13794,-0.07719,-0.08327,-0.01958,-0.04072,-0.13792,0.06478,0.53504,-0.11993,-0.09756,-5.18996,
031,Azerbaijan,16,"Wood products, excluding furniture",2023,,Insufficient data,False,0.938,16,True,False,-0.19061,,0.16708,2.0,0.66667,-0.22448,-0.44235,-0.40339,-0.46674,-0.45059,-0.11623,-0.31103,0.41637,-0.17721,-0.16511,-4.9643,
031,Azerbaijan,17,Paper and paper products,2023,,Insufficient data,False,0.938,16,True,False,-0.01871,,0.04153,1.0,0.33333,0.06808,0.20691,0.908,0.09654,0.61823,0.11678,0.22992,0.40297,-0.00531,-0.03416,-4.21897,
031,Azerbaijan,18,Printing and reproduction of recorded media,2023,,Insufficient data,False,0.938,16,True,False,0.09109,,0.05348,0.0,0.33333,0.0631,0.40856,0.49451,0.34825,0.42615,0.17563,0.29097,0.30091,0.10449,0.10778,-4.05878,
031,Azerbaijan,19,Coke and refined petroleum products,2023,,Insufficient data,False,0.938,16,True,False,-0.07574,,0.03657,2.0,1.0,-0.11544,-0.36737,0.21712,0.01996,0.65975,-0.10392,-0.31552,0.04016,-0.06234,-0.07912,-3.69604,
031,Azerbaijan,20,Chemicals and chemical products,2023,,Insufficient data,False,0.938,16,True,False,-0.02383,,0.05294,1.0,0.33333,0.01836,-0.12445,1.62632,-0.1204,1.43676,0.09061,-0.10308,0.20715,-0.01043,-0.03203,-2.6883,
031,Azerbaijan,21,"Pharmaceuticals,medicinal chemicals, etc.",2023,,Insufficient data,False,0.938,16,True,False,-0.02848,,0.07175,1.0,0.33333,0.08405,0.29976,2.50165,0.28579,1.92525,0.18581,0.33786,0.46327,-0.01508,-0.05258,-6.0354,
031,Azerbaijan,22,Rubber and plastics products,2023,,Insufficient data,False,0.938,16,True,False,0.00353,,0.05599,0.0,0.33333,0.00403,0.41971,0.815,0.31547,0.69031,0.23769,0.41471,0.32882,0.01693,-0.00501,-2.97747,
031,Azerbaijan,23,Other non-metallic mineral products,2023,,Insufficient data,False,0.938,16,True,False,-0.01392,,0.08207,2.0,0.66667,-0.04453,-0.05052,0.34604,0.1004,0.60309,0.05752,-0.03711,0.29324,-0.00052,-0.00793,-2.35453,
031,Azerbaijan,24,Basic metals,2023,,Insufficient data,False,0.938,16,True,False,-0.02743,,0.05111,1.0,0.66667,0.04163,-0.08294,0.54697,-0.0462,0.90686,0.05369,-0.05707,0.18481,-0.01403,-0.03326,-3.00101,
031,Azerbaijan,25,"Fabricated metal products, except machinery",2023,,Insufficient data,False,0.938,16,True,False,-0.10957,,0.20412,2.0,0.66667,-0.08791,-0.13563,0.23537,-0.16707,0.33133,0.00504,-0.02926,0.35306,-0.09618,-0.12286,-3.39239,
031,Azerbaijan,26,"Computer, electronic and optical products",2023,,Insufficient data,False,0.938,16,True,False,0.04366,,0.02165,0.0,0.33333,-0.13576,0.30715,-0.17985,0.30222,-0.1241,0.23097,0.25246,0.40788,0.05706,0.0255,-4.87469,
031,Azerbaijan,27,Electrical equipment,2023,,Insufficient data,False,0.938,16,True,False,-0.03114,,0.10412,2.0,0.66667,-0.14894,0.31792,0.07588,0.16282,0.00882,0.078,0.36027,0.47614,-0.01774,-0.052,-3.62397,
031,Azerbaijan,28,Machinery and equipment n.e.c.,2023,,Insufficient data,False,0.938,16,True,False,0.03662,,0.01076,0.0,0.0,0.07057,0.60663,1.86984,0.47148,1.15473,0.18277,0.54987,0.26945,0.05002,0.02526,-3.15649,
031,Azerbaijan,29,"Motor vehicles, trailers and semi-trailers",2023,,Insufficient data,False,0.938,16,True,False,0.09019,,0.04964,0.0,0.0,0.0686,0.45509,0.38992,0.48988,1.58493,0.22833,0.33472,0.17061,0.10358,0.07895,-5.0505,
031,Azerbaijan,30,Other transport equipment,2023,,Insufficient data,False,0.938,16,True,False,-0.01288,,0.12634,2.0,0.66667,-0.26591,-0.32131,0.22203,-0.28474,0.44376,0.23685,-0.31246,1.90317,0.00052,-0.06321,-4.93787,
031,Azerbaijan,31,Furniture,2023,,Insufficient data,False,0.938,16,True,False,0.07354,,0.01926,0.0,0.0,0.16517,0.31447,1.66743,0.36936,1.56922,0.1576,0.22443,0.42171,0.08694,0.10462,-2.81418,
031,Azerbaijan,32,Other manufacturing,2023,,Insufficient data,False,0.938,16,True,False,0.16808,,0.06239,0.0,0.0,0.13987,0.04073,0.4939,-0.08022,0.18681,0.27045,-0.10902,0.37312,0.18148,0.15067,-4.43907,
031,Azerbaijan,33,Repair and installation of machinery/equipment,2023,,Insufficient data,False,0.938,16,True,False,0.14063,,0.05939,0.0,0.33333,0.08238,0.05447,0.99324,0.00437,0.79832,0.13512,-0.07553,0.53323,0.15403,0.12002,-2.82634,
036,Australia,10,Food products,2023,,Insufficient data,False,0.438,16,True,False,,,,0.0,,,0.03049,0.07378,0.07476,0.21756,0.07199,,0.57567,,,,
036,Australia,11,Beverages,2023,,Insufficient data,False,0.438,16,True,False,,,,0.0,,,-0.05214,-0.12484,0.03705,0.13071,0.11528,,0.54383,,,,
036,Australia,13,Textiles,2023,,Insufficient data,False,0.438,16,True,False,,,,0.0,,,-0.01248,0.22517,-0.01858,0.05264,0.02123,,0.5373,,,,
036,Australia,14,Wearing apparel,2023,,Insufficient data,False,0.438,16,True,False,,,,0.0,,,-0.06735,-0.02079,0.04635,-0.04864,0.01309,,0.58793,,,,
036,Australia,15,Leather and related products,2023,,Insufficient data,False,0.438,16,True,False,,,,0.0,,,0.0272,0.01764,0.08094,-0.00585,0.07153,,0.48378,,,,
036,Australia,16,"Wood products, excluding furniture",2023,,Insufficient data,False,0.438,16,True,False,,,,0.0,,,0.15884,0.46793,0.03664,0.28262,0.05723,,0.43539,,,,
036,Australia,17,Paper and paper products,2023,,Insufficient data,False,0.438,16,True,False,,,,0.0,,,0.05846,0.10675,-0.00965,0.02131,0.0704,,0.60049,,,,
036,Australia,18,Printing and reproduction of recorded media,2023,,Insufficient data,False,0.438,16,True,False,,,,0.0,,,0.08143,0.0784,0.0281,0.08245,-0.04772,,0.58727,,,,
036,Australia,19,Coke and refined petroleum products,2023,,Insufficient data,False,0.312,16,True,False,,,,0.0,,,0.97706,0.53629,,,0.02605,,0.2337,,,,
036,Australia,20,Chemicals and chemical products,2023,,Insufficient data,False,0.438,16,True,False,,,,0.0,,,-0.08783,0.25209,-0.00238,0.30043,0.01999,,0.4132,,,,
036,Australia,21,"Pharmaceuticals,medicinal chemicals, etc.",2023,,Insufficient data,False,0.438,16,True,False,,,,0.0,,,0.03678,0.10613,0.13019,0.04216,0.05312,,0.57025,,,,
036,Australia,22,Rubber and plastics products,2023,,Insufficient data,False,0.438,16,True,False,,,,0.0,,,0.09971,0.27329,0.05138,0.15261,0.06586,,0.53298,,,,
036,Australia,23,Other non-metallic mineral products,2023,,Insufficient data,False,0.438,16,True,False,,,,0.0,,,0.02689,0.17809,0.03706,0.21184,0.02231,,0.47888,,,,
036,Australia,24,Basic metals,2023,,Insufficient data,False,0.438,16,True,False,,,,0.0,,,-0.15469,0.17657,-0.01501,0.10452,-0.03101,,0.4195,,,,
036,Australia,25,"Fabricated metal products, except machinery",2023,,Insufficient data,False,0.438,16,True,False,,,,0.0,,,-0.00639,0.23385,0.01652,0.23508,-0.02787,,0.55571,,,,
036,Australia,26,"Computer, electronic and optical products",2023,,Insufficient data,False,0.438,16,True,False,,,,0.0,,,0.03008,0.33813,-0.03867,0.21807,0.03418,,0.47991,,,,
036,Australia,27,Electrical equipment,2023,,Insufficient data,False,0.438,16,True,False,,,,0.0,,,0.14337,0.3158,0.11714,0.24368,0.0768,,0.56045,,,,
036,Australia,28,Machinery and equipment n.e.c.,2023,,Insufficient data,False,0.438,16,True,False,,,,0.0,,,0.15433,0.32729,0.09661,0.24548,0.07164,,0.58502,,,,
036,Australia,29,"Motor vehicles, trailers and semi-trailers",2023,,Insufficient data,False,0.438,16,True,False,,,,0.0,,,0.04153,0.46113,0.08438,0.25839,0.1293,,0.47278,,,,
036,Australia,30,Other transport equipment,2023,,Insufficient data,False,0.438,16,True,False,,,,0.0,,,0.1404,0.14101,0.11917,0.09353,0.16773,,0.69484,,,,
036,Australia,31,Furniture,2023,,Insufficient data,False,0.438,16,True,False,,,,0.0,,,-0.05714,0.26693,0.07379,0.29616,0.00348,,0.5494,,,,
036,Australia,32,Other manufacturing,2023,,Insufficient data,False,0.312,16,True,False,,,,0.0,,,-0.0594,0.29078,,,-0.00174,,0.50724,,,,
040,Austria,10,Food products,2023,0.0,Low,True,0.938,16,True,False,0.01803,0.06193,0.01487,0.0,0.2,0.03536,0.11952,0.13167,0.08504,,0.11972,0.09969,0.55831,0.00595,0.00411,-2.11813,wage_share;g_va_3;g_emp_1_rel_ctry;g_out_1
040,Austria,11,Beverages,2023,0.0177,Low,True,0.938,16,True,False,0.0291,0.08563,0.0229,0.0,0.2,0.05449,0.12225,0.42351,0.06443,,0.20766,0.09051,0.20279,0.01703,0.00609,-4.11223,log_emp_share_ctry;g_out_1;g_prod_1;g_va_1
040,Austria,12,Tobacco products,2023,,Insufficient data,False,0.062,16,True,False,,,,0.0,,,,,,,,,,,,,
040,Austria,13,Textiles,2023,0.038,Low,True,0.938,16,True,False,-0.03316,-0.01531,0.03054,1.0,0.8,-0.02969,-0.02738,-0.01678,-0.02377,,0.06302,0.00597,0.55884,-0.04523,-0.01911,-4.58738,share_decline_5;log_emp_share_ctry;wage_share;g_emp_1
040,Austria,14,Wearing apparel,2023,0.1772,Elevated,True,0.938,16,True,False,-0.05329,-0.12913,0.04135,5.0,1.0,-0.11244,-0.03074,0.21163,0.04089,,0.00165,0.02382,0.70524,-0.06537,-0.04391,-5.38199,share_decline_5;wage_share;log_emp_share_ctry;g_emp_1
040,Austria,15,Leather and related products,2023,0.2136,High,True,0.938,16,True,False,-0.05109,-0.103,0.02043,5.0,1.0,-0.08007,0.02608,-0.05014,0.04354,,0.03175,0.08133,0.613,-0.06317,-0.01532,-5.39039,share_decline_5;log_emp_share_ctry;wage_share;g_emp_1
040,Austria,16,"Wood products, excluding furniture",2023,0.0227,Low,True,0.938,16,True,False,-0.01822,0.03578,0.0217,1.0,0.4,0.00635,-0.19434,-0.0155,-0.12662,,0.08932,-0.17939,0.52978,-0.0303,0.00727,-3.0092,wage_share;g_emp_1;g_emp_1_rel_ctry;g_va_3
040,Austria,17,Paper and paper products,2023,0.038,Low,True,0.938,16,True,False,-0.02737,-5e-05,0.0254,1.0,0.4,-0.01025,-0.16819,-0.04394,-0.19216,,0.10601,-0.14478,0.53786,-0.03944,-0.04281,-3.60917,wage_share;g_emp_1;g_emp_1_rel_ctry;g_va_3
040,Austria,18,Printing and reproduction of recorded media,2023,0.038,Low,True,0.938,16,True,False,-0.02608,-0.06963,0.02873,1.0,0.8,-0.05737,0.00615,-0.03956,-0.03489,,0.0312,0.03309,0.61713,-0.03816,-0.00939,-4.34849,share_decline_5;wage_share;log_emp_share_ctry;g_emp_1
040,Austria,20,Chemicals and chemical products,2023,0.0227,Low,True,0.938,16,True,False,0.02437,0.08187,0.0107,0.0,0.0,0.04635,-0.26312,-0.10564,-0.19148,,0.1096,-0.28065,0.52787,0.01229,0.01617,-3.47692,wage_share;g_va_3;g_va_1;g_prod_1
040,Austria,22,Rubber and plastics products,2023,0.0227,Low,True,0.938,16,True,False,0.02874,0.03363,0.01428,0.0,0.6,0.02755,0.10239,0.09141,0.00429,,0.1504,0.07159,0.61697,0.01667,0.02021,-3.02312,wage_share;share_decline_5;g_va_3;g_out_1
040,Austria,23,Other non-metallic mineral products,2023,0.0653,Watch,True,0.938,16,True,False,-0.02734,-0.10058,0.01692,4.0,0.8,-0.07031,0.03991,0.01397,-0.02409,,0.07084,0.06914,0.58904,-0.03941,-0.02135,-3.1626,share_decline_5;wage_share;g_emp_1;g_emp_1_rel_ctry
040,Austria,24,Basic metals,2023,0.0227,Low,True,0.938,16,True,False,0.03686,0.06013,0.02045,0.0,0.4,0.04181,-0.0112,0.26732,-0.06815,,0.13364,-0.04635,0.52566,0.02478,0.03102,-2.67856,wage_share;g_out_1;g_prod_1;g_va_1
040,Austria,25,"Fabricated metal products, except machinery",2023,0.0227,Low,True,0.938,16,True,False,-0.00918,0.03609,0.02046,1.0,0.4,0.01081,-0.06649,0.09413,-0.06195,,0.07084,-0.05784,0.5686,-0.02126,-0.02247,-2.15086,wage_share;g_emp_1_rel_ctry;g_emp_1;g_va_3
040,Austria,26,"Computer, electronic and optical products",2023,0.038,Low,True,0.938,16,True,False,0.06302,0.36733,0.07969,0.0,0.2,0.14999,0.1572,0.57346,0.104,,0.13507,0.0886,0.5226,0.05095,0.04486,-2.98436,wage_share;g_out_1;g_prod_1
040,Austria,27,Electrical equipment,2023,0.0177,Low,True,0.938,16,True,False,0.02869,0.05813,0.02008,0.0,0.6,0.03991,0.14908,0.24378,0.09694,,0.13575,0.11703,0.60263,0.01661,0.00782,-2.57692,wage_share;share_decline_5;g_va_3;g_out_1
040,Austria,28,Machinery and equipment n.e.c.,2023,0.0,Low,True,0.938,16,True,False,0.05046,0.10352,0.01404,0.0,0.0,0.06747,0.15236,0.2821,0.11083,,0.14238,0.09701,0.5875,0.03838,0.0391,-1.88191,wage_share;g_out_1;g_prod_1;g_va_3
040,Austria,29,"Motor vehicles, trailers and semi-trailers",2023,0.0177,Low,True,0.938,16,True,False,0.01327,-0.02581,0.02319,0.0,0.6,-0.01781,0.02151,0.00334,0.10111,,0.1421,0.00813,0.60861,0.00119,0.00204,-2.89837,wage_share;share_decline_5;g_va_3;g_emp_1_rel_ctry
040,Austria,30,Other transport equipment,2023,0.2136,High,True,0.938,16,True,False,0.06529,0.18245,0.10132,0.0,0.0,0.11575,-0.10443,0.09713,0.14793,,0.1409,-0.15932,0.79216,0.05321,0.01495,-3.75869,wage_share;log_emp_share_ctry;g_va_3;g_prod_1
040,Austria,31,Furniture,2023,0.0653,Watch,True,0.938,16,True,False,-0.03868,-0.03641,0.01972,2.0,0.8,-0.04123,0.02092,0.05127,-0.01977,,0.03292,0.062,0.59761,-0.05076,-0.00761,-3.40768,share_decline_5;wage_share;g_emp_1;g_emp_1_rel_ctry
040,Austria,32,Other manufacturing,2023,0.0366,Low,True,0.938,16,True,False,0.01208,-0.00474,0.02022,0.0,0.4,0.00565,0.03587,0.14971,-0.27503,,0.12795,0.02351,0.5926,0.0,-0.00533,-3.65804,wage_share;g_emp_1_rel_ctry;g_va_3;g_out_1
040,Austria,33,Repair and installation of machinery/equipment,2023,0.0653,Watch,True,0.938,16,True,False,-0.04491,0.0301,0.03336,1.0,0.4,-0.00286,0.01139,0.13356,0.01792,,0.0577,0.05895,0.62655,-0.05698,-0.06552,-3.4551,wage_share;g_emp_1;g_emp_1_rel_ctry;g_va_3
044,Bahamas,10,Food products,2023,,Insufficient data,False,0.125,16,True,False,,,,0.0,,,,,,,-0.42574,,,,,,
044,Bahamas,11,Beverages,2023,,Insufficient data,False,0.125,16,True,False,,,,0.0,,,,,,,0.33111,,,,,,
044,Bahamas,12,Tobacco products,2023,,Insufficient data,False,0.125,16,True,False,,,,0.0,,,,,,,-0.28465,,,,,,
044,Bahamas,13,Textiles,2023,,Insufficient data,False,0.125,16,True,False,,,,0.0,,,,,,,-0.21562,,,,,,
044,Bahamas,14,Wearing apparel,2023,,Insufficient data,False,0.125,16,True,False,,,,0.0,,,,,,,-0.25196,,,,,,
044,Bahamas,15,Leather and related products,2023,,Insufficient data,False,0.125,16,True,False,,,,0.0,,,,,,,-0.02776,,,,,,
044,Bahamas,16,"Wood products, excluding furniture",2023,,Insufficient data,False,0.125,16,True,False,,,,0.0,,,,,,,-0.02537,,,,,,
044,Bahamas,17,Paper and paper products,2023,,Insufficient data,False,0.125,16,True,False,,,,0.0,,,,,,,0.33111,,,,,,
044,Bahamas,18,Printing and reproduction of recorded media,2023,,Insufficient data,False,0.125,16,True,False,,,,0.0,,,,,,,-0.32661,,,,,,
044,Bahamas,19,Coke and refined petroleum products,2023,,Insufficient data,False,0.125,16,True,False,,,,0.0,,,,,,,0.3466,,,,,,
044,Bahamas,20,Chemicals and chemical products,2023,,Insufficient data,False,0.125,16,True,False,,,,0.0,,,,,,,-0.29219,,,,,,
044,Bahamas,21,"Pharmaceuticals,medicinal chemicals, etc.",2023,,Insufficient data,False,0.125,16,True,False,,,,0.0,,,,,,,0.33111,,,,,,
044,Bahamas,23,Other non-metallic mineral products,2023,,Insufficient data,False,0.125,16,True,False,,,,0.0,,,,,,,0.68938,,,,,,
044,Bahamas,24,Basic metals,2023,,Insufficient data,False,0.125,16,True,False,,,,0.0,,,,,,,0.14935,,,,,,
044,Bahamas,25,"Fabricated metal products, except machinery",2023,,Insufficient data,False,0.125,16,True,False,,,,0.0,,,,,,,0.04884,,,,,,
044,Bahamas,26,"Computer, electronic and optical products",2023,,Insufficient data,False,0.125,16,True,False,,,,0.0,,,,,,,0.155,,,,,,
044,Bahamas,27,Electrical equipment,2023,,Insufficient data,False,0.125,16,True,False,,,,0.0,,,,,,,-0.86126,,,,,,
044,Bahamas,28,Machinery and equipment n.e.c.,2023,,Insufficient data,False,0.125,16,True,False,,,,0.0,,,,,,,-0.01365,,,,,,
044,Bahamas,30,Other transport equipment,2023,,Insufficient data,False,0.125,16,True,False,,,,0.0,,,,,,,0.43521,,,,,,
044,Bahamas,31,Furniture,2023,,Insufficient data,False,0.125,16,True,False,,,,0.0,,,,,,,-0.12267,,,,,,
044,Bahamas,32,Other manufacturing,2023,,Insufficient data,False,0.125,16,True,False,,,,0.0,,,,,,,-0.29633,,,,,,
044,Bahamas,33,Repair and installation of machinery/equipment,2023,,Insufficient data,False,0.125,16,True,False,,,,0.0,,,,,,,-0.62911,,,,,,
051,Armenia,10,Food products,2023,0.0653,Watch,True,1.0,16,True,False,0.09338,0.0022,0.12463,0.0,0.4,0.02852,0.26438,1.6163,0.06417,0.54552,0.39256,0.15639,0.12401,0.01521,0.07946,-1.29951,vol_emp_5;g_out_1;g_emp_3
051,Armenia,11,Beverages,2023,0.0366,Low,True,1.0,16,True,False,0.02946,0.03223,0.03746,0.0,0.4,0.01782,-0.11487,0.23923,0.12313,0.64619,0.28639,-0.1402,0.46227,-0.04871,0.00645,-2.32468,g_emp_1_rel_ctry;wage_share;g_prod_1;g_va_1
051,Armenia,12,Tobacco products,2023,0.0177,Low,True,1.0,16,True,False,0.08676,0.06499,0.04969,0.0,0.4,0.05235,0.27238,0.26819,0.33892,0.40186,0.35834,0.1708,0.35939,0.00859,0.08095,-2.84426,g_emp_1_rel_ctry;g_va_3
051,Armenia,13,Textiles,2023,0.2136,High,True,1.0,16,True,False,0.72057,2.29208,0.30143,0.0,0.2,0.67615,0.87182,4.48078,0.06252,5.57221,1.55169,0.08791,0.61732,0.6424,0.73461,-4.07903,vol_emp_5;wage_share;log_emp_share_ctry;g_out_1
051,Armenia,14,Wearing apparel,2023,0.117,Elevated,True,1.0,16,True,False,0.03881,0.22238,0.07307,0.0,0.0,0.1469,0.31048,0.91078,0.16639,0.74234,0.36617,0.26152,0.9071,-0.03936,0.04819,-1.92334,wage_share;g_emp_1_rel_ctry;g_out_1
051,Armenia,15,Leather and related products,2023,0.2136,High,True,1.0,16,True,False,0.47661,0.83072,0.27002,0.0,0.2,0.36379,0.85836,4.0254,0.25258,2.04944,0.66246,0.25853,0.66426,0.39844,0.51239,-4.20891,wage_share;vol_emp_5;log_emp_share_ctry;g_out_1
051,Armenia,16,"Wood products, excluding furniture",2023,0.294,High,True,1.0,16,True,False,-0.05714,-0.08163,0.16842,1.0,0.6,-0.1358,1.22125,1.7619,0.04563,2.41477,0.1593,1.35587,0.31167,-0.13531,-0.03165,-5.0674,log_emp_share_ctry;g_emp_1_rel_ctry;g_emp_1;vol_emp_5
051,Armenia,17,Paper and paper products,2023,0.0227,Low,True,1.0,16,True,False,0.03243,0.04559,0.03828,0.0,0.2,0.0492,0.59595,0.50566,0.12411,0.2687,0.22806,0.54582,0.25108,-0.04574,0.01698,-3.60668,g_emp_1_rel_ctry;g_out_3;g_out_1
051,Armenia,18,Printing and reproduction of recorded media,2023,0.2477,High,True,1.0,16,True,False,-0.06194,0.06235,0.06211,1.0,0.4,0.02722,0.64847,2.49776,0.29918,2.12794,0.09944,0.75732,0.17351,-0.14011,-0.04525,-4.05452,g_emp_1_rel_ctry;g_emp_1;log_emp_share_ctry;g_out_1
051,Armenia,19,Coke and refined petroleum products,2023,,Insufficient data,False,0.625,16,True,False,1.0,,,0.0,0.0,0.28768,-0.09301,,0.72137,,,-0.54651,,0.92183,0.99662,-9.4802,
051,Armenia,20,Chemicals and chemical products,2023,0.117,Elevated,True,1.0,16,True,False,0.11911,-0.06818,0.17766,0.0,0.2,0.06488,0.32091,0.17145,0.26843,0.32757,0.66659,0.18032,0.29809,0.04094,0.11091,-4.06188,vol_emp_5;log_emp_share_ctry;g_va_3;g_emp_3
051,Armenia,21,"Pharmaceuticals,medicinal chemicals, etc.",2023,0.0653,Watch,True,1.0,16,True,False,0.07817,-0.16932,0.12691,0.0,0.2,-0.09394,0.57063,0.88884,0.20253,0.18111,0.29424,0.45676,0.35225,0.0,0.05408,-4.67755,log_emp_share_ctry;vol_emp_5;emp_dev5;g_emp_1_rel_ctry
051,Armenia,22,Rubber and plastics products,2023,0.0653,Watch,True,1.0,16,True,False,0.03874,-0.02365,0.0868,0.0,0.2,0.02048,0.31157,1.38573,0.16588,0.80976,0.19269,0.26265,0.43578,-0.03943,0.0302,-3.22094,g_emp_1_rel_ctry;g_out_1;g_emp_3
051,Armenia,23,Other non-metallic mineral products,2023,0.0653,Watch,True,1.0,16,True,False,0.21383,0.43495,0.04986,0.0,0.0,0.24393,-0.25393,2.0515,0.12875,3.02137,0.44845,-0.38535,0.17343,0.13566,0.21982,-2.26877,g_prod_1;g_va_1;g_out_1
051,Armenia,24,Basic metals,2023,0.294,High,True,1.0,16,True,False,-0.0519,0.09011,0.15421,2.0,0.6,-0.0164,1.50707,1.33214,0.81705,1.09466,0.06645,1.64431,0.25602,-0.13007,-0.05773,-3.07856,g_emp_1_rel_ctry;g_emp_1;vol_emp_5;share_decline_5
051,Armenia,25,"Fabricated metal products, except machinery",2023,0.1385,Elevated,True,1.0,16,True,False,0.32523,0.80613,0.16866,0.0,0.2,0.37386,0.92424,1.61701,0.39108,0.83391,0.8241,0.452,0.49616,0.24706,0.31194,-3.58488,vol_emp_5;wage_share
051,Armenia,26,"Computer, electronic and optical products",2023,0.2477,High,True,1.0,16,True,False,-0.15008,-0.50323,0.16867,2.0,0.6,-0.50156,3.00357,0.8022,0.29566,-0.02912,0.20526,3.71052,0.1836,-0.22825,-0.16824,-4.9841,g_emp_1;g_emp_1_rel_ctry;log_emp_share_ctry;emp_dev5
051,Armenia,27,Electrical equipment,2023,0.1772,Elevated,True,1.0,16,True,False,0.04666,0.0475,0.0888,0.0,0.2,0.02885,2.20278,1.16053,0.66344,0.33038,0.50133,2.06,0.26518,-0.03151,0.02579,-4.10107,log_emp_share_ctry;g_emp_1_rel_ctry
051,Armenia,28,Machinery and equipment n.e.c.,2023,0.2136,High,True,1.0,16,True,False,-0.12478,0.19193,0.1624,1.0,0.6,0.03019,-0.33663,1.53577,-0.14094,2.99266,0.01256,-0.24206,0.55559,-0.20295,-0.13614,-4.38952,g_emp_1;g_emp_1_rel_ctry;wage_share;log_emp_share_ctry
051,Armenia,29,"Motor vehicles, trailers and semi-trailers",2023,0.294,High,True,1.0,16,True,False,-0.45238,22.0,9.3179,1.0,0.33333,0.30228,2.81115,1.4585,1.91731,3.49866,1.22009,5.9595,0.24183,-0.53055,-0.46362,-8.13647,vol_emp_5;g_emp_1;log_emp_share_ctry;g_emp_1_rel_ctry
051,Armenia,30,Other transport equipment,2023,,Insufficient data,False,0.25,16,True,False,,,,0.0,1.0,-1.55814,,,,,,,,,,-9.88567,
051,Armenia,31,Furniture,2023,0.1772,Elevated,True,1.0,16,True,False,0.35686,0.22953,0.23244,0.0,0.4,0.26306,0.24094,2.01596,0.49207,1.99062,0.8385,-0.08543,0.47016,0.27869,0.38794,-3.64296,vol_emp_5;wage_share;g_prod_1;log_emp_share_ctry
051,Armenia,32,Other manufacturing,2023,0.2136,High,True,1.0,16,True,False,0.30027,0.31074,0.17002,0.0,0.4,0.17296,-0.25674,0.38569,0.38304,1.06645,0.62939,-0.42838,0.3823,0.2221,0.28286,-3.69484,vol_emp_5;g_prod_1;g_va_1;log_emp_share_ctry
051,Armenia,33,Repair and installation of machinery/equipment,2023,0.1772,Elevated,True,1.0,16,True,False,0.22872,0.30508,0.1327,0.0,0.4,0.20014,-0.01091,1.37443,0.16932,1.83226,0.64806,-0.19502,0.38761,0.15055,0.20812,-4.44325,log_emp_share_ctry;vol_emp_5;g_prod_1;g_va_1
056,Belgium,10,Food products,2023,0.0227,Low,True,0.938,16,True,False,0.0387,0.10008,0.02197,0.0,0.2,0.05868,0.3724,0.46195,0.19205,,0.17389,0.32127,0.3752,0.0387,0.02478,-1.62462,g_out_1
056,Belgium,11,Beverages,2023,0.0227,Low,True,0.938,16,True,False,-0.03365,0.00169,0.028,1.0,0.33333,-0.0043,0.08739,0.06344,0.00467,,0.04275,0.12525,0.31375,-0.03365,-0.05666,-3.66375,g_emp_1;g_emp_1_rel_ctry;g_va_3;g_wages_1
056,Belgium,12,Tobacco products,2023,0.0227,Low,True,0.938,16,True,False,0.09851,0.09444,0.04502,0.0,0.6,0.07044,0.26014,0.03618,-0.26558,,0.16827,0.14713,0.34026,0.09851,0.0927,-6.01931,log_emp_share_ctry;share_decline_5;g_va_3;g_out_1
056,Belgium,13,Textiles,2023,0.0366,Low,True,0.938,16,True,False,-0.03973,0.09038,0.09487,2.0,0.6,-0.0058,0.09518,0.16026,0.0185,,0.05302,0.1405,0.52532,-0.03973,-0.02569,-3.48441,wage_share;g_emp_1;share_decline_5;g_emp_1_rel_ctry
056,Belgium,14,Wearing apparel,2023,0.1385,Elevated,True,0.938,16,True,False,-0.08319,-0.09618,0.06321,1.0,0.6,-0.06162,0.0607,0.30482,-0.11838,,-0.01207,0.15695,0.41186,-0.08319,-0.07381,-5.4422,log_emp_share_ctry;g_emp_1;g_emp_1_rel_ctry;share_decline_5
056,Belgium,15,Leather and related products,2023,0.0653,Watch,True,0.938,16,True,False,0.0,-0.07951,0.0803,0.0,0.4,-0.02558,0.16995,-0.0963,0.18269,,0.1299,0.16995,0.46787,0.0,0.03577,-7.38716,log_emp_share_ctry;g_va_3;wage_share;g_emp_1_rel_ctry
056,Belgium,16,"Wood products, excluding furniture",2023,0.0653,Watch,True,0.938,16,True,False,-0.05654,0.02227,0.05293,1.0,0.4,-0.01182,-0.08196,0.12208,-0.10206,,0.05089,-0.02694,0.35879,-0.05654,-0.03105,-3.86953,g_emp_1;g_emp_1_rel_ctry;log_emp_share_ctry;g_va_3
056,Belgium,17,Paper and paper products,2023,0.0227,Low,True,0.938,16,True,False,0.02082,0.01714,0.01571,0.0,0.2,0.01519,0.12596,0.14049,-0.04681,,0.13258,0.10299,0.46246,0.02082,0.00538,-3.73818,log_emp_share_ctry;g_va_3;wage_share;g_out_1
056,Belgium,18,Printing and reproduction of recorded media,2023,0.0227,Low,True,0.938,16,True,False,0.00445,-0.09107,0.05592,0.0,0.6,-0.07473,0.23758,0.26021,0.04751,,0.21143,0.23209,0.41889,0.00445,0.02114,-4.06497,log_emp_share_ctry;share_decline_5;emp_dev5;g_emp_1_rel_ctry
056,Belgium,19,Coke and refined petroleum products,2023,,Insufficient data,False,0.438,16,True,False,,-0.23414,,0.0,0.0,-0.17213,,0.51858,,,,,0.28005,,,-4.62711,
056,Belgium,20,Chemicals and chemical products,2023,0.0366,Low,True,0.938,16,True,False,0.02906,0.06057,0.03363,0.0,0.4,0.03109,-0.0446,0.12917,-0.18247,,0.13497,-0.07158,0.42435,0.02906,0.02086,-2.40033,g_va_3;g_out_1;g_prod_1;g_va_1
056,Belgium,21,"Pharmaceuticals,medicinal chemicals, etc.",2023,0.0366,Low,True,0.938,16,True,False,0.18567,0.21767,0.08159,0.0,0.2,0.13412,0.15379,0.11913,0.1135,,0.229,-0.02689,0.20008,0.18567,0.16158,-2.68629,g_va_3;g_prod_1;g_out_1
056,Belgium,22,Rubber and plastics products,2023,0.0177,Low,True,0.938,16,True,False,-0.00503,-0.07054,0.05452,3.0,0.6,-0.02007,0.05074,-0.03841,-0.07267,,0.07903,0.05605,0.48025,-0.00503,-0.01357,-3.01096,share_decline_5;wage_share;g_va_3;g_emp_1
056,Belgium,23,Other non-metallic mineral products,2023,0.0177,Low,True,0.938,16,True,False,0.00686,0.03115,0.02716,0.0,0.6,0.00279,0.11685,0.19311,-0.04971,,0.07713,0.10924,0.44875,0.00686,0.01285,-2.91869,share_decline_5;g_va_3;g_emp_1_rel_ctry;g_out_1
056,Belgium,24,Basic metals,2023,0.0366,Low,True,0.938,16,True,False,0.03052,0.01036,0.02884,0.0,0.4,0.01301,-0.23367,0.31599,-0.1842,,0.13321,-0.25636,0.49932,0.03052,0.02469,-2.91938,wage_share;g_va_1;g_prod_1;g_out_1
056,Belgium,25,"Fabricated metal products, except machinery",2023,0.0227,Low,True,0.938,16,True,False,-0.04019,-0.03428,0.04512,2.0,0.6,-0.04656,0.02781,0.13913,-0.01902,,0.0598,0.07085,0.41676,-0.04019,-0.05348,-2.44021,g_emp_1;share_decline_5;g_emp_1_rel_ctry;g_va_3
056,Belgium,26,"Computer, electronic and optical products",2023,,Insufficient data,False,0.5,16,True,False,,-0.11741,0.02938,0.0,0.0,-0.09874,,0.12365,,,,,0.4123,,,-3.85011,
056,Belgium,27,Electrical equipment,2023,0.0,Low,True,0.938,16,True,False,0.05066,-0.07303,0.04596,0.0,0.8,-0.03243,0.14071,-0.01508,0.13586,,0.11143,0.08571,0.52569,0.05066,0.02979,-3.7343,share_decline_5;wage_share;g_va_3;log_emp_share_ctry
056,Belgium,28,Machinery and equipment n.e.c.,2023,0.0177,Low,True,0.938,16,True,False,0.01508,0.09156,0.02507,0.0,0.2,0.04123,0.13991,0.25313,0.06367,,0.13259,0.12297,0.39959,0.01508,0.00372,-2.7134,g_out_1;g_va_3;g_va_1
056,Belgium,29,"Motor vehicles, trailers and semi-trailers",2023,0.038,Low,True,0.938,16,True,False,-0.04179,-0.03195,0.03336,1.0,0.4,-0.01751,0.07007,0.04097,0.23061,,0.11444,0.11674,0.59493,-0.04179,-0.05303,-2.81197,wage_share;g_emp_1;g_emp_1_rel_ctry;g_va_3
056,Belgium,30,Other transport equipment,2023,,Insufficient data,False,0.5,16,True,False,,-0.00582,0.19947,0.0,0.66667,0.05978,,0.45373,,,,,0.43433,,,-4.34216,
056,Belgium,31,Furniture,2023,0.0653,Watch,True,0.938,16,True,False,-0.07669,-0.12054,0.06662,1.0,0.6,-0.09177,-0.02587,0.04033,-0.04878,,-0.01129,0.05504,0.43595,-0.07669,-0.04562,-4.02273,g_emp_1;g_emp_1_rel_ctry;share_decline_5;log_emp_share_ctry
056,Belgium,32,Other manufacturing,2023,0.0517,Watch,True,0.938,16,True,False,-0.04572,0.07228,0.0787,1.0,0.4,0.0122,0.05106,0.39797,0.00861,,0.0245,0.10142,0.39838,-0.04572,-0.06313,-4.05697,g_emp_1;log_emp_share_ctry;g_emp_1_rel_ctry;g_wages_1
056,Belgium,33,Repair and installation of machinery/equipment,2023,0.0278,Low,True,0.938,16,True,False,-0.01645,0.06527,0.0564,1.0,0.4,0.02957,0.24135,0.31548,0.12195,,0.10026,0.26211,0.50138,-0.01645,-0.03706,-3.10658,wage_share;g_emp_1;g_emp_1_rel_ctry;g_out_1
070,Bosnia and Herzegovina,10,Food products,2023,0.0653,Watch,True,1.0,16,True,False,-0.00125,-0.04123,0.02967,2.0,0.8,-0.04033,0.4595,0.62974,0.06257,0.31991,0.29819,0.46132,0.39826,-0.00062,-0.01516,-2.21265,share_decline_5;g_emp_1;g_emp_1_rel_ctry;g_out_1
070,Bosnia and Herzegovina,11,Beverages,2023,0.0227,Low,True,1.0,16,True,False,0.00168,-0.05586,0.02674,0.0,0.6,-0.03715,-0.0198,0.09221,0.09041,0.33485,0.06718,-0.02144,0.35961,0.0023,-0.02133,-4.16793,log_emp_share_ctry;share_decline_5;g_va_3;g_emp_1_rel_ctry
070,Bosnia and Herzegovina,12,Tobacco products,2023,,Insufficient data,False,0.812,16,True,False,-0.91304,-0.92683,0.32415,5.0,1.0,-2.38723,,-5.81965,-0.8943,-0.97475,-0.95339,,,-0.91242,-0.91885,-9.45914,
070,Bosnia and Herzegovina,13,Textiles,2023,0.294,High,True,1.0,16,True,False,-0.09137,-0.02131,0.0776,1.0,0.8,-0.05431,0.02388,0.11637,-0.04905,-0.07511,0.03902,0.12685,0.77657,-0.09075,-0.07733,-3.46289,wage_share;share_decline_5;g_emp_1;g_emp_1_rel_ctry
070,Bosnia and Herzegovina,14,Wearing apparel,2023,0.0653,Watch,True,1.0,16,True,False,-0.01988,-0.03561,0.03754,1.0,0.6,-0.01648,0.14632,0.2201,0.10693,0.21045,0.25211,0.16956,0.81019,-0.01925,-0.0105,-2.54053,wage_share;share_decline_5;g_emp_1;g_emp_1_rel_ctry
070,Bosnia and Herzegovina,15,Leather and related products,2023,0.2477,High,True,1.0,16,True,False,-0.05844,-0.04914,0.03849,1.0,0.8,-0.05021,-0.15731,0.25563,-0.12667,0.12687,0.03422,-0.10501,0.85283,-0.05781,-0.02266,-2.33359,wage_share;share_decline_5;g_emp_1;g_emp_1_rel_ctry
070,Bosnia and Herzegovina,16,"Wood products, excluding furniture",2023,0.0653,Watch,True,1.0,16,True,False,-0.02684,-0.01935,0.02722,1.0,0.6,-0.02192,-0.15487,0.36249,-0.12422,0.27938,0.10867,-0.13156,0.51786,-0.02622,-0.00135,-2.35199,wage_share;share_decline_5;g_emp_1;g_emp_1_rel_ctry
070,Bosnia and Herzegovina,17,Paper and paper products,2023,0.0413,Low,True,1.0,16,True,False,0.02368,0.11338,0.02435,0.0,0.2,0.05375,-0.23453,0.54996,-0.08927,0.57621,0.15789,-0.25224,0.45279,0.0243,0.00823,-3.83362,log_emp_share_ctry;g_va_1;g_prod_1;g_out_1
070,Bosnia and Herzegovina,18,Printing and reproduction of recorded media,2023,0.0366,Low,True,1.0,16,True,False,-0.01951,-0.00565,0.02874,1.0,0.4,-0.01892,0.06781,0.22418,0.03772,0.31877,0.13473,0.08906,0.49539,-0.01889,-0.00282,-4.47154,log_emp_share_ctry;wage_share;g_emp_1;g_emp_1_rel_ctry
070,Bosnia and Herzegovina,19,Coke and refined petroleum products,2023,0.294,High,True,1.0,16,True,False,-0.2356,-0.36926,0.06474,5.0,1.0,-0.37485,-0.81911,-0.23894,-0.30342,0.99855,-0.12542,-0.76336,2.20426,-0.23497,-0.23898,-4.85898,wage_share;share_decline_5;g_emp_1;g_emp_1_rel_ctry
070,Bosnia and Herzegovina,20,Chemicals and chemical products,2023,0.0227,Low,True,1.0,16,True,False,0.01527,-0.00614,0.0337,0.0,0.4,0.01145,0.1245,0.72663,0.11601,0.59876,0.26471,0.10759,0.32345,0.01589,0.00707,-3.72149,log_emp_share_ctry;g_out_1;g_emp_3;g_va_1
070,Bosnia and Herzegovina,21,"Pharmaceuticals,medicinal chemicals, etc.",2023,0.0227,Low,True,1.0,16,True,False,0.06311,0.09829,0.02608,0.0,0.4,0.07468,-0.07298,0.12119,-0.00118,0.17551,0.04496,-0.12801,0.48833,0.06373,0.03901,-4.94554,log_emp_share_ctry;wage_share;g_wages_1;g_va_3
070,Bosnia and Herzegovina,22,Rubber and plastics products,2023,0.0227,Low,True,1.0,16,True,False,0.00504,0.09861,0.05025,0.0,0.0,0.05939,0.08555,0.46318,-0.00153,0.43727,0.16672,0.0801,0.49143,0.00566,-0.0035,-2.77766,wage_share;g_emp_1_rel_ctry;g_out_1;g_emp_1
070,Bosnia and Herzegovina,23,Other non-metallic mineral products,2023,0.0227,Low,True,1.0,16,True,False,0.01186,0.10414,0.0157,0.0,0.0,0.05382,0.27751,0.62672,0.14744,0.73668,0.18432,0.26254,0.35267,0.01248,0.01784,-3.38648,g_out_1;g_emp_1_rel_ctry
070,Bosnia and Herzegovina,24,Basic metals,2023,0.5,High,True,1.0,16,True,False,-0.06194,-0.01146,0.06889,1.0,0.8,-0.04388,-0.80673,-0.48852,-0.40199,0.52669,0.06276,-0.79397,1.77511,-0.06132,-0.06777,-3.25256,wage_share;share_decline_5;g_emp_1;g_emp_1_rel_ctry
070,Bosnia and Herzegovina,25,"Fabricated metal products, except machinery",2023,0.0227,Low,True,1.0,16,True,False,0.01369,0.12324,0.04005,0.0,0.2,0.06174,0.05902,0.48151,0.00844,0.56087,0.16964,0.04471,0.54083,0.01432,0.00041,-1.84664,wage_share;g_out_1;g_va_1;g_prod_1
070,Bosnia and Herzegovina,26,"Computer, electronic and optical products",2023,0.2136,High,True,1.0,16,True,False,0.02987,0.67818,0.21543,0.0,0.4,0.20117,0.57919,1.10681,0.39888,0.97504,0.15541,0.5334,0.47551,0.03049,0.0117,-4.96957,log_emp_share_ctry;vol_emp_5;wage_share
070,Bosnia and Herzegovina,27,Electrical equipment,2023,0.0653,Watch,True,1.0,16,True,False,0.04686,0.25081,0.0576,0.0,0.2,0.10528,0.28937,1.16276,0.15842,0.94887,0.27163,0.23165,0.48846,0.04749,0.026,-3.34878,wage_share;g_out_1
070,Bosnia and Herzegovina,28,Machinery and equipment n.e.c.,2023,0.0278,Low,True,1.0,16,True,False,0.00696,0.15408,0.05429,0.0,0.0,0.05895,0.16508,0.29991,0.13112,0.49637,0.20392,0.15703,0.61031,0.00758,-0.0044,-3.50395,wage_share;g_emp_1_rel_ctry;g_out_1
070,Bosnia and Herzegovina,29,"Motor vehicles, trailers and semi-trailers",2023,0.0517,Watch,True,1.0,16,True,False,-0.00213,0.16501,0.04663,1.0,0.4,0.06974,-0.22278,0.46803,0.01079,0.61462,0.19136,-0.22113,0.66457,-0.0015,-0.01336,-3.59598,wage_share;g_emp_1;g_emp_1_rel_ctry;g_va_1
070,Bosnia and Herzegovina,30,Other transport equipment,2023,0.2136,High,True,1.0,16,True,False,0.03289,8.8125,3.27877,0.0,0.4,0.37783,0.21954,18.82389,0.4304,12.36837,0.24867,0.1807,0.72816,0.03352,-0.01744,-5.78919,vol_emp_5;wage_share;log_emp_share_ctry
070,Bosnia and Herzegovina,31,Furniture,2023,0.1385,Elevated,True,1.0,16,True,False,-0.01896,0.11479,0.06356,2.0,0.8,0.02607,-0.12254,0.14827,-0.05207,0.28778,0.14364,-0.10559,0.68937,-0.01833,0.01212,-2.56819,share_decline_5;wage_share;g_emp_1;g_emp_1_rel_ctry
070,Bosnia and Herzegovina,32,Other manufacturing,2023,0.1385,Elevated,True,1.0,16,True,False,-0.10183,0.01208,0.12443,2.0,0.6,-0.05184,-0.05192,0.18606,-0.0934,0.10992,0.03057,0.05557,0.63048,-0.10121,-0.11924,-4.33766,wage_share;g_emp_1;g_emp_1_rel_ctry;log_emp_share_ctry
070,Bosnia and Herzegovina,33,Repair and installation of machinery/equipment,2023,0.0227,Low,True,1.0,16,True,False,0.0,0.02579,0.07366,0.0,0.2,0.00198,0.14136,0.59066,0.27327,0.8412,0.19909,0.14136,0.48163,0.00062,-0.02061,-4.15005,log_emp_share_ctry;wage_share;g_emp_1_rel_ctry;g_emp_1
072,Botswana,10,Food products,2023,,Insufficient data,False,0.438,16,True,False,,,,0.0,,,0.04009,0.28987,0.04941,0.3209,0.06072,,0.26947,,,,
072,Botswana,11,Beverages,2023,,Insufficient data,False,0.438,16,True,False,,,,0.0,,,0.21112,0.16117,0.21112,0.16117,0.21112,,0.3092,,,,
072,Botswana,13,Textiles,2023,,Insufficient data,False,0.438,16,True,False,,,,0.0,,,-0.02524,0.071,-0.02524,0.07363,-0.02524,,0.30285,,,,
072,Botswana,16,"Wood products, excluding furniture",2023,,Insufficient data,False,0.438,16,True,False,,,,0.0,,,0.03154,0.22419,0.03154,0.22419,0.03154,,0.30318,,,,
072,Botswana,18,Printing and reproduction of recorded media,2023,,Insufficient data,False,0.438,16,True,False,,,,0.0,,,0.01415,0.11976,0.01415,0.11976,0.01415,,0.33876,,,,
072,Botswana,20,Chemicals and chemical products,2023,,Insufficient data,False,0.438,16,True,False,,,,0.0,,,0.00142,0.20904,0.00142,0.20904,0.00142,,0.20853,,,,
072,Botswana,23,Other non-metallic mineral products,2023,,Insufficient data,False,0.438,16,True,False,,,,0.0,,,0.0269,0.30846,0.0269,0.30846,0.0269,,0.44679,,,,
072,Botswana,25,"Fabricated metal products, except machinery",2023,,Insufficient data,False,0.438,16,True,False,,,,0.0,,,0.00455,0.24334,0.00455,0.24334,0.00455,,0.44969,,,,
072,Botswana,28,Machinery and equipment n.e.c.,2023,,Insufficient data,False,0.438,16,True,False,,,,0.0,,,0.04096,0.18245,0.04096,0.18245,0.04096,,0.21458,,,,
072,Botswana,31,Furniture,2023,,Insufficient data,False,0.438,16,True,False,,,,0.0,,,-0.02715,0.07997,-0.02715,0.07997,-0.02715,,0.48614,,,,
072,Botswana,32,Other manufacturing,2023,,Insufficient data,False,0.438,16,True,False,,,,0.0,,,-0.18573,1.06571,-0.18573,1.06571,-0.18573,,0.03354,,,,
076,Brazil,10,Food products,2023,0.0,Low,True,1.0,16,True,False,0.05618,0.13067,0.03945,0.0,0.2,0.0944,0.13538,0.38188,0.05918,0.53904,0.19326,0.07499,0.31395,0.03597,0.04226,-1.38478,g_out_1;g_prod_1;g_va_1
076,Brazil,11,Beverages,2023,0.0,Low,True,1.0,16,True,False,0.05139,0.10947,0.02391,0.0,0.2,0.06354,0.20697,0.78436,0.15518,0.593,0.14367,0.14798,0.21053,0.03118,0.02837,-3.72041,log_emp_share_ctry;g_out_1
076,Brazil,12,Tobacco products,2023,0.0366,Low,True,1.0,16,True,False,0.07725,0.04596,0.05382,0.0,0.4,0.04299,0.49067,0.49897,0.18767,0.63097,0.11954,0.38378,0.24144,0.05704,0.07144,-6.11993,log_emp_share_ctry;g_out_1
076,Brazil,13,Textiles,2023,0.0227,Low,True,1.0,16,True,False,0.01084,0.02856,0.01865,0.0,0.4,0.01515,0.05339,0.49503,-0.01537,0.53709,0.09969,0.04209,0.42311,-0.00936,0.02489,-3.45072,g_emp_1_rel_ctry;g_out_1;g_va_1;g_prod_1
076,Brazil,14,Wearing apparel,2023,0.0653,Watch,True,1.0,16,True,False,-0.00688,0.09109,0.06646,2.0,0.8,0.00812,0.18897,0.83596,0.16075,0.88514,0.09436,0.1972,0.442,-0.02709,0.0025,-2.73506,share_decline_5;g_emp_1_rel_ctry;g_emp_1;g_out_1
076,Brazil,15,Leather and related products,2023,0.1385,Elevated,True,1.0,16,True,False,-0.04968,0.09932,0.0683,1.0,0.6,0.00745,0.0983,0.72008,-0.00147,0.73639,0.09196,0.15572,0.45533,-0.06989,-0.0139,-3.19751,g_emp_1;g_emp_1_rel_ctry;share_decline_5;g_out_1
076,Brazil,16,"Wood products, excluding furniture",2023,0.0517,Watch,True,1.0,16,True,False,-0.02414,0.03181,0.06045,2.0,0.6,-0.00052,-0.12479,0.23987,-0.05592,0.47732,0.10926,-0.10314,0.37242,-0.04435,0.00135,-3.84523,share_decline_5;g_emp_1;g_emp_1_rel_ctry;log_emp_share_ctry
076,Brazil,17,Paper and paper products,2023,0.0177,Low,True,1.0,16,True,False,0.04447,0.13107,0.01896,0.0,0.0,0.07243,0.15677,0.59188,0.03119,0.56257,0.15744,0.10752,0.24124,0.02426,0.02902,-3.59355,g_out_1;g_prod_1
076,Brazil,18,Printing and reproduction of recorded media,2023,0.0227,Low,True,1.0,16,True,False,0.02967,0.03978,0.0443,0.0,0.4,0.00936,0.22839,0.62635,0.11834,0.6149,0.12699,0.193,0.37876,0.00946,0.04636,-4.5586,log_emp_share_ctry;g_emp_1_rel_ctry;g_out_1
076,Brazil,19,Coke and refined petroleum products,2023,0.1385,Elevated,True,1.0,16,True,False,0.0718,0.0406,0.04659,0.0,0.4,0.04922,-0.2242,0.92154,-0.14682,1.09928,0.20636,-0.27617,0.05272,0.05159,0.06842,-4.94016,log_emp_share_ctry;g_prod_1;g_va_1;g_out_1
076,Brazil,20,Chemicals and chemical products,2023,0.1385,Elevated,True,1.0,16,True,False,0.01955,0.08012,0.09634,0.0,0.4,-0.00312,-0.20618,0.22825,-0.13786,0.50082,0.11197,-0.2214,0.27344,-0.00066,0.01135,-2.81954,g_emp_1_rel_ctry;g_va_1;g_prod_1;g_out_1
076,Brazil,21,"Pharmaceuticals,medicinal chemicals, etc.",2023,0.0227,Low,True,1.0,16,True,False,0.00384,0.09043,0.02597,0.0,0.2,0.05637,0.06379,0.35088,0.11362,0.44715,0.09439,0.05972,0.30932,-0.01637,-0.02025,-4.15484,log_emp_share_ctry;g_emp_1_rel_ctry;g_emp_1;g_out_1
076,Brazil,22,Rubber and plastics products,2023,0.0227,Low,True,1.0,16,True,False,0.04132,0.08941,0.01787,0.0,0.2,0.05771,0.09565,0.58199,0.02564,0.61696,0.11811,0.05217,0.357,0.02112,0.03279,-2.9584,g_out_1;g_prod_1;g_va_1
076,Brazil,23,Other non-metallic mineral products,2023,0.0227,Low,True,1.0,16,True,False,-0.01089,0.05324,0.03473,2.0,0.6,0.02389,-0.01072,0.63994,0.03773,0.71733,0.08486,0.00017,0.3338,-0.0311,-0.0049,-2.97811,share_decline_5;g_emp_1_rel_ctry;g_emp_1;g_va_1
076,Brazil,24,Basic metals,2023,0.0227,Low,True,1.0,16,True,False,-0.00191,0.09269,0.02122,1.0,0.2,0.04467,-0.22977,0.1526,-0.11365,0.56071,0.08247,-0.2283,0.24339,-0.02212,-0.00774,-3.47361,g_emp_1_rel_ctry;g_emp_1;g_va_1;g_va_3
076,Brazil,25,"Fabricated metal products, except machinery",2023,0.0177,Low,True,1.0,16,True,False,0.04532,0.13662,0.02265,0.0,0.0,0.07419,0.07934,0.63494,-0.01263,0.5613,0.15356,0.03254,0.35312,0.02511,0.03203,-2.87677,g_out_1;g_prod_1;g_va_1
076,Brazil,26,"Computer, electronic and optical products",2023,0.1753,Elevated,True,1.0,16,True,False,-0.05415,0.04997,0.05485,1.0,0.6,-0.00713,-0.04881,0.48254,-0.08417,0.33113,0.08683,0.00564,0.29012,-0.07436,-0.07231,-4.18921,g_emp_1;g_emp_1_rel_ctry;log_emp_share_ctry;share_decline_5
076,Brazil,27,Electrical equipment,2023,0.0227,Low,True,1.0,16,True,False,0.02087,0.0953,0.01312,0.0,0.0,0.06094,0.08875,0.6293,0.03283,0.61513,0.1486,0.06649,0.36093,0.00066,0.0,-3.49562,g_emp_1_rel_ctry;g_out_1;g_va_1;g_prod_1
076,Brazil,28,Machinery and equipment n.e.c.,2023,0.0653,Watch,True,1.0,16,True,False,0.01332,0.14712,0.03442,0.0,0.0,0.06801,0.06944,0.98301,0.01353,0.93078,0.13688,0.05538,0.31638,-0.00689,0.00196,-2.93665,g_emp_1_rel_ctry;g_out_1;g_va_1;g_prod_1
076,Brazil,29,"Motor vehicles, trailers and semi-trailers",2023,0.0517,Watch,True,1.0,16,True,False,0.00316,0.06954,0.02317,0.0,0.4,0.03178,0.06194,1.5146,0.03048,0.92495,0.10572,0.0586,0.31519,-0.01705,-0.00807,-2.82945,g_emp_1_rel_ctry;g_emp_1;g_out_1;g_va_1
076,Brazil,30,Other transport equipment,2023,0.0653,Watch,True,1.0,16,True,False,0.11958,0.18857,0.0408,0.0,0.0,0.12588,0.44969,2.10513,0.23293,0.8632,0.3032,0.29485,0.3241,0.09937,0.06925,-4.45099,log_emp_share_ctry;g_out_1
076,Brazil,31,Furniture,2023,0.0227,Low,True,1.0,16,True,False,0.00517,0.02841,0.03228,0.0,0.2,0.02818,0.1574,0.42804,0.02777,0.38481,0.07963,0.15145,0.4684,-0.01503,0.03625,-3.4925,g_emp_1_rel_ctry;wage_share;g_out_1;g_emp_1
076,Brazil,32,Other manufacturing,2023,0.0177,Low,True,1.0,16,True,False,0.02994,0.05468,0.01283,0.0,0.2,0.03338,0.16488,0.48423,0.14469,0.54965,0.13301,0.13102,0.34484,0.00973,0.01253,-3.87351,log_emp_share_ctry;g_emp_1_rel_ctry;g_out_1
076,Brazil,33,Repair and installation of machinery/equipment,2023,0.0227,Low,True,1.0,16,True,False,0.11639,0.34028,0.0346,0.0,0.0,0.18955,0.21398,0.91389,0.18795,0.86202,0.2322,0.08742,0.40924,0.09618,0.09578,-3.40153,g_out_1;g_prod_1
100,Bulgaria,10,Food products,2023,0.0227,Low,True,1.0,16,True,False,0.01427,-0.00128,0.02262,0.0,0.6,-0.00963,0.14065,0.27662,-0.01026,0.41715,0.16625,0.1246,0.43441,0.02656,0.00035,-1.87017,share_decline_5;g_out_1;g_va_3;g_emp_3
100,Bulgaria,11,Beverages,2023,0.0177,Low,True,1.0,16,True,False,-0.01065,-0.04969,0.02177,5.0,1.0,-0.04494,0.24149,0.14342,0.14975,0.18666,0.16453,0.25486,0.3935,0.00164,-0.03367,-3.79683,share_decline_5;g_emp_1;log_emp_share_ctry;g_emp_1_rel_ctry
100,Bulgaria,12,Tobacco products,2023,0.2477,High,True,1.0,16,True,False,-0.09117,-0.17784,0.059,2.0,0.8,-0.1818,0.48531,0.29835,0.11005,-0.34457,0.19945,0.6343,0.38488,-0.07888,-0.09698,-6.1737,log_emp_share_ctry;share_decline_5;g_emp_1;g_emp_1_rel_ctry
100,Bulgaria,13,Textiles,2023,0.1385,Elevated,True,1.0,16,True,False,-0.08325,-0.11827,0.03263,2.0,0.8,-0.10618,0.11366,-0.04119,-0.13684,0.0829,0.07684,0.21479,0.53867,-0.07096,-0.06921,-3.87007,share_decline_5;g_emp_1;wage_share;g_emp_1_rel_ctry
100,Bulgaria,14,Wearing apparel,2023,0.1772,Elevated,True,1.0,16,True,False,-0.05532,-0.16625,0.04013,5.0,1.0,-0.14213,0.13232,0.03074,0.03713,0.09249,0.11159,0.19863,0.59304,-0.04303,-0.04594,-2.15259,share_decline_5;wage_share;g_emp_1;g_emp_1_rel_ctry
100,Bulgaria,15,Leather and related products,2023,0.2477,High,True,1.0,16,True,False,-0.08442,-0.15234,0.06335,5.0,1.0,-0.16183,0.02829,0.05338,-0.03326,0.10142,0.04834,0.1231,0.64138,-0.07212,-0.04864,-4.14792,share_decline_5;wage_share;g_emp_1;g_emp_1_rel_ctry
100,Bulgaria,16,"Wood products, excluding furniture",2023,0.2136,High,True,1.0,16,True,False,-0.05383,-0.04509,0.04568,2.0,0.8,-0.06825,-0.0727,0.1363,-0.11176,0.43811,0.10096,-0.01995,0.48675,-0.04154,-0.02834,-3.6986,share_decline_5;g_emp_1;g_emp_1_rel_ctry;wage_share
100,Bulgaria,17,Paper and paper products,2023,0.1385,Elevated,True,1.0,16,True,False,-0.06713,-0.09284,0.03787,4.0,0.8,-0.08443,-0.08024,-0.03411,-0.11679,0.26102,0.08241,-0.01405,0.48001,-0.05484,-0.08258,-4.04632,share_decline_5;g_emp_1;g_emp_1_rel_ctry;log_emp_share_ctry
100,Bulgaria,18,Printing and reproduction of recorded media,2023,0.0227,Low,True,1.0,16,True,False,-0.0082,0.00332,0.04264,2.0,0.8,-0.02644,0.22954,0.2926,0.06942,0.31708,0.16932,0.23971,0.40845,0.00409,0.00849,-4.06784,share_decline_5;log_emp_share_ctry;g_emp_1;g_emp_1_rel_ctry
100,Bulgaria,19,Coke and refined petroleum products,2023,,Insufficient data,False,0.625,16,True,False,0.00338,-0.01575,0.01019,0.0,0.4,-0.00395,,,,,0.19132,,,0.01567,0.0,-5.26517,
100,Bulgaria,20,Chemicals and chemical products,2023,0.0366,Low,True,1.0,16,True,False,0.02999,0.01312,0.01756,0.0,0.6,0.01067,-0.00897,0.17446,-0.14882,0.37466,0.18874,-0.03783,0.29371,0.04228,0.0218,-3.49234,share_decline_5;g_va_3;g_out_1;g_prod_1
100,Bulgaria,21,"Pharmaceuticals,medicinal chemicals, etc.",2023,,Insufficient data,False,0.625,16,True,False,0.02205,-0.04267,0.032,0.0,0.8,-0.0143,,,,,0.25098,,,0.03434,-0.00205,-4.08918,
100,Bulgaria,22,Rubber and plastics products,2023,0.0517,Watch,True,1.0,16,True,False,-0.01393,0.01659,0.02203,2.0,0.6,-0.00515,0.20598,0.16593,-0.02077,0.25203,0.14816,0.22302,0.41215,-0.00164,-0.02247,-2.73995,share_decline_5;g_emp_1;g_emp_1_rel_ctry;g_va_3
100,Bulgaria,23,Other non-metallic mineral products,2023,0.0653,Watch,True,1.0,16,True,False,-0.0154,0.0035,0.01595,2.0,0.8,-0.0104,0.35343,0.25856,0.05773,0.36628,0.18763,0.3746,0.30787,-0.00311,-0.00941,-3.14619,share_decline_5;g_emp_1;g_emp_1_rel_ctry;g_out_1
100,Bulgaria,24,Basic metals,2023,0.294,High,True,1.0,16,True,False,-0.01418,-0.00753,0.06337,2.0,0.6,-0.03349,-0.56303,-0.53384,-0.12973,0.24375,0.14976,-0.55674,0.79887,-0.00189,-0.02002,-3.59209,wage_share;g_va_3;share_decline_5;g_emp_1
100,Bulgaria,25,"Fabricated metal products, except machinery",2023,0.0366,Low,True,1.0,16,True,False,0.04426,0.03438,0.04789,0.0,0.6,0.00673,0.41838,0.77407,0.24125,0.87326,0.3001,0.35826,0.39584,0.05656,0.03098,-2.19458,share_decline_5;g_out_1
100,Bulgaria,26,"Computer, electronic and optical products",2023,0.0227,Low,True,1.0,16,True,False,0.02485,0.11073,0.05264,0.0,0.2,0.0499,0.1261,0.54025,0.06531,0.74523,0.16435,0.09879,0.34152,0.03714,0.00669,-3.78871,log_emp_share_ctry;g_out_1;g_prod_1;g_va_1
100,Bulgaria,27,Electrical equipment,2023,0.0278,Low,True,1.0,16,True,False,0.01371,0.10442,0.07129,0.0,0.2,0.02517,0.31262,0.26506,0.10073,0.36079,0.2072,0.29486,0.49912,0.02601,-0.00715,-2.87377,wage_share;g_out_1;g_va_3
100,Bulgaria,28,Machinery and equipment n.e.c.,2023,0.1385,Elevated,True,1.0,16,True,False,-0.05123,-0.00529,0.03733,1.0,0.6,-0.03297,0.05116,0.23335,-0.01787,0.37761,0.10367,0.10791,0.49326,-0.03894,-0.06259,-2.69508,g_emp_1;share_decline_5;wage_share;g_emp_1_rel_ctry
100,Bulgaria,29,"Motor vehicles, trailers and semi-trailers",2023,0.0366,Low,True,1.0,16,True,False,0.00995,0.01863,0.06558,0.0,0.4,0.0216,0.25953,0.39793,0.17713,0.66967,0.18509,0.24712,0.51483,0.02224,-0.00128,-2.89614,wage_share;g_out_1
100,Bulgaria,30,Other transport equipment,2023,0.038,Low,True,1.0,16,True,False,0.04423,0.21435,0.0315,0.0,0.2,0.11117,0.26071,0.54394,0.05936,0.71431,0.27511,0.20731,0.56491,0.05652,-0.00611,-4.23754,wage_share;log_emp_share_ctry;g_out_1
100,Bulgaria,31,Furniture,2023,0.038,Low,True,1.0,16,True,False,-0.0244,0.04685,0.06961,1.0,0.6,-0.02373,0.12314,0.30773,-0.00915,0.32982,0.12105,0.15124,0.5108,-0.01211,0.00667,-3.19861,wage_share;share_decline_5;g_emp_1;g_emp_1_rel_ctry
100,Bulgaria,32,Other manufacturing,2023,0.0227,Low,True,1.0,16,True,False,0.02683,0.04709,0.02222,0.0,0.4,0.0236,0.07149,0.59418,0.11619,0.8513,0.27595,0.04349,0.42641,0.03913,0.00942,-3.86747,log_emp_share_ctry;g_out_1;g_prod_1;g_va_1
100,Bulgaria,33,Repair and installation of machinery/equipment,2023,0.0653,Watch,True,1.0,16,True,False,-0.04717,-0.03562,0.03735,1.0,0.6,-0.0354,0.19677,0.31858,0.10891,0.40518,0.07998,0.25601,0.48012,-0.03487,-0.06777,-3.43458,g_emp_1;share_decline_5;g_emp_1_rel_ctry;wage_share
104,Myanmar,10,Food products,2023,0.2477,High,True,1.0,16,True,False,0.15827,0.41642,0.14885,0.0,0.2,0.15126,58.51866,11.58555,1649.53383,2578.01522,3698.33309,50.38567,827.06207,0.13542,0.14435,-3.63671,wage_share;vol_emp_5;log_emp_share_ctry
104,Myanmar,11,Beverages,2023,0.1772,Elevated,True,1.0,16,True,False,1.17,-0.08439,0.61003,0.0,0.6,-0.07884,5073.65814,7621.29236,10650.24266,9984.50976,4432.24011,2337.55214,0.89023,1.14714,1.14699,-4.43683,vol_emp_5;wage_share;log_emp_share_ctry;share_decline_5
104,Myanmar,13,Textiles,2023,0.1772,Elevated,True,1.0,16,True,False,0.45743,-0.09542,0.26556,0.0,0.6,-0.03299,2559.19114,612.46653,7058.82709,939.12264,2665.74525,1755.6496,1.52977,0.43457,0.47147,-1.46725,wage_share;vol_emp_5;share_decline_5;g_emp_3
104,Myanmar,16,"Wood products, excluding furniture",2023,0.294,High,True,1.0,16,True,False,-0.06047,-0.34499,0.06964,5.0,1.0,-0.28788,1755.38377,1383.95027,1775.4494,1052.13296,2038.41423,1868.43202,5.34225,-0.08333,-0.03498,-1.97367,wage_share;share_decline_5;g_emp_1;g_emp_1_rel_ctry
104,Myanmar,17,Paper and paper products,2023,,Insufficient data,False,0.625,16,True,False,-0.475,-0.65884,0.159,5.0,1.0,-0.82899,,,,,3720.76012,,,-0.49786,-0.49045,-4.57498,
104,Myanmar,18,Printing and reproduction of recorded media,2023,,Insufficient data,False,0.625,16,True,False,-0.38305,-0.41853,0.1729,2.0,0.8,-0.47957,,,,,2032.97121,,,-0.40591,-0.36636,-3.51411,
104,Myanmar,20,Chemicals and chemical products,2023,0.2136,High,True,1.0,16,True,False,-0.00933,0.53816,0.2804,1.0,0.6,0.22296,3521.54055,1324.76738,2069.63349,1545.46036,1902.49776,3554.71188,0.13786,-0.03219,-0.01753,-1.89338,vol_emp_5;share_decline_5;g_emp_1_rel_ctry;g_emp_1
104,Myanmar,21,"Pharmaceuticals,medicinal chemicals, etc.",2023,0.1772,Elevated,True,1.0,16,True,False,-0.00848,0.24792,0.18505,1.0,0.6,0.08446,2720.85079,1830.72784,1465.80124,1787.36957,1940.99483,2744.13659,0.19792,-0.03134,-0.03258,-2.16514,vol_emp_5;share_decline_5;g_emp_1_rel_ctry;g_emp_1
104,Myanmar,22,Rubber and plastics products,2023,0.294,High,True,1.0,16,True,False,0.00725,-0.31064,0.08033,0.0,0.8,-0.20655,2631.59275,904.11849,2388.1821,1766.43331,1918.1482,2612.63375,1.11141,-0.0156,-0.00128,-2.93737,wage_share;share_decline_5;emp_dev5;g_emp_1_rel_ctry
104,Myanmar,23,Other non-metallic mineral products,2023,,Insufficient data,False,0.75,16,True,False,0.1075,-0.30824,0.1369,0.0,0.6,-0.14483,,,2344.10102,1364.08738,2264.02035,,,0.08464,0.11349,-2.11372,
104,Myanmar,24,Basic metals,2023,,Insufficient data,False,0.688,16,True,False,0.06028,-0.32679,0.13506,0.0,0.8,-0.25086,,,4564.26415,,3994.66718,,,0.03742,0.05445,-3.28585,
104,Myanmar,25,"Fabricated metal products, except machinery",2023,0.2136,High,True,1.0,16,True,False,-0.25,-0.25758,0.14104,2.0,0.6,-0.25554,7252.33527,1456.35569,3088.66585,2976.13655,3867.58002,9670.11369,0.73451,-0.27286,-0.26329,-4.8263,g_emp_1;wage_share;g_emp_1_rel_ctry;log_emp_share_ctry
104,Myanmar,27,Electrical equipment,2023,,Insufficient data,False,0.75,16,True,False,-0.05988,-0.38431,0.16965,4.0,0.8,-0.3554,,,192.58011,119.276,1803.23357,,,-0.08274,-0.08075,-4.76048,
104,Myanmar,28,Machinery and equipment n.e.c.,2023,,Insufficient data,False,0.688,16,True,False,0.04762,-0.98686,0.41399,0.0,0.8,-3.52876,,,88244.17382,,937.81656,,,0.02476,0.03626,-6.72569,
104,Myanmar,31,Furniture,2023,0.2477,High,True,1.0,16,True,False,0.03846,-0.1,0.07696,0.0,0.4,-0.0292,3994.8789,5735.51502,3927.00643,2016.2909,2004.44557,3846.88339,2.95964,0.0156,0.06954,-5.42228,wage_share;log_emp_share_ctry;g_emp_3;emp_dev5
104,Myanmar,32,Other manufacturing,2023,0.5,High,True,1.0,16,True,False,0.07088,0.02079,0.03773,0.0,0.8,0.02956,3156.98319,1935.22833,2343.32903,1754.97134,6253.43116,2947.95171,136.48563,0.04803,0.05347,-2.92714,wage_share;share_decline_5
112,Belarus,10,Food products,2023,,Insufficient data,False,0.375,16,True,False,,0.03503,0.09277,0.0,0.66667,0.05174,,,,,,,,,,-1.60035,
112,Belarus,13,Textiles,2023,,Insufficient data,False,0.375,16,True,False,,-0.02005,1.14817,0.0,0.66667,0.17499,,,,,,,,,,-2.24116,
112,Belarus,16,"Wood products, excluding furniture",2023,,Insufficient data,False,0.375,16,True,False,,-0.1071,0.27368,0.0,0.66667,-0.00832,,,,,,,,,,-2.56412,
112,Belarus,19,Coke and refined petroleum products,2023,,Insufficient data,False,0.375,16,True,False,,-0.00606,0.01407,0.0,0.33333,-0.01201,,,,,,,,,,-4.02083,
112,Belarus,20,Chemicals and chemical products,2023,,Insufficient data,False,0.375,16,True,False,,-0.01194,0.01272,0.0,0.66667,-0.01504,,,,,,,,,,-2.72219,
112,Belarus,21,"Pharmaceuticals,medicinal chemicals, etc.",2023,,Insufficient data,False,0.375,16,True,False,,0.03568,0.01551,0.0,0.33333,0.02744,,,,,,,,,,-4.18222,
112,Belarus,22,Rubber and plastics products,2023,,Insufficient data,False,0.375,16,True,False,,-0.01925,0.8085,0.0,0.66667,0.14511,,,,,,,,,,-2.2628,
112,Belarus,24,Basic metals,2023,,Insufficient data,False,0.375,16,True,False,,-0.04108,1.40288,0.0,0.66667,0.17209,,,,,,,,,,-2.56991,
112,Belarus,26,"Computer, electronic and optical products",2023,,Insufficient data,False,0.375,16,True,False,,0.0119,0.03041,0.0,0.66667,-0.00932,,,,,,,,,,-3.65,
112,Belarus,27,Electrical equipment,2023,,Insufficient data,False,0.375,16,True,False,,-0.0259,0.01115,0.0,1.0,-0.02445,,,,,,,,,,-3.16967,
112,Belarus,28,Machinery and equipment n.e.c.,2023,,Insufficient data,False,0.375,16,True,False,,0.03429,0.01208,0.0,1.0,0.01955,,,,,,,,,,-2.10073,
112,Belarus,29,"Motor vehicles, trailers and semi-trailers",2023,,Insufficient data,False,0.375,16,True,False,,0.00287,0.14022,0.0,0.66667,0.04349,,,,,,,,,,-2.78869,
112,Belarus,31,Furniture,2023,,Insufficient data,False,0.375,16,True,False,,-0.09208,0.6566,0.0,0.33333,0.06152,,,,,,,,,,-2.48362,
120,Cameroon,10,Food products,2023,,Insufficient data,False,0.188,16,True,False,,,,0.0,,,0.1121,0.29777,,,,,,,,,
124,Canada,10,Food products,2023,,Insufficient data,False,0.562,16,True,False,,,0.02289,0.0,0.33333,,-0.00867,0.21794,0.04626,0.35176,-0.00333,,0.311,,,,
124,Canada,11,Beverages,2023,,Insufficient data,False,0.562,16,True,False,,,0.02854,0.0,0.0,,9e-05,-0.07659,0.00711,0.07556,0.01679,,0.34329,,,,
124,Canada,12,Tobacco products,2023,,Insufficient data,False,0.375,16,True,False,,,0.00563,0.0,1.0,,,,-0.03231,,-0.01078,,0.12761,,,,
124,Canada,13,Textiles,2023,,Insufficient data,False,0.562,16,True,False,,,0.03988,0.0,0.66667,,-0.06243,0.09205,-0.04475,0.06673,-0.08822,,0.43686,,,,
124,Canada,14,Wearing apparel,2023,,Insufficient data,False,0.562,16,True,False,,,0.07525,0.0,0.66667,,-0.10225,0.12869,-0.01022,0.08895,-0.06436,,0.53511,,,,
124,Canada,15,Leather and related products,2023,,Insufficient data,False,0.562,16,True,False,,,0.11295,0.0,0.33333,,-0.10528,0.26088,-0.04387,0.2593,-0.06566,,0.52605,,,,
124,Canada,16,"Wood products, excluding furniture",2023,,Insufficient data,False,0.562,16,True,False,,,0.04311,0.0,0.66667,,-0.40717,-0.08179,-0.26618,0.09469,-0.1168,,0.40036,,,,
124,Canada,17,Paper and paper products,2023,,Insufficient data,False,0.562,16,True,False,,,0.03306,0.0,0.66667,,-0.10766,0.22313,-0.08114,0.203,-0.06213,,0.31834,,,,
124,Canada,18,Printing and reproduction of recorded media,2023,,Insufficient data,False,0.562,16,True,False,,,0.07365,0.0,1.0,,-0.04898,0.09337,0.00913,0.14781,-0.04604,,0.49916,,,,
124,Canada,19,Coke and refined petroleum products,2023,,Insufficient data,False,0.562,16,True,False,,,0.09463,0.0,0.66667,,-0.29201,1.69374,-0.14931,1.04536,-0.00664,,0.0888,,,,
124,Canada,20,Chemicals and chemical products,2023,,Insufficient data,False,0.562,16,True,False,,,0.03424,0.0,0.66667,,-0.14991,0.25751,-0.10511,0.33209,-0.00624,,0.22616,,,,
124,Canada,21,"Pharmaceuticals,medicinal chemicals, etc.",2023,,Insufficient data,False,0.562,16,True,False,,,0.02238,0.0,0.33333,,0.05413,0.11011,0.07491,0.15254,0.0032,,0.31345,,,,
124,Canada,22,Rubber and plastics products,2023,,Insufficient data,False,0.562,16,True,False,,,0.06249,0.0,0.33333,,-0.01025,0.34339,-0.04706,0.3424,-0.04427,,0.3993,,,,
124,Canada,23,Other non-metallic mineral products,2023,,Insufficient data,False,0.562,16,True,False,,,0.0359,0.0,0.66667,,0.05361,0.36325,0.03214,0.38544,0.01005,,0.33908,,,,
124,Canada,24,Basic metals,2023,,Insufficient data,False,0.562,16,True,False,,,0.03377,0.0,0.66667,,-0.1819,0.49985,-0.06293,0.46775,-0.0282,,0.26624,,,,
124,Canada,25,"Fabricated metal products, except machinery",2023,,Insufficient data,False,0.562,16,True,False,,,0.06206,0.0,0.33333,,0.01323,0.34512,0.03421,0.39718,0.01706,,0.46383,,,,
124,Canada,26,"Computer, electronic and optical products",2023,,Insufficient data,False,0.562,16,True,False,,,0.06572,0.0,0.33333,,-0.01952,0.35081,0.06759,0.41987,0.00016,,0.45599,,,,
124,Canada,27,Electrical equipment,2023,,Insufficient data,False,0.562,16,True,False,,,0.06493,0.0,0.33333,,0.03865,0.40045,0.05193,0.34434,0.0243,,0.44677,,,,
124,Canada,29,"Motor vehicles, trailers and semi-trailers",2023,,Insufficient data,False,0.562,16,True,False,,,0.06989,0.0,0.66667,,0.13408,0.4488,0.20978,0.41781,0.05554,,0.37442,,,,
124,Canada,30,Other transport equipment,2023,,Insufficient data,False,0.562,16,True,False,,,0.09831,0.0,0.66667,,0.12896,0.50832,0.10795,0.33006,-0.12729,,0.29502,,,,
124,Canada,31,Furniture,2023,,Insufficient data,False,0.562,16,True,False,,,0.08782,0.0,0.66667,,-0.02834,0.29728,-0.00516,0.3616,-0.0312,,0.51052,,,,
124,Canada,32,Other manufacturing,2023,,Insufficient data,False,0.562,16,True,False,,,0.1,0.0,0.66667,,-0.05947,0.09652,-0.0803,0.0754,0.03015,,0.48641,,,,
132,Cabo Verde,10,Food products,2023,0.1772,Elevated,True,1.0,16,True,False,-0.10112,0.21581,0.28424,1.0,0.6,0.10328,0.1265,0.12761,0.10784,0.35606,0.12932,0.25323,0.3769,-0.10049,-0.11504,-0.86598,vol_emp_5;g_emp_1;g_emp_1_rel_ctry;share_decline_5
132,Cabo Verde,11,Beverages,2023,0.1385,Elevated,True,1.0,16,True,False,0.22299,0.68081,0.34773,0.0,0.4,0.37735,0.29778,0.79599,0.3083,0.85834,0.21504,0.06115,0.35199,0.22362,0.19998,-2.00862,vol_emp_5;g_prod_1;g_out_1
132,Cabo Verde,12,Tobacco products,2023,0.1385,Elevated,True,1.0,16,True,False,0.04651,0.02273,0.09773,0.0,0.4,0.05012,0.16203,0.55193,0.1326,0.35095,0.11578,0.11038,0.10061,0.04714,0.0407,-5.57029,log_emp_share_ctry;g_out_1;vol_emp_5;g_prod_1
132,Cabo Verde,13,Textiles,2023,0.1385,Elevated,True,1.0,16,True,False,-0.1789,0.24306,0.17674,1.0,0.25,0.05749,-0.00046,0.11977,0.03292,0.1684,0.13504,0.21732,0.07672,-0.17827,-0.16486,-4.18957,g_emp_1;g_emp_1_rel_ctry;vol_emp_5;log_emp_share_ctry
132,Cabo Verde,14,Wearing apparel,2023,,Insufficient data,False,0.625,16,True,False,0.0052,0.15546,0.20277,0.0,0.25,0.14151,,,,,0.22684,,,0.00583,0.01458,-2.72668,
132,Cabo Verde,15,Leather and related products,2023,,Insufficient data,False,0.625,16,True,False,-0.01887,0.28713,0.14728,1.0,0.75,0.13309,,,,,0.04464,,,-0.01824,0.01691,-3.81627,
132,Cabo Verde,16,"Wood products, excluding furniture",2023,0.2136,High,True,1.0,16,True,False,-0.11714,0.18314,0.35866,2.0,0.8,-0.02667,0.05004,0.55898,-0.17574,0.18347,0.31874,0.18936,0.31819,-0.11651,-0.09165,-3.36814,share_decline_5;vol_emp_5;g_emp_1;g_emp_1_rel_ctry
132,Cabo Verde,17,Paper and paper products,2023,0.294,High,True,1.0,16,True,False,-0.58824,0.16667,0.92518,1.0,0.5,-0.20585,0.3812,0.15043,0.34875,0.21368,-0.24531,2.35433,0.06819,-0.58761,-0.60368,-7.43105,g_emp_1;vol_emp_5;g_emp_1_rel_ctry;log_emp_share_ctry
132,Cabo Verde,18,Printing and reproduction of recorded media,2023,0.0653,Watch,True,1.0,16,True,False,0.08242,0.18675,0.15569,0.0,0.6,0.11443,0.3812,0.15043,0.34875,0.21368,0.10063,0.27603,0.56583,0.08305,0.09911,-3.4006,wage_share;vol_emp_5;share_decline_5;g_va_3
132,Cabo Verde,19,Coke and refined petroleum products,2023,,Insufficient data,False,0.062,16,True,False,,,,0.0,,,,,,,,,,,,,
132,Cabo Verde,20,Chemicals and chemical products,2023,0.117,Elevated,True,1.0,16,True,False,0.25103,0.26141,0.12588,0.0,0.6,0.16175,0.01117,0.15977,0.05072,0.29403,0.04208,-0.19173,0.45101,0.25166,0.24283,-3.65993,share_decline_5;vol_emp_5;g_wages_1;g_va_3
132,Cabo Verde,21,"Pharmaceuticals,medicinal chemicals, etc.",2023,0.1772,Elevated,True,1.0,16,True,False,-0.01408,0.01449,0.06078,1.0,0.4,0.02899,-0.29333,-0.26911,-0.18733,-0.22102,0.04838,-0.28323,0.57666,-0.01346,-0.03818,-5.12846,log_emp_share_ctry;wage_share;g_va_3;g_emp_1
132,Cabo Verde,22,Rubber and plastics products,2023,0.0653,Watch,True,1.0,16,True,False,0.06803,0.28689,0.09362,0.0,0.2,0.18258,0.17997,0.69217,-0.0161,0.26536,0.17618,0.10481,0.43887,0.06866,0.05949,-4.32071,log_emp_share_ctry;g_out_1;g_out_3;g_prod_1
132,Cabo Verde,23,Other non-metallic mineral products,2023,0.1772,Elevated,True,1.0,16,True,False,-0.01637,0.20926,0.09792,1.0,0.2,0.09159,-0.11788,0.18007,-0.16782,-0.03455,0.00367,-0.1032,0.75499,-0.01574,-0.01038,-2.97836,wage_share;g_emp_1;g_wages_1;g_emp_1_rel_ctry
132,Cabo Verde,24,Basic metals,2023,,Insufficient data,False,0.312,16,True,False,,,,0.0,,,0.31781,0.58546,0.27778,0.47851,,,,,,,
132,Cabo Verde,25,"Fabricated metal products, except machinery",2023,,Insufficient data,False,0.625,16,True,False,-0.00646,-0.07904,0.15576,3.0,0.75,0.01441,,,,,0.22725,,,-0.00583,-0.01975,-2.73186,
132,Cabo Verde,26,"Computer, electronic and optical products",2023,,Insufficient data,False,0.312,16,True,False,,,,0.0,,,0.80006,0.81079,0.75778,0.91034,,,,,,,
132,Cabo Verde,29,"Motor vehicles, trailers and semi-trailers",2023,,Insufficient data,False,0.312,16,True,False,,,,0.0,,,0.78312,6.553,0.74124,6.96824,,,,,,,
132,Cabo Verde,30,Other transport equipment,2023,,Insufficient data,False,0.625,16,True,False,0.3,2.25,2.40925,0.0,0.25,0.14904,,,,,1.0027,,,0.30063,0.24966,-6.81201,
132,Cabo Verde,31,Furniture,2023,0.294,High,True,1.0,16,True,False,0.0458,0.60234,0.4741,0.0,0.4,0.31132,0.68316,1.25681,0.63966,0.85225,0.64839,0.60944,0.23249,0.04643,0.07688,-3.07068,vol_emp_5
132,Cabo Verde,32,Other manufacturing,2023,0.1385,Elevated,True,1.0,16,True,False,-0.17241,-0.66197,0.98632,2.0,0.5,-0.65493,0.59289,0.61859,0.55547,0.70758,0.69283,0.92474,0.11356,-0.17178,-0.18982,-6.1989,vol_emp_5;log_emp_share_ctry;g_emp_1;g_emp_1_rel_ctry
132,Cabo Verde,33,Repair and installation of machinery/equipment,2023,,Insufficient data,False,0.875,16,True,False,0.00999,0.16256,0.08057,0.0,0.4,0.10819,0.02148,0.08258,0.01998,0.23687,,0.01138,,0.01061,-0.01062,-2.81451,
152,Chile,10,Food products,2023,,Insufficient data,False,0.438,16,True,False,,,,0.0,,,0.16439,0.38361,0.07024,0.35981,0.17474,,0.38006,,,,
152,Chile,11,Beverages,2023,,Insufficient data,False,0.188,16,True,False,,,,0.0,,,0.26836,0.17055,,,,,,,,,
152,Chile,13,Textiles,2023,,Insufficient data,False,0.438,16,True,False,,,,0.0,,,0.45653,0.27487,0.0716,0.35576,0.10879,,0.71547,,,,
152,Chile,16,"Wood products, excluding furniture",2023,,Insufficient data,False,0.438,16,True,False,,,,0.0,,,-0.25966,0.0723,-0.09065,0.21019,0.08134,,0.43175,,,,
152,Chile,19,Coke and refined petroleum products,2023,,Insufficient data,False,0.438,16,True,False,,,,0.0,,,0.08255,2.60961,0.02925,1.37647,0.15409,,0.09494,,,,
152,Chile,22,Rubber and plastics products,2023,,Insufficient data,False,0.438,16,True,False,,,,0.0,,,0.1231,0.30983,-0.00503,0.40546,0.13447,,0.38353,,,,
152,Chile,23,Other non-metallic mineral products,2023,,Insufficient data,False,0.438,16,True,False,,,,0.0,,,0.12196,0.30667,-0.01228,0.34502,0.12802,,0.43249,,,,
152,Chile,24,Basic metals,2023,,Insufficient data,False,0.438,16,True,False,,,,0.0,,,-0.02187,0.36026,-0.05249,0.51834,0.17782,,0.3404,,,,
152,Chile,26,"Computer, electronic and optical products",2023,,Insufficient data,False,0.438,16,True,False,,,,0.0,,,0.2344,0.50554,0.08842,0.46251,0.18509,,0.48006,,,,
170,Colombia,10,Food products,2023,0.0227,Low,True,1.0,16,True,False,0.05008,0.10713,0.02809,0.0,0.2,0.0609,0.02553,0.36203,0.02587,0.40749,0.16003,-0.02338,0.10216,0.04483,0.03616,-1.37749,g_out_1;g_prod_1;g_va_1
170,Colombia,11,Beverages,2023,0.0177,Low,True,1.0,16,True,False,0.02605,0.12769,0.03925,0.0,0.2,0.05859,0.08204,0.46036,0.0917,0.46217,0.14741,0.05457,0.04675,0.02079,0.00304,-3.61937,g_out_1;g_prod_1;g_va_1
170,Colombia,13,Textiles,2023,0.1385,Elevated,True,1.0,16,True,False,-0.09034,-0.05469,0.04683,1.0,0.6,-0.07091,-0.1843,0.12942,-0.1706,0.21753,0.04126,-0.10329,0.22079,-0.09559,-0.0763,-3.22555,g_emp_1;g_emp_1_rel_ctry;share_decline_5;g_wages_1
170,Colombia,14,Wearing apparel,2023,0.0653,Watch,True,1.0,16,True,False,-0.02144,0.07831,0.07648,1.0,0.6,-0.0069,-0.04913,0.57567,-0.05045,0.56622,0.09289,-0.0283,0.2372,-0.02669,-0.01206,-2.37068,share_decline_5;g_emp_1;g_emp_1_rel_ctry;g_va_1
170,Colombia,15,Leather and related products,2023,0.0653,Watch,True,1.0,16,True,False,-0.03577,0.07524,0.10247,1.0,0.6,-0.01995,-0.01686,0.66948,-0.02905,0.51618,0.00109,0.01961,0.24446,-0.04103,0.0,-3.7992,g_emp_1;share_decline_5;g_emp_1_rel_ctry;g_wages_1
170,Colombia,16,"Wood products, excluding furniture",2023,0.1385,Elevated,True,1.0,16,True,False,0.02631,0.02959,0.04468,0.0,0.6,0.0019,-0.07579,0.2899,-0.05916,0.43887,0.17234,-0.09948,0.15221,0.02106,0.0518,-5.00116,log_emp_share_ctry;share_decline_5;g_va_1;g_prod_1
170,Colombia,17,Paper and paper products,2023,0.0227,Low,True,1.0,16,True,False,0.08119,0.20116,0.03283,0.0,0.0,0.10955,-0.02356,0.29206,-0.00385,0.35087,0.2069,-0.09688,0.12531,0.07594,0.06574,-3.50047,g_prod_1;g_va_1;g_out_1
170,Colombia,18,Printing and reproduction of recorded media,2023,0.0227,Low,True,1.0,16,True,False,-0.0091,-0.03827,0.04469,1.0,0.8,-0.03782,0.00679,0.43446,0.01052,0.41315,0.09644,0.01603,0.18366,-0.01435,0.00759,-3.67647,share_decline_5;g_emp_1;g_emp_1_rel_ctry;log_emp_share_ctry
170,Colombia,19,Coke and refined petroleum products,2023,0.0653,Watch,True,1.0,16,True,False,-0.04428,0.25666,0.09496,1.0,0.4,0.09763,-0.16852,0.4976,0.16311,0.8825,0.15892,-0.13,0.04532,-0.04954,-0.04766,-4.57557,log_emp_share_ctry;g_emp_1;g_emp_1_rel_ctry;g_va_1
170,Colombia,20,Chemicals and chemical products,2023,0.0227,Low,True,1.0,16,True,False,0.0244,0.04357,0.01646,0.0,0.4,0.03235,-0.02775,0.31913,-0.05149,0.32662,0.11406,-0.05091,0.10063,0.01914,0.0162,-2.49794,g_out_1;g_va_1;g_prod_1
170,Colombia,21,"Pharmaceuticals,medicinal chemicals, etc.",2023,0.0227,Low,True,1.0,16,True,False,-0.02116,0.12676,0.03673,1.0,0.2,0.05329,0.02257,0.20815,0.01771,0.21937,0.0015,0.04468,0.15269,-0.02642,-0.04526,-3.13646,g_emp_1;g_emp_1_rel_ctry;g_wages_1;g_va_3
170,Colombia,22,Rubber and plastics products,2023,0.0278,Low,True,1.0,16,True,False,0.01801,0.07568,0.01981,0.0,0.4,0.03585,0.00635,0.46369,-0.01872,0.42598,0.14535,-0.01145,0.18834,0.01275,0.00947,-2.43642,g_out_1;g_va_1;g_prod_1;g_emp_1_rel_ctry
170,Colombia,23,Other non-metallic mineral products,2023,0.0227,Low,True,1.0,16,True,False,-0.00541,0.1132,0.04818,1.0,0.6,0.04135,0.04269,0.31649,0.0475,0.44909,0.14128,0.04836,0.117,-0.01066,0.00058,-2.89565,share_decline_5;g_emp_1_rel_ctry;g_emp_1;g_out_1
170,Colombia,24,Basic metals,2023,0.038,Low,True,1.0,16,True,False,0.01701,0.07239,0.02735,0.0,0.6,0.0433,-0.26581,0.3223,-0.19367,0.36046,0.15543,-0.27809,0.09272,0.01176,0.01118,-3.86894,share_decline_5;log_emp_share_ctry;g_va_1;g_prod_1
170,Colombia,25,"Fabricated metal products, except machinery",2023,0.038,Low,True,1.0,16,True,False,-0.02778,0.10218,0.06498,1.0,0.6,0.01792,-0.00538,0.61351,-0.00443,0.62106,0.08005,0.02304,0.18561,-0.03303,-0.04106,-3.04544,g_emp_1;share_decline_5;g_emp_1_rel_ctry;g_out_1
170,Colombia,27,Electrical equipment,2023,0.0366,Low,True,1.0,16,True,False,0.10698,0.20682,0.07528,0.0,0.6,0.10464,0.21807,0.74846,0.13499,0.62828,0.21543,0.10036,0.18512,0.10172,0.08611,-3.41215,share_decline_5;g_out_1;g_prod_1
170,Colombia,28,Machinery and equipment n.e.c.,2023,0.0227,Low,True,1.0,16,True,False,0.0108,0.02466,0.03126,0.0,0.4,0.00861,0.03382,0.29403,0.04456,0.30573,0.16687,0.02277,0.25831,0.00555,-0.00056,-3.63798,g_emp_1_rel_ctry;g_out_1;g_va_1;g_prod_1
170,Colombia,29,"Motor vehicles, trailers and semi-trailers",2023,0.117,Elevated,True,1.0,16,True,False,-0.00029,-0.05728,0.08966,1.0,0.6,-0.04576,-0.33733,-0.03825,-0.28083,0.02472,0.08532,-0.33714,0.22805,-0.00555,-0.01153,-3.95584,share_decline_5;log_emp_share_ctry;g_va_3;g_emp_1_rel_ctry
170,Colombia,30,Other transport equipment,2023,,Insufficient data,False,0.75,16,True,False,,0.25701,0.25077,0.0,0.66667,0.0462,-0.22429,0.58918,-0.19211,0.58865,-0.02369,,0.18149,,,-4.39399,
170,Colombia,31,Furniture,2023,0.0517,Watch,True,1.0,16,True,False,-0.03217,0.00701,0.06238,1.0,0.6,-0.03862,-0.06553,0.29944,-0.06001,0.24629,0.08828,-0.03447,0.2197,-0.03742,-0.00109,-3.61187,g_emp_1;share_decline_5;g_emp_1_rel_ctry;g_va_1
170,Colombia,32,Other manufacturing,2023,0.0653,Watch,True,1.0,16,True,False,0.10391,0.33975,0.09371,0.0,0.2,0.13799,0.09434,0.60879,0.0978,0.61992,0.29823,-0.00867,0.22662,0.09865,0.0865,-3.26309,g_prod_1;g_out_1;g_va_1
188,Costa Rica,10,Food products,2023,,Insufficient data,False,0.875,16,True,False,0.01357,-0.01688,0.02761,0.0,0.4,0.00532,0.19487,0.36341,0.14043,0.34282,,0.17887,,0.00589,-0.00035,-1.00675,
188,Costa Rica,11,Beverages,2023,,Insufficient data,False,0.875,16,True,False,-0.01989,0.04724,0.09499,1.0,0.6,-0.03875,0.23671,0.46449,0.26793,0.72961,,0.26181,,-0.02756,-0.04291,-4.11632,
188,Costa Rica,12,Tobacco products,2023,,Insufficient data,False,0.562,16,True,False,1.07692,-0.1,0.67658,0.0,0.6,-1.19504,,,,,,,,1.06925,1.07111,-8.52439,
188,Costa Rica,13,Textiles,2023,,Insufficient data,False,0.875,16,True,False,0.08524,0.19774,0.11447,0.0,0.4,0.15311,0.02579,0.27639,0.04634,0.26555,,-0.05478,,0.07757,0.09928,-4.59402,
188,Costa Rica,14,Wearing apparel,2023,,Insufficient data,False,0.875,16,True,False,0.0539,-0.23516,0.11609,0.0,0.8,-0.12389,0.32908,0.61033,0.29387,0.46504,,0.2611,,0.04623,0.06328,-4.40445,
188,Costa Rica,15,Leather and related products,2023,,Insufficient data,False,0.875,16,True,False,-0.10625,-0.12805,0.1401,2.0,0.8,-0.1635,0.21154,0.57182,0.22329,0.53168,,0.35557,,-0.11392,-0.07048,-6.85738,
188,Costa Rica,16,"Wood products, excluding furniture",2023,,Insufficient data,False,0.875,16,True,False,-0.06554,0.02966,0.05507,1.0,0.6,-0.0055,-0.22721,-0.23646,-0.10948,-0.02826,,-0.17301,,-0.07321,-0.04004,-4.44434,
188,Costa Rica,17,Paper and paper products,2023,,Insufficient data,False,0.875,16,True,False,0.0244,0.00676,0.02717,0.0,0.4,0.01886,-0.35944,-0.0119,-0.02352,0.31114,,-0.3747,,0.01673,0.00895,-3.72615,
188,Costa Rica,18,Printing and reproduction of recorded media,2023,,Insufficient data,False,0.875,16,True,False,0.02549,0.00835,0.04794,0.0,0.6,0.0124,0.15522,0.13284,0.16946,0.19769,,0.12651,,0.01782,0.04218,-3.89146,
188,Costa Rica,19,Coke and refined petroleum products,2023,,Insufficient data,False,0.562,16,True,False,0.19048,0.22951,0.14114,0.0,0.4,0.14003,,,,,,,,0.18281,0.18709,-7.50274,
188,Costa Rica,20,Chemicals and chemical products,2023,,Insufficient data,False,0.875,16,True,False,0.0022,0.15955,0.10125,0.0,0.4,0.05072,-0.2098,-0.12134,0.11051,0.20789,,-0.21153,,-0.00547,-0.006,-2.98983,
188,Costa Rica,21,"Pharmaceuticals,medicinal chemicals, etc.",2023,,Insufficient data,False,0.875,16,True,False,-0.0386,-0.08259,0.07162,5.0,1.0,-0.08309,-0.01182,-0.04406,0.14973,0.21659,,0.02786,,-0.04627,-0.0627,-4.05127,
188,Costa Rica,22,Rubber and plastics products,2023,,Insufficient data,False,0.875,16,True,False,0.00938,-0.0388,0.03706,0.0,0.4,-0.00232,0.23877,0.65295,0.27342,0.71085,,0.22726,,0.00171,0.00085,-2.81127,
188,Costa Rica,23,Other non-metallic mineral products,2023,,Insufficient data,False,0.875,16,True,False,-0.04144,-0.04887,0.03256,2.0,0.8,-0.05347,-0.00584,0.25508,0.01061,0.2742,,0.03715,,-0.04911,-0.03545,-3.34636,
188,Costa Rica,24,Basic metals,2023,,Insufficient data,False,0.875,16,True,False,0.00514,-0.02564,0.09564,0.0,0.4,0.01666,0.6924,2.22948,0.15261,1.09056,,0.68374,,-0.00253,-0.00069,-4.59912,
188,Costa Rica,25,"Fabricated metal products, except machinery",2023,,Insufficient data,False,0.875,16,True,False,0.04776,-0.0891,0.04383,0.0,0.8,-0.03552,0.07398,0.37758,-0.00049,0.15687,,0.02503,,0.04009,0.03448,-3.25139,
188,Costa Rica,26,"Computer, electronic and optical products",2023,,Insufficient data,False,0.875,16,True,False,-0.10288,0.14394,0.14213,1.0,0.2,0.06011,-0.01442,7.68757,0.09881,5.4447,,0.09861,,-0.11055,-0.12105,-3.08937,
188,Costa Rica,27,Electrical equipment,2023,,Insufficient data,False,0.875,16,True,False,-0.02708,0.04448,0.03491,1.0,0.6,0.00188,-0.29153,-0.27045,-0.00461,0.10282,,-0.27181,,-0.03475,-0.04795,-3.81988,
188,Costa Rica,28,Machinery and equipment n.e.c.,2023,,Insufficient data,False,0.562,16,True,False,0.1564,0.07741,0.11651,0.0,0.8,0.06279,,,,,,,,0.14873,0.14504,-4.74442,
188,Costa Rica,29,"Motor vehicles, trailers and semi-trailers",2023,,Insufficient data,False,0.875,16,True,False,0.08021,-0.54299,0.22966,0.0,0.8,-0.4005,0.97364,0.50418,0.80525,0.77649,,0.82708,,0.07254,0.06898,-5.81881,
188,Costa Rica,30,Other transport equipment,2023,,Insufficient data,False,0.875,16,True,False,-0.22137,-0.22137,0.12871,1.0,0.6,-0.21448,-0.59705,-0.88037,-0.31033,-0.67403,,-0.48249,,-0.22904,-0.27171,-7.19525,
188,Costa Rica,31,Furniture,2023,,Insufficient data,False,0.875,16,True,False,-0.04752,0.02289,0.03341,1.0,0.6,-0.00314,0.1237,-0.02217,0.09802,-0.01964,,0.17977,,-0.05519,-0.01644,-3.71643,
188,Costa Rica,32,Other manufacturing,2023,,Insufficient data,False,0.875,16,True,False,0.00596,0.08999,0.05818,0.0,0.0,0.0638,0.53762,0.76144,0.35772,0.74936,,0.52851,,-0.00171,-0.01145,-1.61003,
188,Costa Rica,33,Repair and installation of machinery/equipment,2023,,Insufficient data,False,0.875,16,True,False,0.08998,0.0996,0.06115,0.0,0.2,0.09274,0.04644,-0.02988,0.13932,0.11269,,-0.03995,,0.08231,0.06937,-3.81653,
191,Croatia,10,Food products,2023,0.038,Low,True,0.875,16,True,False,-0.03623,-0.04007,0.02121,1.0,0.6,-0.03357,0.17245,0.20842,,,0.17394,0.21653,0.55501,-0.03384,-0.05015,-1.68852,wage_share;g_emp_1;share_decline_5;g_emp_1_rel_ctry
191,Croatia,11,Beverages,2023,0.0227,Low,True,0.875,16,True,False,0.07143,0.10689,0.03356,0.0,0.2,0.06328,0.1631,0.3927,,,0.16195,0.08556,0.42523,0.07382,0.04842,-3.62929,g_prod_1;log_emp_share_ctry
191,Croatia,12,Tobacco products,2023,,Insufficient data,False,0.562,16,True,False,-0.1109,-0.07984,0.0641,1.0,0.6,-0.0768,,,,,,,,-0.10851,-0.11671,-5.65498,
191,Croatia,13,Textiles,2023,0.0227,Low,True,0.875,16,True,False,0.01703,0.11484,0.05581,0.0,0.6,0.04054,-0.03375,0.31237,,,0.14844,-0.04992,0.57551,0.01942,0.03107,-4.31418,wage_share;log_emp_share_ctry;share_decline_5;g_va_1
191,Croatia,14,Wearing apparel,2023,0.2136,High,True,0.875,16,True,False,-0.07094,-0.1313,0.03356,5.0,1.0,-0.11723,0.04103,0.0987,,,0.0654,0.12052,0.72304,-0.06855,-0.06157,-3.19386,share_decline_5;wage_share;g_emp_1;g_emp_1_rel_ctry
191,Croatia,15,Leather and related products,2023,0.2136,High,True,0.688,16,True,False,-0.05208,-0.12655,0.02211,5.0,1.0,-0.09497,,0.04737,,,,,0.77051,-0.0497,-0.01631,-3.42527,share_decline_5;wage_share;g_emp_1;g_emp_1_rel_ctry
191,Croatia,16,"Wood products, excluding furniture",2023,0.0227,Low,True,0.875,16,True,False,-0.00317,0.06539,0.01852,1.0,0.4,0.03689,-0.16067,0.48396,,,0.15557,-0.15801,0.53064,-0.00078,0.02232,-2.65287,wage_share;g_emp_1;g_emp_1_rel_ctry;g_va_1
191,Croatia,17,Paper and paper products,2023,0.0227,Low,True,0.875,16,True,False,0.06597,0.1415,0.0262,0.0,0.2,0.07978,-0.03232,0.35827,,,0.256,-0.09221,0.51785,0.06836,0.05052,-3.90607,wage_share;log_emp_share_ctry;g_prod_1;g_va_1
191,Croatia,18,Printing and reproduction of recorded media,2023,0.0653,Watch,True,0.875,16,True,False,-0.06168,-0.09724,0.03486,4.0,0.8,-0.07251,0.0899,0.09742,,,0.04995,0.16154,0.50607,-0.05929,-0.04499,-3.64124,share_decline_5;g_emp_1;g_emp_1_rel_ctry;wage_share
191,Croatia,19,Coke and refined petroleum products,2023,,Insufficient data,False,0.562,16,True,False,-0.00867,-0.07704,0.46019,4.0,0.8,-0.04994,,,,,,,,-0.00628,-0.01205,-3.46599,
191,Croatia,20,Chemicals and chemical products,2023,0.0517,Watch,True,0.875,16,True,False,-0.00586,0.02221,0.01561,2.0,0.6,0.00595,0.11381,-0.3275,,,0.18132,0.12037,0.65148,-0.00347,-0.01406,-3.7924,wage_share;share_decline_5;g_va_3;log_emp_share_ctry
191,Croatia,21,"Pharmaceuticals,medicinal chemicals, etc.",2023,0.0227,Low,True,0.688,16,True,False,0.04958,0.13064,0.05636,0.0,0.2,0.0724,,0.00423,,,,,0.43137,0.05197,0.02549,-3.73863,g_va_3;log_emp_share_ctry
191,Croatia,22,Rubber and plastics products,2023,0.0227,Low,True,0.875,16,True,False,-0.00361,-0.00193,0.01166,1.0,0.4,0.00224,0.11014,0.14851,,,0.15458,0.11416,0.53484,-0.00122,-0.01215,-3.05422,wage_share;g_emp_1;g_emp_1_rel_ctry;g_va_3
191,Croatia,23,Other non-metallic mineral products,2023,0.0366,Low,True,0.875,16,True,False,-0.0175,0.04706,0.02671,1.0,0.2,0.01553,0.25042,0.31684,,,0.12113,0.27269,0.41802,-0.01511,-0.01151,-2.99393,g_emp_1;g_emp_1_rel_ctry
191,Croatia,24,Basic metals,2023,0.1385,Elevated,True,0.875,16,True,False,-0.07671,0.07867,0.08127,1.0,0.6,0.00896,-0.02303,0.23364,,,0.03852,0.05813,0.60436,-0.07432,-0.08254,-4.12992,wage_share;g_emp_1;g_emp_1_rel_ctry;log_emp_share_ctry
191,Croatia,25,"Fabricated metal products, except machinery",2023,0.0177,Low,True,0.875,16,True,False,0.06658,0.09483,0.03064,0.0,0.4,0.05631,0.16527,0.30938,,,0.20811,0.09253,0.57038,0.06896,0.05329,-1.9766,wage_share;g_prod_1
191,Croatia,26,"Computer, electronic and optical products",2023,0.1385,Elevated,True,0.875,16,True,False,0.00927,0.13811,0.19127,0.0,0.2,0.06788,0.23211,0.58706,,,0.16185,0.22079,0.46582,0.01166,-0.00889,-4.29478,vol_emp_5;log_emp_share_ctry;wage_share;g_emp_1_rel_ctry
191,Croatia,27,Electrical equipment,2023,0.0278,Low,True,0.875,16,True,False,-0.00161,0.04268,0.02367,1.0,0.6,0.01054,0.31368,0.54355,,,0.2067,0.3158,0.53015,0.00078,-0.02248,-3.16108,wage_share;share_decline_5;g_emp_1;g_emp_1_rel_ctry
191,Croatia,28,Machinery and equipment n.e.c.,2023,0.0227,Low,True,0.875,16,True,False,0.00335,0.04141,0.02685,0.0,0.6,0.02259,0.20498,0.33175,,,0.17066,0.20096,0.57193,0.00574,-0.00801,-3.06629,wage_share;share_decline_5;g_emp_1_rel_ctry;g_emp_1
191,Croatia,29,"Motor vehicles, trailers and semi-trailers",2023,,Insufficient data,False,0.562,16,True,False,0.01127,0.02279,0.09047,0.0,0.6,-0.01446,,,,,,,,0.01365,3e-05,-4.72619,
191,Croatia,30,Other transport equipment,2023,0.1385,Elevated,True,0.875,16,True,False,0.18325,0.11621,0.12014,0.0,0.6,0.08177,0.793,0.15112,,,0.41329,0.51532,0.62723,0.18564,0.13291,-3.58727,wage_share;share_decline_5;vol_emp_5;g_va_3
191,Croatia,31,Furniture,2023,0.0366,Low,True,0.875,16,True,False,-0.0215,0.0039,0.03159,1.0,0.6,-0.01276,0.12008,0.28132,,,0.12279,0.14469,0.61526,-0.01911,0.00958,-3.21679,wage_share;share_decline_5;g_emp_1;g_emp_1_rel_ctry
191,Croatia,32,Other manufacturing,2023,0.1385,Elevated,True,0.812,16,True,False,0.01711,0.12233,0.08673,0.0,0.2,0.06395,0.14883,,,,0.18541,0.1295,0.45709,0.0195,-0.0003,-4.05251,log_emp_share_ctry;wage_share
191,Croatia,33,Repair and installation of machinery/equipment,2023,0.0653,Watch,True,0.875,16,True,False,0.0982,-0.00708,0.14768,0.0,0.4,0.03931,0.45842,0.16229,,,0.25648,0.32801,0.60666,0.10059,0.07759,-2.89316,wage_share;vol_emp_5;g_va_3;g_emp_3
196,Cyprus,10,Food products,2023,0.0,Low,True,1.0,16,True,False,0.01915,0.08868,0.01763,0.0,0.2,0.04993,0.1755,0.15818,0.10996,0.2565,0.10955,0.15341,0.53132,0.01915,0.00523,-0.94449,wage_share;g_va_3;g_out_3;g_out_1
196,Cyprus,11,Beverages,2023,0.0366,Low,True,1.0,16,True,False,-0.0274,0.02899,0.04133,1.0,0.4,-0.00241,0.18551,0.44545,0.11926,0.45741,0.08109,0.21891,0.35485,-0.0274,-0.05041,-3.5892,g_emp_1;g_emp_1_rel_ctry;g_out_1
196,Cyprus,12,Tobacco products,2023,,Insufficient data,False,0.062,16,True,False,,,,0.0,,,,,,,,,,,,,
196,Cyprus,13,Textiles,2023,0.0227,Low,True,1.0,16,True,False,-0.00737,0.0466,0.03126,1.0,0.4,0.01495,0.13173,0.39521,0.11941,0.43961,0.07955,0.14013,0.55227,-0.00737,0.00668,-4.20123,wage_share;log_emp_share_ctry;g_emp_1;g_emp_1_rel_ctry
196,Cyprus,14,Wearing apparel,2023,0.1385,Elevated,True,1.0,16,True,False,0.1122,-0.02564,0.08884,0.0,0.6,-0.01047,0.0692,0.19665,0.05633,0.08683,0.25577,-0.03865,0.56182,0.1122,0.12157,-5.0616,log_emp_share_ctry;wage_share;share_decline_5;g_out_3
196,Cyprus,15,Leather and related products,2023,0.1772,Elevated,True,1.0,16,True,False,-0.23684,-0.29268,0.09441,1.0,0.6,-0.24901,-0.11354,-0.05712,-0.12118,0.13272,0.00077,0.16156,0.69339,-0.23684,-0.20107,-7.12364,log_emp_share_ctry;g_emp_1;wage_share;g_emp_1_rel_ctry
196,Cyprus,16,"Wood products, excluding furniture",2023,0.0,Low,True,1.0,16,True,False,0.05419,0.14776,0.02009,0.0,0.0,0.08468,0.16994,0.29697,0.09825,0.45153,0.09449,0.1098,0.43392,0.05419,0.07968,-2.76077,g_out_1;g_prod_1
196,Cyprus,17,Paper and paper products,2023,0.1385,Elevated,True,1.0,16,True,False,-0.15009,-0.21626,0.05678,4.0,0.8,-0.179,0.00609,-0.00903,-0.05543,0.02343,-0.02697,0.18377,0.49213,-0.15009,-0.16554,-4.37505,share_decline_5;g_emp_1;g_emp_1_rel_ctry;log_emp_share_ctry
196,Cyprus,18,Printing and reproduction of recorded media,2023,0.0227,Low,True,1.0,16,True,False,-0.02584,-0.15281,0.02892,5.0,1.0,-0.10419,0.10396,0.2213,0.05989,0.14809,0.10975,0.13324,0.49842,-0.02584,-0.00915,-3.86555,share_decline_5;g_emp_1;wage_share;g_emp_1_rel_ctry
196,Cyprus,19,Coke and refined petroleum products,2023,0.2136,High,True,1.0,16,True,False,-0.13333,-0.31579,0.08769,1.0,0.4,-0.22006,0.00196,1.40895,-0.00866,1.04633,0.0909,0.1561,0.1969,-0.13333,-0.13671,-7.23284,log_emp_share_ctry;g_emp_1;g_emp_1_rel_ctry;emp_dev5
196,Cyprus,20,Chemicals and chemical products,2023,0.0227,Low,True,1.0,16,True,False,0.02151,0.16208,0.03015,0.0,0.0,0.07512,0.18083,0.19171,0.00959,0.18737,0.06547,0.15597,0.34707,0.02151,0.01331,-3.85762,log_emp_share_ctry;g_out_3;g_va_3;g_wages_1
196,Cyprus,21,"Pharmaceuticals,medicinal chemicals, etc.",2023,0.0,Low,True,1.0,16,True,False,0.0,0.05781,0.0429,0.0,0.2,0.03887,0.07857,-0.18276,0.11612,-0.01729,0.08166,0.07857,0.42508,0.0,-0.02409,-2.78838,g_va_3;g_out_3;g_emp_1_rel_ctry;g_emp_1
196,Cyprus,22,Rubber and plastics products,2023,0.0227,Low,True,1.0,16,True,False,0.01034,0.11619,0.02831,0.0,0.0,0.05363,0.20891,0.32317,0.04571,0.39934,0.10138,0.19653,0.49666,0.01034,0.00181,-3.42447,wage_share;g_out_1;g_emp_1_rel_ctry
196,Cyprus,23,Other non-metallic mineral products,2023,0.0227,Low,True,1.0,16,True,False,0.01685,0.08988,0.02358,0.0,0.0,0.04985,0.26737,0.28908,0.17992,0.39582,0.12297,0.24637,0.32828,0.01685,0.02284,-2.6296,g_out_1
196,Cyprus,24,Basic metals,2023,0.1385,Elevated,True,1.0,16,True,False,-0.07712,-0.14727,0.03425,3.0,0.8,-0.11064,-0.06667,0.30069,-0.06292,0.27161,0.05469,0.01133,0.23236,-0.07712,-0.08295,-4.60762,share_decline_5;g_emp_1;log_emp_share_ctry;g_emp_1_rel_ctry
196,Cyprus,25,"Fabricated metal products, except machinery",2023,0.0177,Low,True,1.0,16,True,False,0.02198,0.15026,0.0466,0.0,0.2,0.06215,0.12952,0.30992,0.10934,0.38281,0.0794,0.10523,0.4223,0.02198,0.00869,-2.10819,g_out_1;g_va_1;g_prod_1
196,Cyprus,26,"Computer, electronic and optical products",2023,0.0227,Low,True,1.0,16,True,False,0.00308,0.11835,0.02157,0.0,0.0,0.05907,0.25846,-0.0013,0.1367,0.21987,0.11866,0.2546,0.51185,0.00308,-0.01509,-4.0109,wage_share;log_emp_share_ctry;g_va_3;g_emp_1_rel_ctry
196,Cyprus,28,Machinery and equipment n.e.c.,2023,0.0177,Low,True,1.0,16,True,False,-0.00385,-0.0651,0.02779,2.0,0.6,-0.04907,0.14447,0.20836,0.08373,0.16156,0.07801,0.14889,0.35258,-0.00385,-0.01522,-4.2429,log_emp_share_ctry;share_decline_5;g_emp_1;g_emp_1_rel_ctry
196,Cyprus,29,"Motor vehicles, trailers and semi-trailers",2023,0.0653,Watch,True,1.0,16,True,False,0.00621,0.14894,0.06134,0.0,0.2,0.04676,0.44457,0.60865,0.45972,0.75693,0.11972,0.43565,0.34278,0.00621,-0.00502,-5.40334,log_emp_share_ctry;g_emp_1_rel_ctry;g_emp_1
196,Cyprus,30,Other transport equipment,2023,0.2477,High,True,1.0,16,True,False,0.29808,2.0,0.2351,0.0,0.2,0.52325,0.29982,2.05044,0.18158,2.93892,0.57046,0.00134,0.45947,0.29808,0.24774,-5.58567,log_emp_share_ctry;vol_emp_5;wage_share;g_prod_1
196,Cyprus,31,Furniture,2023,0.0227,Low,True,1.0,16,True,False,0.0,0.11479,0.04851,0.0,0.2,0.0402,0.07873,0.21293,0.02266,0.2347,0.09548,0.07873,0.50118,0.0,0.03108,-3.57324,wage_share;g_emp_1_rel_ctry;g_emp_1;g_va_3
196,Cyprus,32,Other manufacturing,2023,0.038,Low,True,1.0,16,True,False,-0.03859,0.06111,0.06568,1.0,0.6,-0.01352,0.10579,0.40246,0.10848,0.50784,0.11001,0.15018,0.44837,-0.03859,-0.056,-4.14006,g_emp_1;log_emp_share_ctry;share_decline_5;g_emp_1_rel_ctry
196,Cyprus,33,Repair and installation of machinery/equipment,2023,0.117,Elevated,True,1.0,16,True,False,-0.0854,-0.0372,0.04829,1.0,0.6,-0.06267,0.02489,0.25335,0.055,0.34913,0.01689,0.12059,0.53589,-0.0854,-0.10601,-2.80662,g_emp_1;wage_share;g_emp_1_rel_ctry;share_decline_5
203,Czechia,10,Food products,2023,0.0,Low,True,0.938,16,True,False,-0.00669,-0.02664,0.00239,5.0,1.0,-0.01829,0.14943,0.23269,0.08978,,0.13617,0.15717,0.45543,0.01435,-0.02061,-2.55725,share_decline_5;g_emp_1;g_va_3;g_out_1
203,Czechia,11,Beverages,2023,0.0177,Low,True,0.938,16,True,False,-0.00635,0.00135,0.01583,1.0,0.4,-0.00575,0.16867,0.26828,0.16514,,0.12904,0.17613,0.2983,0.01469,-0.02936,-4.29579,log_emp_share_ctry;g_emp_1;g_out_1;g_va_3
203,Czechia,13,Textiles,2023,0.0227,Low,True,0.938,16,True,False,-0.03978,-0.04547,0.02417,5.0,1.0,-0.04974,0.09851,0.06416,-0.03292,,0.09888,0.14403,0.52463,-0.01875,-0.02574,-3.999,share_decline_5;wage_share;g_emp_1;log_emp_share_ctry
203,Czechia,14,Wearing apparel,2023,0.0227,Low,True,0.938,16,True,False,-0.04049,-0.11371,0.00956,5.0,1.0,-0.08152,0.0937,0.14658,0.08311,,0.1324,0.13985,0.44875,-0.01945,-0.03111,-4.44218,share_decline_5;log_emp_share_ctry;g_emp_1;g_emp_1_rel_ctry
203,Czechia,15,Leather and related products,2023,0.117,Elevated,True,0.938,16,True,False,-0.05313,-0.16775,0.02353,5.0,1.0,-0.12258,0.21488,0.24861,0.19138,,0.07577,0.28305,0.50546,-0.03209,-0.01736,-5.83511,share_decline_5;log_emp_share_ctry;g_emp_1;wage_share
203,Czechia,16,"Wood products, excluding furniture",2023,0.0227,Low,True,0.938,16,True,False,-0.04499,-0.04117,0.01731,1.0,0.6,-0.03879,-0.20339,-0.0518,-0.13302,,0.04063,-0.16586,0.39371,-0.02395,-0.0195,-3.68836,g_emp_1;share_decline_5;g_emp_1_rel_ctry;g_va_3
203,Czechia,17,Paper and paper products,2023,0.0517,Watch,True,0.938,16,True,False,-0.01588,0.00569,0.01392,1.0,0.4,-0.00263,-0.07068,0.05445,-0.07949,,0.10708,-0.05569,0.40438,0.00516,-0.03133,-3.99228,log_emp_share_ctry;g_emp_1;g_va_3;g_emp_1_rel_ctry
203,Czechia,18,Printing and reproduction of recorded media,2023,0.038,Low,True,0.938,16,True,False,-0.02815,-0.03381,0.02211,1.0,0.8,-0.03114,0.09573,0.22475,0.01098,,0.09734,0.12746,0.41068,-0.00711,-0.01146,-4.28117,share_decline_5;log_emp_share_ctry;g_emp_1;g_emp_1_rel_ctry
203,Czechia,20,Chemicals and chemical products,2023,0.0653,Watch,True,0.938,16,True,False,-0.00483,-0.00053,0.0117,1.0,0.6,-0.00596,-0.27201,0.97398,-0.11763,,0.1077,-0.26848,0.27632,0.01621,-0.01302,-3.59718,share_decline_5;g_emp_1;g_va_1;g_prod_1
203,Czechia,21,"Pharmaceuticals,medicinal chemicals, etc.",2023,0.0227,Low,True,0.938,16,True,False,0.01569,0.02034,0.00937,0.0,0.0,0.01726,0.28257,0.33492,0.17812,,0.17345,0.26277,0.2756,0.03672,-0.00841,-4.58486,log_emp_share_ctry;g_out_1
203,Czechia,22,Rubber and plastics products,2023,0.0227,Low,True,0.938,16,True,False,-0.01942,-0.05137,0.01224,5.0,1.0,-0.04312,0.13289,0.14313,0.02439,,0.11318,0.15532,0.42582,0.00162,-0.02795,-2.62196,share_decline_5;g_emp_1;g_emp_1_rel_ctry;g_va_3
203,Czechia,23,Other non-metallic mineral products,2023,0.038,Low,True,0.938,16,True,False,-0.04624,-0.02738,0.02518,1.0,0.6,-0.03698,-0.01297,0.33017,-0.05295,,0.06265,0.03488,0.36754,-0.0252,-0.04025,-3.12181,g_emp_1;share_decline_5;g_emp_1_rel_ctry;g_wages_1
203,Czechia,24,Basic metals,2023,0.038,Low,True,0.938,16,True,False,-0.02785,-0.0459,0.01801,1.0,0.8,-0.03586,-0.13825,0.28239,-0.18448,,0.07484,-0.11356,0.52846,-0.00682,-0.03369,-3.3284,share_decline_5;wage_share;g_emp_1;g_emp_1_rel_ctry
203,Czechia,25,"Fabricated metal products, except machinery",2023,0.0278,Low,True,0.938,16,True,False,-0.0338,-0.02194,0.01933,1.0,0.6,-0.02811,0.07041,0.2838,-0.00268,,0.09652,0.10786,0.43943,-0.01277,-0.04709,-2.01585,g_emp_1;share_decline_5;g_emp_1_rel_ctry;g_out_1
203,Czechia,26,"Computer, electronic and optical products",2023,0.0177,Low,True,0.938,16,True,False,0.00904,0.06355,0.05013,0.0,0.4,0.03221,0.12354,-0.00987,-0.01313,,0.14942,0.11348,0.44373,0.03007,-0.00913,-3.25768,g_va_3;g_out_1;g_va_1;g_prod_1
203,Czechia,27,Electrical equipment,2023,0.0227,Low,True,0.938,16,True,False,-0.00326,0.00938,0.02189,1.0,0.4,-0.00415,0.23636,0.34386,0.12689,,0.14472,0.2404,0.45658,0.01778,-0.02412,-2.41399,g_emp_1;wage_share;g_out_1;g_emp_3
203,Czechia,28,Machinery and equipment n.e.c.,2023,0.0177,Low,True,0.938,16,True,False,-0.02266,-0.04774,0.01831,5.0,1.0,-0.04099,0.1803,0.23978,0.07478,,0.10848,0.20767,0.50489,-0.00162,-0.03402,-2.25681,share_decline_5;wage_share;g_emp_1;g_emp_1_rel_ctry
203,Czechia,29,"Motor vehicles, trailers and semi-trailers",2023,0.0517,Watch,True,0.938,16,True,False,0.00032,-0.02616,0.01468,0.0,0.6,-0.0225,0.39857,0.40006,0.25541,,0.1652,0.39812,0.39879,0.02136,-0.01092,-1.86575,share_decline_5;g_emp_1;g_emp_3;g_out_1
203,Czechia,30,Other transport equipment,2023,0.0366,Low,True,0.938,16,True,False,0.02612,0.09987,0.03174,0.0,0.4,0.04888,0.29131,0.51775,0.26571,,0.21688,0.25843,0.47626,0.04716,-0.02421,-3.80084,wage_share;log_emp_share_ctry;g_out_1
203,Czechia,31,Furniture,2023,0.0653,Watch,True,0.938,16,True,False,-0.0675,-0.10183,0.02127,5.0,1.0,-0.08404,0.00477,0.10998,-0.06272,,0.04772,0.07749,0.50084,-0.04646,-0.03642,-4.15023,share_decline_5;g_emp_1;log_emp_share_ctry;wage_share
203,Czechia,32,Other manufacturing,2023,0.0278,Low,True,0.938,16,True,False,-0.03514,0.00033,0.02045,1.0,0.6,-0.01388,0.07876,0.17365,-0.00851,,0.08646,0.11805,0.49242,-0.0141,-0.05255,-3.49352,g_emp_1;share_decline_5;wage_share;g_emp_1_rel_ctry
203,Czechia,33,Repair and installation of machinery/equipment,2023,0.0177,Low,True,0.938,16,True,False,0.01733,0.04778,0.02338,0.0,0.2,0.02427,0.17394,0.3539,0.15946,,0.16995,0.15395,0.45228,0.03836,-0.00328,-3.23848,g_out_1
208,Denmark,10,Food products,2023,0.0227,Low,True,0.938,16,True,False,-0.01932,0.01095,0.02088,1.0,0.4,0.00384,0.09801,0.00318,-0.01531,,0.04866,0.11964,0.61655,-0.01771,-0.03324,-1.80437,wage_share;g_emp_1;g_emp_1_rel_ctry;g_va_3
208,Denmark,11,Beverages,2023,0.0227,Low,True,0.938,16,True,False,0.04141,0.20991,0.0315,0.0,0.2,0.1035,0.18202,0.11209,0.15371,,0.13975,0.13502,0.56016,0.04301,0.0184,-4.36935,wage_share;log_emp_share_ctry;g_va_3;g_out_1
208,Denmark,12,Tobacco products,2023,0.1385,Elevated,True,0.938,16,True,False,-0.26489,0.41692,0.42098,1.0,0.33333,0.04024,-0.58977,-0.32679,-0.48912,,-0.11465,-0.44195,0.6296,-0.26329,-0.2707,-6.56752,g_emp_1;log_emp_share_ctry;vol_emp_5;g_emp_1_rel_ctry
208,Denmark,13,Textiles,2023,0.0653,Watch,True,0.938,16,True,False,-0.03859,-0.0669,0.03096,2.0,0.8,-0.067,-0.01655,-0.19487,-0.11147,,0.04949,0.02292,0.68455,-0.03698,-0.02454,-4.7405,share_decline_5;wage_share;log_emp_share_ctry;g_emp_1
208,Denmark,14,Wearing apparel,2023,0.1385,Elevated,True,0.938,16,True,False,0.08573,0.13058,0.07173,0.0,0.4,0.1019,-0.10206,0.05081,-0.01829,,0.13021,-0.17297,0.59656,0.08734,0.09511,-5.28151,log_emp_share_ctry;wage_share;g_va_3;g_prod_1
208,Denmark,15,Leather and related products,2023,,Insufficient data,False,0.562,16,True,False,-0.12329,,0.06183,2.0,1.0,-0.5244,,,,,,,1.54545,-0.12168,-0.08751,-7.8661,
208,Denmark,16,"Wood products, excluding furniture",2023,0.1385,Elevated,True,0.938,16,True,False,-0.08568,-0.01203,0.05219,1.0,0.4,-0.02411,-0.10828,0.03075,-0.11814,,-0.01722,-0.02472,0.68397,-0.08407,-0.06019,-3.75612,wage_share;g_emp_1;g_emp_1_rel_ctry;g_wages_1
208,Denmark,17,Paper and paper products,2023,0.0517,Watch,True,0.938,16,True,False,-0.00427,-0.00427,0.01856,2.0,0.6,-0.0024,0.07246,-0.25562,-0.05099,,0.04254,0.07706,0.63941,-0.00266,-0.01972,-4.27007,wage_share;log_emp_share_ctry;share_decline_5;g_va_3
208,Denmark,18,Printing and reproduction of recorded media,2023,0.1385,Elevated,True,0.938,16,True,False,-0.05335,-0.10066,0.04641,2.0,0.8,-0.10618,-0.02346,-0.14854,-0.03289,,0.01514,0.03157,0.77022,-0.05174,-0.03666,-4.46672,wage_share;share_decline_5;log_emp_share_ctry;g_emp_1
208,Denmark,19,Coke and refined petroleum products,2023,,Insufficient data,False,0.438,16,True,False,0.07961,,,0.0,0.0,0.07474,,,,,,,,0.08121,0.07623,-6.06785,
208,Denmark,20,Chemicals and chemical products,2023,0.0227,Low,True,0.938,16,True,False,-0.01083,0.03897,0.03947,2.0,0.4,0.00589,-0.03597,-0.19922,-0.03339,,0.0674,-0.02542,0.50597,-0.00922,-0.01902,-3.27588,wage_share;g_va_3;g_emp_1;g_emp_1_rel_ctry
208,Denmark,21,"Pharmaceuticals,medicinal chemicals, etc.",2023,,Insufficient data,False,0.562,16,True,False,0.17495,0.37913,0.04729,0.0,0.0,0.17897,,,,,,,,0.17655,0.15085,-2.23309,
208,Denmark,22,Rubber and plastics products,2023,0.0653,Watch,True,0.938,16,True,False,-0.05583,-0.07193,0.02088,4.0,0.8,-0.05562,0.11742,-0.09606,-0.06229,,-0.01016,0.18349,0.62498,-0.05422,-0.06437,-3.35053,share_decline_5;wage_share;g_emp_1;g_emp_1_rel_ctry
208,Denmark,23,Other non-metallic mineral products,2023,0.0517,Watch,True,0.938,16,True,False,-0.05146,0.00875,0.0337,1.0,0.6,-0.01829,-0.01567,-0.07014,-0.05417,,-0.01802,0.03773,0.66233,-0.04985,-0.04547,-3.15889,wage_share;g_emp_1;share_decline_5;g_emp_1_rel_ctry
208,Denmark,24,Basic metals,2023,0.0227,Low,True,0.938,16,True,False,0.02227,0.19114,0.061,0.0,0.4,0.07632,-0.07106,0.21726,-0.08822,,0.07659,-0.0913,0.68566,0.02387,0.01644,-4.10399,wage_share;log_emp_share_ctry;g_va_1;g_prod_1
208,Denmark,25,"Fabricated metal products, except machinery",2023,0.0227,Low,True,0.938,16,True,False,0.00106,0.04481,0.03051,0.0,0.6,0.01958,0.07979,0.0556,0.00804,,0.05562,0.07865,0.69614,0.00266,-0.01223,-2.28286,wage_share;share_decline_5;g_va_3;g_emp_1_rel_ctry
208,Denmark,26,"Computer, electronic and optical products",2023,0.0,Low,True,0.938,16,True,False,0.02547,0.05313,0.02192,0.0,0.4,0.02508,0.15656,0.19941,0.12952,,0.08172,0.12784,0.5476,0.02707,0.00731,-2.9268,wage_share;g_va_3;g_out_1
208,Denmark,27,Electrical equipment,2023,0.0227,Low,True,0.938,16,True,False,0.00982,0.17791,0.05311,0.0,0.2,0.08929,-0.01486,0.10091,-0.00839,,0.04364,-0.02444,0.6693,0.01143,-0.01104,-3.34916,wage_share;g_wages_1;g_va_3;g_out_1
208,Denmark,28,Machinery and equipment n.e.c.,2023,0.0517,Watch,True,0.938,16,True,False,0.02922,0.0691,0.03897,0.0,0.4,0.04826,0.15161,-0.27811,0.06893,,0.11212,0.11891,1.03891,0.03083,0.01786,-1.62608,wage_share;g_va_3;g_out_1;g_prod_1
208,Denmark,29,"Motor vehicles, trailers and semi-trailers",2023,0.038,Low,True,0.938,16,True,False,0.05655,0.1084,0.06446,0.0,0.4,0.05607,0.22301,0.23329,0.14038,,0.1507,0.15755,0.65679,0.05816,0.04532,-4.42458,wage_share;log_emp_share_ctry;g_va_3;g_out_1
208,Denmark,30,Other transport equipment,2023,0.0227,Low,True,0.938,16,True,False,0.03244,0.11872,0.01372,0.0,0.0,0.06812,0.1829,0.08282,0.13429,,0.11345,0.14573,0.72184,0.03404,-0.0179,-4.67286,wage_share;log_emp_share_ctry;g_va_3;g_out_1
208,Denmark,31,Furniture,2023,0.117,Elevated,True,0.938,16,True,False,-0.1024,0.02244,0.06618,1.0,0.6,-0.02412,-0.11723,-0.16525,-0.11429,,-0.03675,-0.01653,0.72545,-0.1008,-0.07132,-3.57094,wage_share;g_emp_1;g_emp_1_rel_ctry;share_decline_5
208,Denmark,32,Other manufacturing,2023,0.0177,Low,True,0.938,16,True,False,0.05743,0.21129,0.03887,0.0,0.2,0.11051,-0.04203,0.14052,0.00469,,0.07608,-0.09406,0.27079,0.05904,0.04002,-3.13436,g_va_3;g_prod_1;g_va_1;g_out_1
208,Denmark,33,Repair and installation of machinery/equipment,2023,0.0227,Low,True,0.938,16,True,False,-0.00844,0.12088,0.03206,1.0,0.4,0.05661,0.13255,0.24947,0.04547,,0.08703,0.14219,0.67667,-0.00683,-0.02905,-3.30722,wage_share;g_emp_1;g_emp_1_rel_ctry;g_out_1
214,Dominican Republic,10,Food products,2023,,Insufficient data,False,0.125,16,True,False,,,,0.0,,,,,,,0.13364,,,,,,
214,Dominican Republic,11,Beverages,2023,,Insufficient data,False,0.125,16,True,False,,,,0.0,,,,,,,0.05577,,,,,,
214,Dominican Republic,12,Tobacco products,2023,,Insufficient data,False,0.125,16,True,False,,,,0.0,,,,,,,0.11886,,,,,,
214,Dominican Republic,13,Textiles,2023,,Insufficient data,False,0.125,16,True,False,,,,0.0,,,,,,,0.12693,,,,,,
214,Dominican Republic,14,Wearing apparel,2023,,Insufficient data,False,0.125,16,True,False,,,,0.0,,,,,,,0.10154,,,,,,
214,Dominican Republic,15,Leather and related products,2023,,Insufficient data,False,0.125,16,True,False,,,,0.0,,,,,,,0.08012,,,,,,
214,Dominican Republic,16,"Wood products, excluding furniture",2023,,Insufficient data,False,0.125,16,True,False,,,,0.0,,,,,,,0.14834,,,,,,
214,Dominican Republic,17,Paper and paper products,2023,,Insufficient data,False,0.125,16,True,False,,,,0.0,,,,,,,0.09742,,,,,,
214,Dominican Republic,18,Printing and reproduction of recorded media,2023,,Insufficient data,False,0.125,16,True,False,,,,0.0,,,,,,,0.11244,,,,,,
214,Dominican Republic,19,Coke and refined petroleum products,2023,,Insufficient data,False,0.125,16,True,False,,,,0.0,,,,,,,0.1429,,,,,,
214,Dominican Republic,20,Chemicals and chemical products,2023,,Insufficient data,False,0.125,16,True,False,,,,0.0,,,,,,,0.08436,,,,,,
214,Dominican Republic,21,"Pharmaceuticals,medicinal chemicals, etc.",2023,,Insufficient data,False,0.125,16,True,False,,,,0.0,,,,,,,-0.03681,,,,,,
214,Dominican Republic,22,Rubber and plastics products,2023,,Insufficient data,False,0.125,16,True,False,,,,0.0,,,,,,,0.30891,,,,,,
214,Dominican Republic,23,Other non-metallic mineral products,2023,,Insufficient data,False,0.125,16,True,False,,,,0.0,,,,,,,-0.02733,,,,,,
214,Dominican Republic,24,Basic metals,2023,,Insufficient data,False,0.125,16,True,False,,,,0.0,,,,,,,0.1479,,,,,,
214,Dominican Republic,25,"Fabricated metal products, except machinery",2023,,Insufficient data,False,0.125,16,True,False,,,,0.0,,,,,,,0.17722,,,,,,
214,Dominican Republic,26,"Computer, electronic and optical products",2023,,Insufficient data,False,0.125,16,True,False,,,,0.0,,,,,,,0.07814,,,,,,
214,Dominican Republic,27,Electrical equipment,2023,,Insufficient data,False,0.125,16,True,False,,,,0.0,,,,,,,0.05049,,,,,,
214,Dominican Republic,28,Machinery and equipment n.e.c.,2023,,Insufficient data,False,0.125,16,True,False,,,,0.0,,,,,,,0.12729,,,,,,
214,Dominican Republic,29,"Motor vehicles, trailers and semi-trailers",2023,,Insufficient data,False,0.125,16,True,False,,,,0.0,,,,,,,0.03596,,,,,,
214,Dominican Republic,30,Other transport equipment,2023,,Insufficient data,False,0.125,16,True,False,,,,0.0,,,,,,,-0.11104,,,,,,
214,Dominican Republic,31,Furniture,2023,,Insufficient data,False,0.125,16,True,False,,,,0.0,,,,,,,0.16279,,,,,,
214,Dominican Republic,32,Other manufacturing,2023,,Insufficient data,False,0.125,16,True,False,,,,0.0,,,,,,,0.18019,,,,,,
214,Dominican Republic,33,Repair and installation of machinery/equipment,2023,,Insufficient data,False,0.125,16,True,False,,,,0.0,,,,,,,0.04993,,,,,,
218,Ecuador,10,Food products,2023,0.0278,Low,True,1.0,16,True,False,0.01285,0.0994,0.03299,0.0,0.2,0.04983,0.01293,0.20414,-0.02127,0.39618,0.03204,8e-05,0.36123,-0.0976,-0.00107,-0.60863,g_emp_1_rel_ctry;g_wages_1;g_va_3;g_out_1
218,Ecuador,11,Beverages,2023,0.0227,Low,True,1.0,16,True,False,0.08618,0.10111,0.07589,0.0,0.4,0.05414,0.02085,0.10656,0.02816,0.32739,-0.02951,-0.06014,0.23383,-0.02427,0.06316,-3.41019,g_wages_1;g_emp_1_rel_ctry;g_va_3;g_prod_1
218,Ecuador,13,Textiles,2023,0.0366,Low,True,1.0,16,True,False,-0.00436,-0.04519,0.03803,1.0,0.6,-0.04066,-0.14521,0.23662,-0.19295,0.44693,-0.07493,-0.14147,0.44668,-0.11481,0.00968,-3.90007,g_emp_1_rel_ctry;g_wages_1;share_decline_5;log_emp_share_ctry
218,Ecuador,14,Wearing apparel,2023,0.117,Elevated,True,1.0,16,True,False,0.22396,0.45167,0.18619,0.0,0.4,0.18647,0.08475,1.04249,0.13735,0.86285,0.31293,-0.11373,0.47435,0.11351,0.23333,-4.03322,vol_emp_5;log_emp_share_ctry;wage_share;g_prod_1
218,Ecuador,15,Leather and related products,2023,0.2136,High,True,1.0,16,True,False,0.53728,0.23476,0.26597,0.0,0.6,0.20236,0.34734,0.78466,0.11811,0.70897,0.32161,-0.12356,0.43198,0.42683,0.57306,-4.58145,vol_emp_5;log_emp_share_ctry;share_decline_5;g_prod_1
218,Ecuador,16,"Wood products, excluding furniture",2023,0.0653,Watch,True,1.0,16,True,False,-0.13994,-0.30781,0.14491,1.0,0.4,-0.19081,0.02892,-0.09398,-0.11062,-0.21111,-0.02818,0.19634,0.25308,-0.25039,-0.11445,-4.24115,g_emp_1;g_emp_1_rel_ctry;log_emp_share_ctry;vol_emp_5
218,Ecuador,17,Paper and paper products,2023,0.0227,Low,True,1.0,16,True,False,0.13217,0.12284,0.06013,0.0,0.6,0.08966,-0.22814,0.07435,-0.1155,0.30413,0.10351,-0.31824,0.27681,0.02172,0.11672,-3.14914,share_decline_5;g_va_3;g_prod_1;g_va_1
218,Ecuador,18,Printing and reproduction of recorded media,2023,0.2477,High,True,1.0,16,True,False,-0.17393,-0.3807,0.1074,1.0,0.8,-0.36818,-0.09409,-0.03762,-0.13118,0.01929,-0.08765,0.09665,0.40551,-0.28438,-0.15724,-4.72063,g_emp_1;share_decline_5;g_emp_1_rel_ctry;log_emp_share_ctry
218,Ecuador,19,Coke and refined petroleum products,2023,0.1385,Elevated,True,0.938,16,True,False,0.05625,-0.0078,0.05323,0.0,0.6,0.00989,0.19974,,-0.09889,0.89727,-0.16158,0.13585,0.68888,-0.0542,0.05287,-3.92536,wage_share;g_wages_1;g_emp_1_rel_ctry;share_decline_5
218,Ecuador,20,Chemicals and chemical products,2023,0.0227,Low,True,1.0,16,True,False,0.11045,0.20411,0.06176,0.0,0.2,0.11506,0.10458,0.40439,-0.00908,0.44498,0.03447,-0.00529,0.26801,0.0,0.10225,-3.12644,g_wages_1;g_emp_1_rel_ctry;g_out_1;g_prod_1
218,Ecuador,21,"Pharmaceuticals,medicinal chemicals, etc.",2023,0.0227,Low,True,1.0,16,True,False,0.13926,0.24491,0.07701,0.0,0.4,0.13301,0.05498,0.11217,0.06552,0.22799,0.11043,-0.07398,0.43115,0.02881,0.11516,-3.73502,log_emp_share_ctry;g_va_3;g_prod_1;g_out_3
218,Ecuador,22,Rubber and plastics products,2023,0.0177,Low,True,1.0,16,True,False,0.05306,0.10371,0.02797,0.0,0.2,0.05975,0.1324,0.32867,-0.08685,0.36702,0.04546,0.07535,0.3023,-0.05739,0.04452,-2.85787,g_emp_1_rel_ctry;g_wages_1;g_out_1;g_prod_1
218,Ecuador,23,Other non-metallic mineral products,2023,0.0653,Watch,True,1.0,16,True,False,-0.02383,0.18157,0.1372,1.0,0.6,0.00361,-0.01267,0.4802,-0.04555,0.63282,-0.03451,0.01144,0.18242,-0.13428,-0.01785,-3.53834,g_emp_1_rel_ctry;share_decline_5;g_emp_1;g_wages_1
218,Ecuador,24,Basic metals,2023,0.0653,Watch,True,1.0,16,True,False,0.21247,0.28244,0.09972,0.0,0.4,0.16405,0.08453,0.61942,-0.10105,0.47774,0.11508,-0.10551,0.21,0.10202,0.20663,-3.51452,g_prod_1;g_out_1;vol_emp_5;g_va_1
218,Ecuador,25,"Fabricated metal products, except machinery",2023,0.294,High,True,1.0,16,True,False,0.41726,0.40273,0.20297,0.0,0.6,0.24575,-0.01314,0.12981,-0.01996,0.52988,0.13272,-0.30369,0.35146,0.30681,0.40398,-3.74379,vol_emp_5;share_decline_5;log_emp_share_ctry;g_prod_1
218,Ecuador,26,"Computer, electronic and optical products",2023,0.4773,High,True,1.0,16,True,False,0.90115,1.18977,0.39853,0.0,0.4,0.51763,-0.0069,1.00528,-0.39202,0.27185,0.11532,-0.47763,0.22196,0.7907,0.88298,-5.13535,vol_emp_5;log_emp_share_ctry;g_prod_1;g_out_1
218,Ecuador,27,Electrical equipment,2023,0.0653,Watch,True,1.0,16,True,False,-0.01787,0.04886,0.06381,1.0,0.4,-0.01492,0.28783,0.49785,0.05827,0.49299,0.05945,0.31126,0.30172,-0.12832,-0.03873,-3.80843,g_emp_1_rel_ctry;g_emp_1;log_emp_share_ctry;g_wages_1
218,Ecuador,28,Machinery and equipment n.e.c.,2023,0.2477,High,True,1.0,16,True,False,-0.05322,0.30781,0.17085,1.0,0.4,0.07828,-0.0682,0.27386,-0.11687,0.52692,-0.05519,-0.01582,0.41712,-0.16367,-0.06458,-4.88294,log_emp_share_ctry;g_emp_1_rel_ctry;g_emp_1;vol_emp_5
218,Ecuador,29,"Motor vehicles, trailers and semi-trailers",2023,0.1385,Elevated,True,1.0,16,True,False,0.35885,0.31554,0.22717,0.0,0.4,0.12445,0.49361,5.47206,0.33514,1.48793,0.36746,0.09918,0.28196,0.2484,0.34761,-4.91689,log_emp_share_ctry;vol_emp_5;g_prod_1
218,Ecuador,30,Other transport equipment,2023,0.1385,Elevated,True,1.0,16,True,False,0.08797,0.18015,0.07833,0.0,0.4,0.08501,0.10054,0.47928,-0.0864,0.19119,0.01253,0.01155,0.36153,-0.02248,0.03763,-4.9826,log_emp_share_ctry;g_emp_1_rel_ctry;g_wages_1;g_out_3
218,Ecuador,31,Furniture,2023,0.0653,Watch,True,1.0,16,True,False,0.20426,0.22036,0.10394,0.0,0.4,0.12648,0.11541,0.31329,-0.11727,0.2761,0.00797,-0.07378,0.37475,0.09381,0.23534,-4.02823,log_emp_share_ctry;g_wages_1;vol_emp_5;g_out_1
218,Ecuador,32,Other manufacturing,2023,0.1772,Elevated,True,1.0,16,True,False,0.19271,-0.1993,0.2324,0.0,0.6,-0.17061,0.27023,0.17208,0.70159,0.15802,0.10287,0.065,0.30964,0.08226,0.1753,-6.8923,log_emp_share_ctry;vol_emp_5;share_decline_5;emp_dev5
218,Ecuador,33,Repair and installation of machinery/equipment,2023,0.1385,Elevated,True,1.0,16,True,False,0.22614,1.07369,0.25784,0.0,0.2,0.32884,0.1903,1.44263,0.20606,1.18775,0.15445,-0.02924,0.4187,0.11569,0.20554,-4.38366,vol_emp_5;log_emp_share_ctry;g_prod_1;g_out_1
233,Estonia,10,Food products,2023,0.038,Low,True,0.938,16,True,False,-0.02185,-0.03423,0.015,1.0,0.6,-0.01931,0.23274,0.14228,0.08766,,0.12188,0.26028,0.4874,0.0,-0.03577,-2.12315,share_decline_5;g_emp_1;wage_share;g_emp_1_rel_ctry
233,Estonia,11,Beverages,2023,0.0177,Low,True,0.938,16,True,False,0.00127,0.08678,0.03311,0.0,0.2,0.05725,0.15063,0.235,0.11623,,0.13816,0.14918,0.40336,0.02312,-0.02174,-4.20599,log_emp_share_ctry;g_emp_1;g_va_3;g_out_1
233,Estonia,12,Tobacco products,2023,,Insufficient data,False,0.062,16,True,False,,,,0.0,,,,,,,,,,,,,
233,Estonia,13,Textiles,2023,0.2136,High,True,0.938,16,True,False,-0.07878,-0.17286,0.03457,4.0,0.8,-0.13056,0.07174,-0.17394,0.00225,,0.07609,0.1634,0.60626,-0.05693,-0.06474,-3.43075,share_decline_5;wage_share;g_emp_1;g_emp_1_rel_ctry
233,Estonia,14,Wearing apparel,2023,0.0653,Watch,True,0.938,16,True,False,-0.03793,-0.09828,0.03915,1.0,0.8,-0.08591,0.12645,0.17273,-0.02257,,0.10171,0.17086,0.59626,-0.01608,-0.02856,-3.28036,share_decline_5;wage_share;g_emp_1;g_emp_1_rel_ctry
233,Estonia,15,Leather and related products,2023,0.1385,Elevated,True,0.938,16,True,False,0.00513,-0.2139,0.06183,0.0,0.8,-0.13858,0.33137,0.04132,0.12791,,0.13151,0.32457,0.57973,0.02698,0.0409,-5.19317,share_decline_5;log_emp_share_ctry;wage_share;emp_dev5
233,Estonia,16,"Wood products, excluding furniture",2023,0.038,Low,True,0.938,16,True,False,-0.07828,-0.03652,0.0453,2.0,0.8,-0.05193,-0.29896,0.01378,-0.21171,,-0.00326,-0.23942,0.51308,-0.05643,-0.05279,-1.8498,share_decline_5;g_emp_1;wage_share;g_emp_1_rel_ctry
233,Estonia,17,Paper and paper products,2023,0.1385,Elevated,True,0.938,16,True,False,0.00399,0.0211,0.04188,0.0,0.6,-0.00792,-0.55675,-0.34818,-0.32357,,0.00695,-0.55851,0.82748,0.02584,-0.01146,-4.43262,wage_share;log_emp_share_ctry;share_decline_5;g_va_3
233,Estonia,18,Printing and reproduction of recorded media,2023,0.0653,Watch,True,0.938,16,True,False,-0.02857,-0.10115,0.0413,4.0,0.8,-0.07819,0.06162,0.06058,0.02126,,0.10078,0.09284,0.54726,-0.00672,-0.01188,-3.80943,share_decline_5;wage_share;g_emp_1;log_emp_share_ctry
233,Estonia,19,Coke and refined petroleum products,2023,0.0653,Watch,True,0.938,16,True,False,0.01602,0.01261,0.03203,0.0,0.66667,-0.0062,-0.28833,0.61978,-0.04128,,0.17139,-0.29955,0.27781,0.03787,0.01264,-4.47567,share_decline_5;log_emp_share_ctry;g_va_1;g_prod_1
233,Estonia,20,Chemicals and chemical products,2023,0.1772,Elevated,True,0.938,16,True,False,-0.03402,-0.05467,0.03091,2.0,0.4,-0.0393,-0.2984,-0.24153,-0.27034,,0.12602,-0.27369,0.5618,-0.01217,-0.04222,-3.82924,wage_share;g_emp_1;g_va_3;log_emp_share_ctry
233,Estonia,21,"Pharmaceuticals,medicinal chemicals, etc.",2023,0.038,Low,True,0.938,16,True,False,0.06573,0.14937,0.05667,0.0,0.2,0.11966,0.23937,-0.03339,0.15559,,0.26322,0.16294,0.67602,0.08758,0.04163,-5.4518,wage_share;log_emp_share_ctry;g_va_3;g_out_1
233,Estonia,22,Rubber and plastics products,2023,0.0653,Watch,True,0.938,16,True,False,-0.05163,0.01725,0.03901,1.0,0.4,-0.01662,0.06606,0.16205,-0.07674,,0.04692,0.1241,0.49203,-0.02978,-0.06017,-3.22992,g_emp_1;wage_share;g_emp_1_rel_ctry;g_wages_1
233,Estonia,23,Other non-metallic mineral products,2023,0.0653,Watch,True,0.938,16,True,False,-0.06179,-0.05533,0.04846,2.0,0.6,-0.07195,-0.05033,0.16721,-0.06019,,-0.0049,0.01222,0.53132,-0.03993,-0.0558,-3.24751,g_emp_1;wage_share;share_decline_5;g_emp_1_rel_ctry
233,Estonia,24,Basic metals,2023,0.2136,High,True,0.938,16,True,False,-0.16327,0.00985,0.10282,1.0,0.2,-0.05165,-0.08074,0.2853,-0.12295,,0.06912,0.09863,0.5746,-0.14141,-0.1691,-5.14828,g_emp_1;log_emp_share_ctry;wage_share;g_emp_1_rel_ctry
233,Estonia,25,"Fabricated metal products, except machinery",2023,0.0366,Low,True,0.938,16,True,False,-0.02935,0.03928,0.03742,1.0,0.4,0.0034,-0.00558,0.22334,-0.09072,,0.06989,0.02448,0.57059,-0.0075,-0.04263,-2.0599,wage_share;g_emp_1;g_emp_1_rel_ctry;g_out_1
233,Estonia,26,"Computer, electronic and optical products",2023,0.0517,Watch,True,0.938,16,True,False,0.0025,0.18221,0.07051,0.0,0.4,0.09156,0.11932,0.244,-0.02103,,0.14005,0.11653,0.54609,0.02435,-0.01566,-2.74243,wage_share;g_emp_1;g_out_1;g_va_3
233,Estonia,27,Electrical equipment,2023,0.0227,Low,True,0.938,16,True,False,-0.02055,0.03172,0.02828,1.0,0.6,0.00316,0.14687,0.28454,0.04133,,0.11525,0.17094,0.51639,0.0013,-0.04142,-2.84602,wage_share;share_decline_5;g_emp_1;g_emp_1_rel_ctry
233,Estonia,28,Machinery and equipment n.e.c.,2023,0.0278,Low,True,0.938,16,True,False,-0.04,-0.00898,0.0279,2.0,0.8,-0.02146,0.00535,0.28227,-0.0309,,0.06776,0.04723,0.51406,-0.01815,-0.05136,-3.31044,share_decline_5;g_emp_1;wage_share;g_emp_1_rel_ctry
233,Estonia,29,"Motor vehicles, trailers and semi-trailers",2023,0.0653,Watch,True,0.938,16,True,False,0.02111,0.20252,0.04818,0.0,0.0,0.0901,0.30538,0.34499,0.07991,,0.18857,0.2784,0.5767,0.04296,0.00987,-3.37346,wage_share;g_out_1
233,Estonia,30,Other transport equipment,2023,0.0653,Watch,True,0.938,16,True,False,0.05332,0.19544,0.07782,0.0,0.2,0.14323,0.33243,0.45592,0.02607,,0.1359,0.26498,0.56833,0.07517,0.00298,-4.47567,wage_share;log_emp_share_ctry;g_out_1
233,Estonia,31,Furniture,2023,0.1385,Elevated,True,0.938,16,True,False,-0.11767,-0.10548,0.05667,2.0,0.8,-0.10528,0.0269,-0.05408,-0.06377,,-0.02019,0.16386,0.59704,-0.09582,-0.08659,-2.77417,share_decline_5;g_emp_1;wage_share;g_emp_1_rel_ctry
233,Estonia,32,Other manufacturing,2023,0.038,Low,True,0.938,16,True,False,0.01771,0.12516,0.04036,0.0,0.2,0.07346,0.04598,0.18856,-0.05646,,0.12924,0.02777,0.59626,0.03957,0.0003,-3.69023,wage_share;log_emp_share_ctry;g_va_3;g_out_1
233,Estonia,33,Repair and installation of machinery/equipment,2023,0.0366,Low,True,0.938,16,True,False,0.0196,0.03769,0.0717,0.0,0.4,0.01224,0.1502,0.36559,0.29713,,0.15547,0.12809,0.55648,0.04146,-0.001,-2.85632,wage_share;g_out_1
242,Fiji,10,Food products,2023,,Insufficient data,False,0.875,16,True,False,0.19085,0.06979,0.09531,0.0,0.6,0.08175,0.20029,0.81494,0.11744,0.33474,,0.00792,,0.0545,0.17693,-0.96251,
242,Fiji,11,Beverages,2023,,Insufficient data,False,0.875,16,True,False,0.27923,0.14453,0.12911,0.0,0.6,0.13362,-0.07328,0.06908,0.08042,0.38185,,-0.27557,,0.14288,0.25622,-2.58935,
242,Fiji,14,Wearing apparel,2023,,Insufficient data,False,0.875,16,True,False,0.04055,-0.0018,0.14008,0.0,0.6,0.00969,0.7973,0.63724,0.24347,0.17544,,0.72725,,-0.09579,0.04993,-1.60754,
242,Fiji,15,Leather and related products,2023,,Insufficient data,False,0.875,16,True,False,-0.44894,-0.45941,0.19749,1.0,0.8,-0.62267,-0.80912,-0.79871,-0.69872,-0.7134,,-0.65361,,-0.58529,-0.41317,-4.25953,
242,Fiji,16,"Wood products, excluding furniture",2023,,Insufficient data,False,0.875,16,True,False,0.12802,-0.17926,0.14566,0.0,0.6,-0.11249,-0.01649,-0.30433,-0.05098,-0.25377,,-0.12811,,-0.00833,0.15351,-3.16625,
242,Fiji,17,Paper and paper products,2023,,Insufficient data,False,0.875,16,True,False,-0.12271,-0.17177,0.07383,1.0,0.6,-0.15709,0.56944,0.44854,0.1525,0.67023,,0.78896,,-0.25906,-0.13816,-3.57279,
242,Fiji,18,Printing and reproduction of recorded media,2023,,Insufficient data,False,0.875,16,True,False,0.21652,0.05432,0.14759,0.0,0.4,0.04014,-0.04355,-0.08576,0.076,-0.07973,,-0.21379,,0.08018,0.23321,-3.94894,
242,Fiji,19,Coke and refined petroleum products,2023,,Insufficient data,False,0.875,16,True,False,-0.78571,-0.79452,0.36767,1.0,0.66667,-1.3173,0.83328,7.57146,0.52526,1.55158,,7.55529,,-0.92206,-0.7891,-7.29768,
242,Fiji,20,Chemicals and chemical products,2023,,Insufficient data,False,0.875,16,True,False,-0.0356,-0.11921,0.10418,1.0,0.6,-0.06998,-0.08354,0.12627,-0.03805,0.08645,,-0.04971,,-0.17195,-0.0438,-3.21002,
242,Fiji,22,Rubber and plastics products,2023,,Insufficient data,False,0.875,16,True,False,0.92941,0.65657,0.39657,0.0,0.4,0.42704,1.69022,1.73271,0.97828,0.76318,,0.39432,,0.79306,0.92087,-3.51957,
242,Fiji,23,Other non-metallic mineral products,2023,,Insufficient data,False,0.875,16,True,False,0.14468,0.06919,0.08776,0.0,0.2,0.1102,0.03251,0.33743,0.10627,0.5604,,-0.09799,,0.00833,0.15066,-3.10903,
242,Fiji,24,Basic metals,2023,,Insufficient data,False,0.875,16,True,False,0.48366,1.14151,0.17613,0.0,0.0,0.44271,0.53903,1.14391,0.37073,1.13771,,0.03732,,0.34731,0.47783,-4.58078,
242,Fiji,25,"Fabricated metal products, except machinery",2023,,Insufficient data,False,0.875,16,True,False,-0.01469,-0.15172,0.13583,4.0,0.8,-0.194,0.07444,0.03263,-0.15101,-0.18695,,0.09046,,-0.15103,-0.02797,-3.40178,
242,Fiji,29,"Motor vehicles, trailers and semi-trailers",2023,,Insufficient data,False,0.875,16,True,False,-0.08531,-0.035,0.43275,1.0,0.6,-0.0426,0.21638,0.35634,0.08825,0.01018,,0.32982,,-0.22166,-0.09654,-4.74304,
242,Fiji,30,Other transport equipment,2023,,Insufficient data,False,0.875,16,True,False,0.4,0.29078,0.21953,0.0,0.6,0.17881,0.57862,0.18848,0.36448,0.22087,,0.12759,,0.26365,0.34966,-4.80172,
242,Fiji,31,Furniture,2023,,Insufficient data,False,0.875,16,True,False,0.49611,0.15348,0.24671,0.0,0.6,0.20359,0.21501,0.40421,0.10788,0.09814,,-0.18789,,0.35976,0.52719,-3.13671,
242,Fiji,32,Other manufacturing,2023,,Insufficient data,False,0.875,16,True,False,-0.28492,-0.36946,0.1996,1.0,0.6,-0.33312,-0.01379,0.03048,0.04369,0.10852,,0.37916,,-0.42126,-0.30233,-5.1537,
242,Fiji,33,Repair and installation of machinery/equipment,2023,,Insufficient data,False,0.875,16,True,False,0.44186,0.32479,0.28791,0.0,0.4,0.22314,0.26567,0.21262,0.60659,0.46492,,-0.1222,,0.30551,0.42125,-4.26916,
246,Finland,10,Food products,2023,0.0,Low,True,0.938,16,True,False,-0.00191,-0.03639,0.02715,1.0,0.6,-0.01528,0.11603,-0.06102,0.07188,,0.06792,0.11817,0.62663,0.00312,-0.01583,-2.17567,wage_share;share_decline_5;g_va_3;g_emp_1
246,Finland,11,Beverages,2023,0.0,Low,True,0.938,16,True,False,0.0084,-0.01158,0.03814,0.0,0.5,0.00445,0.11896,-0.03612,0.07171,,0.08531,0.10965,0.41396,0.01342,-0.01462,-4.52554,log_emp_share_ctry;g_va_3;g_out_1;g_emp_3
246,Finland,12,Tobacco products,2023,,Insufficient data,False,0.062,16,True,False,,,,0.0,,,,,,,,,,,,,
246,Finland,13,Textiles,2023,0.0366,Low,True,0.938,16,True,False,-0.01322,0.02208,0.04849,1.0,0.6,0.02574,-0.05604,-0.10618,-0.03688,,0.06023,-0.04339,0.64185,-0.00819,0.00082,-4.86306,wage_share;log_emp_share_ctry;share_decline_5;g_emp_1
246,Finland,16,"Wood products, excluding furniture",2023,0.0227,Low,True,0.938,16,True,False,-0.04049,-0.06763,0.0223,1.0,0.8,-0.04669,-0.50208,0.10011,-0.30676,,-0.04884,-0.48107,0.4993,-0.03546,-0.015,-2.73753,share_decline_5;g_emp_1;wage_share;g_wages_1
246,Finland,17,Paper and paper products,2023,0.1385,Elevated,True,0.938,16,True,False,0.0213,-0.08016,0.03993,0.0,0.6,-0.03163,-0.46855,-0.44062,-0.19879,,0.04294,-0.47964,0.84591,0.02633,0.00586,-2.77882,wage_share;share_decline_5;g_va_3;g_va_1
246,Finland,18,Printing and reproduction of recorded media,2023,0.0366,Low,True,0.938,16,True,False,-0.02391,-0.16556,0.04511,5.0,1.0,-0.09826,0.03258,-0.12975,0.02078,,0.03511,0.05787,0.69661,-0.01888,-0.00722,-4.113,share_decline_5;wage_share;log_emp_share_ctry;g_emp_1
246,Finland,20,Chemicals and chemical products,2023,0.0177,Low,True,0.938,16,True,False,-0.00815,-0.01912,0.0278,1.0,0.6,-0.00978,-0.17562,-0.10792,-0.17725,,0.05658,-0.16884,0.4157,-0.00312,-0.01635,-3.18321,share_decline_5;g_va_3;g_emp_1;g_emp_1_rel_ctry
246,Finland,22,Rubber and plastics products,2023,0.0227,Low,True,0.938,16,True,False,-0.01883,-0.04628,0.03108,1.0,0.6,-0.02129,0.00223,-0.07598,-0.0569,,0.05175,0.02146,0.6292,-0.0138,-0.02737,-3.21422,wage_share;share_decline_5;g_emp_1;g_va_3
246,Finland,23,Other non-metallic mineral products,2023,0.0653,Watch,True,0.938,16,True,False,-0.05898,-0.14669,0.03843,1.0,0.6,-0.09848,-0.00336,-0.11923,-0.09161,,8e-05,0.0591,0.5681,-0.05395,-0.05299,-3.31052,wage_share;g_emp_1;g_emp_1_rel_ctry;share_decline_5
246,Finland,24,Basic metals,2023,0.0227,Low,True,0.938,16,True,False,0.0088,-0.0855,0.04136,0.0,0.6,-0.03902,-0.31346,-0.05391,-0.23294,,0.04437,-0.31945,0.55045,0.01383,0.00297,-3.14071,wage_share;share_decline_5;g_va_3;g_wages_1
246,Finland,25,"Fabricated metal products, except machinery",2023,0.0227,Low,True,0.938,16,True,False,3e-05,-0.06672,0.04215,0.0,0.4,-0.02768,-0.00176,0.03484,-0.03521,,0.06095,-0.00179,0.59714,0.00506,-0.01326,-2.07572,wage_share;g_va_3;g_emp_1;g_emp_1_rel_ctry
246,Finland,26,"Computer, electronic and optical products",2023,,Insufficient data,False,0.812,16,True,False,0.04414,,0.01815,0.0,0.0,0.0536,-0.44487,,-0.14883,,0.05212,-0.46833,0.80939,0.04917,0.02598,-2.55556,
246,Finland,27,Electrical equipment,2023,0.0177,Low,True,0.938,16,True,False,0.05923,0.15595,0.03878,0.0,0.2,0.09176,0.16008,0.14384,0.13035,,0.1487,0.09521,0.574,0.06426,0.03836,-2.71383,wage_share;g_va_3;g_out_1;g_prod_1
246,Finland,28,Machinery and equipment n.e.c.,2023,0.0227,Low,True,0.938,16,True,False,0.02902,0.00874,0.03099,0.0,0.4,0.01896,0.32607,0.2688,0.12245,,0.09822,0.28867,0.53462,0.03405,0.01766,-1.75383,wage_share;g_out_1;g_va_3;g_emp_3
246,Finland,29,"Motor vehicles, trailers and semi-trailers",2023,0.1772,Elevated,True,0.938,16,True,False,-0.08197,-0.20624,0.04005,4.0,0.8,-0.1587,0.09074,-0.06756,-0.07689,,0.01472,0.18812,0.61179,-0.07694,-0.0932,-3.67323,share_decline_5;wage_share;g_emp_1;g_emp_1_rel_ctry
246,Finland,30,Other transport equipment,2023,0.0653,Watch,True,0.938,16,True,False,0.04749,0.02333,0.06607,0.0,0.2,0.04324,0.0604,0.15626,0.14613,,0.126,0.01232,0.78135,0.05252,-0.00285,-3.64689,wage_share;g_va_3;g_prod_1;log_emp_share_ctry
246,Finland,31,Furniture,2023,0.0227,Low,True,0.938,16,True,False,-0.03304,-0.108,0.04302,1.0,0.6,-0.06143,-0.03199,0.00878,-0.09546,,0.02254,0.00109,0.63521,-0.02801,-0.00196,-3.96034,wage_share;g_emp_1;share_decline_5;log_emp_share_ctry
246,Finland,33,Repair and installation of machinery/equipment,2023,0.0227,Low,True,0.938,16,True,False,-0.03288,-0.13803,0.05105,3.0,0.6,-0.06787,0.01391,0.02137,-0.0408,,0.03266,0.04838,0.69475,-0.02785,-0.05348,-2.98986,wage_share;g_emp_1;share_decline_5;g_emp_1_rel_ctry
250,France,10,Food products,2023,0.0,Low,True,0.938,16,True,False,0.00631,0.02276,0.0165,0.0,0.2,0.0238,0.11027,0.12763,0.0659,,0.09147,0.10331,0.53297,0.00195,-0.00761,-1.54668,wage_share;g_va_3;g_emp_1_rel_ctry;g_out_1
250,France,11,Beverages,2023,0.0,Low,True,0.938,16,True,False,0.02577,0.14524,0.02153,0.0,0.0,0.07931,0.02419,0.26985,0.015,,0.07508,-0.00155,0.32305,0.02142,0.00276,-3.91032,log_emp_share_ctry;g_out_1;g_prod_1;g_va_1
250,France,13,Textiles,2023,0.0227,Low,True,0.938,16,True,False,-0.01483,-0.0734,0.04617,1.0,0.6,-0.02148,0.03565,0.03788,0.07708,,0.05726,0.05124,0.5411,-0.01919,-0.00079,-4.56685,log_emp_share_ctry;wage_share;share_decline_5;g_emp_1
250,France,14,Wearing apparel,2023,,Insufficient data,False,0.562,16,True,False,-0.11675,-0.18939,0.06368,1.0,0.6,-0.12923,,,,,,,,-0.12111,-0.10738,-4.66229,
250,France,15,Leather and related products,2023,0.0517,Watch,True,0.875,16,True,False,0.08927,0.25358,0.0446,0.0,0.2,0.15201,0.31647,,0.28569,,0.19997,0.20858,0.30978,0.08491,0.12504,-4.37178,log_emp_share_ctry;g_out_1
250,France,16,"Wood products, excluding furniture",2023,0.0227,Low,True,0.938,16,True,False,-0.03941,0.04546,0.03497,1.0,0.4,0.00258,-0.0834,0.2971,-0.05199,,0.02283,-0.0458,0.49424,-0.04377,-0.01392,-3.95883,g_emp_1;g_emp_1_rel_ctry;wage_share;log_emp_share_ctry
250,France,17,Paper and paper products,2023,0.0227,Low,True,0.938,16,True,False,-0.00013,-0.01216,0.02679,1.0,0.6,0.00264,-0.03068,0.12167,-0.09611,,0.05323,-0.03056,0.4708,-0.00449,-0.01558,-3.89608,share_decline_5;log_emp_share_ctry;wage_share;g_emp_1_rel_ctry
250,France,18,Printing and reproduction of recorded media,2023,0.038,Low,True,0.938,16,True,False,-0.01998,-0.0842,0.02383,5.0,1.0,-0.06302,0.01422,0.04659,0.0177,,0.0358,0.03489,0.6284,-0.02434,-0.00329,-4.31887,share_decline_5;wage_share;log_emp_share_ctry;g_emp_1
250,France,19,Coke and refined petroleum products,2023,,Insufficient data,False,0.375,16,True,False,,,,0.0,,,-0.11837,23.4189,-0.17789,,0.0521,,0.38128,,,,
250,France,20,Chemicals and chemical products,2023,0.0227,Low,True,0.938,16,True,False,-0.00306,-0.05337,0.06379,1.0,0.4,-0.00626,-0.01142,0.12475,-0.03757,,0.0714,-0.00838,0.44218,-0.00742,-0.01126,-2.68725,g_emp_1_rel_ctry;g_emp_1;g_va_3;g_out_1
250,France,21,"Pharmaceuticals,medicinal chemicals, etc.",2023,0.0177,Low,True,0.938,16,True,False,-0.00191,0.00111,0.00946,2.0,0.66667,-0.00316,0.01368,0.24215,0.07174,,0.03547,0.01563,0.36063,-0.00627,-0.02601,-3.46519,share_decline_5;g_emp_1_rel_ctry;g_wages_1;g_emp_1
250,France,22,Rubber and plastics products,2023,0.0517,Watch,True,0.938,16,True,False,-0.0142,0.03144,0.09017,1.0,0.4,-0.03636,0.04878,0.12013,-0.0347,,0.05568,0.06389,0.53216,-0.01856,-0.02274,-3.15541,wage_share;g_emp_1;g_emp_1_rel_ctry;g_va_3
250,France,23,Other non-metallic mineral products,2023,0.0,Low,True,0.938,16,True,False,0.01011,-0.01164,0.01644,0.0,0.6,-0.00815,0.09045,0.14516,0.06184,,0.08216,0.07953,0.49031,0.00575,0.0161,-3.28605,share_decline_5;wage_share;g_va_3;g_emp_1_rel_ctry
250,France,24,Basic metals,2023,0.0227,Low,True,0.938,16,True,False,0.0053,0.02789,0.02203,0.0,0.4,0.01346,-0.1619,0.47025,-0.15792,,0.04661,-0.16632,0.58088,0.00094,-0.00053,-3.78918,wage_share;log_emp_share_ctry;g_wages_1;g_emp_1_rel_ctry
250,France,25,"Fabricated metal products, except machinery",2023,0.0227,Low,True,0.938,16,True,False,0.04417,0.03662,0.03251,0.0,0.4,0.03375,0.11032,0.22377,0.09944,,0.13295,0.06336,0.54674,0.03981,0.03088,-2.29605,wage_share;g_va_3;g_out_1;g_prod_1
250,France,26,"Computer, electronic and optical products",2023,0.0,Low,True,0.938,16,True,False,0.07011,0.05205,0.05173,0.0,0.4,0.06916,0.17068,0.29268,0.20404,,0.15544,0.09398,0.52617,0.06575,0.05195,-3.05656,wage_share;g_out_1;g_prod_1
250,France,27,Electrical equipment,2023,0.0177,Low,True,0.938,16,True,False,0.00847,-0.0382,0.05227,0.0,0.4,0.01011,0.10309,0.15177,0.06547,,0.10894,0.09382,0.5333,0.00411,-0.01239,-3.23392,wage_share;g_va_3;g_emp_1_rel_ctry;g_out_1
250,France,28,Machinery and equipment n.e.c.,2023,0.0177,Low,True,0.938,16,True,False,0.00342,-0.02263,0.03359,0.0,0.6,-0.01075,0.09741,0.10428,0.09693,,0.0719,0.09367,0.54382,-0.00094,-0.00794,-2.77908,wage_share;share_decline_5;g_va_3;g_emp_1_rel_ctry
250,France,29,"Motor vehicles, trailers and semi-trailers",2023,0.0227,Low,True,0.938,16,True,False,-3e-05,-0.07804,0.01968,3.0,0.8,-0.04028,0.23185,0.33039,0.15477,,0.07478,0.23188,0.49498,-0.00439,-0.01126,-2.66112,share_decline_5;wage_share;g_emp_1_rel_ctry;g_emp_1
250,France,30,Other transport equipment,2023,0.0,Low,True,0.938,16,True,False,0.05076,0.06251,0.03039,0.0,0.4,0.05683,0.16792,0.39413,0.11081,,0.09978,0.11149,0.45827,0.0464,0.00043,-2.72399,wage_share;g_out_1;g_prod_1
250,France,31,Furniture,2023,0.0177,Low,True,0.938,16,True,False,0.02748,0.03457,0.02978,0.0,0.6,0.01125,0.10521,0.23353,0.0608,,0.09229,0.07566,0.5706,0.02312,0.05856,-4.35997,wage_share;log_emp_share_ctry;share_decline_5;g_va_3
250,France,32,Other manufacturing,2023,0.0,Low,True,0.938,16,True,False,0.02559,0.08836,0.03989,0.0,0.2,0.07291,0.06523,0.29298,0.07632,,0.08718,0.03865,0.49087,0.02123,0.00818,-3.50336,wage_share;g_out_1;g_prod_1;g_va_1
250,France,33,Repair and installation of machinery/equipment,2023,0.0177,Low,True,0.938,16,True,False,-0.00022,-0.00329,0.04985,1.0,0.6,0.02292,0.07442,0.11949,0.11363,,0.0647,0.07466,0.59304,-0.00458,-0.02083,-2.95086,wage_share;share_decline_5;g_emp_1_rel_ctry;g_va_3
262,Djibouti,10,Food products,2023,,Insufficient data,False,0.188,16,True,False,,,,0.0,,,0.02352,0.355,,,,,,,,,
268,Georgia,10,Food products,2023,0.0227,Low,True,1.0,16,True,False,0.0825,0.13261,0.03639,0.0,0.2,0.08589,0.38904,1.1803,0.17187,0.58054,0.33224,0.28318,0.40577,0.03437,0.06858,-1.2683,g_out_1
268,Georgia,11,Beverages,2023,0.0,Low,True,1.0,16,True,False,0.05112,0.11343,0.03748,0.0,0.2,0.05821,0.37356,0.7674,0.22313,0.71845,0.33452,0.30676,0.30084,0.00299,0.02811,-1.94127,g_emp_1_rel_ctry;g_out_1
268,Georgia,12,Tobacco products,2023,0.5,High,True,1.0,16,True,False,-0.15358,-0.10791,0.09596,2.0,0.8,-0.13695,-0.17152,0.71133,0.04621,0.56597,0.20038,-0.02119,0.34815,-0.20171,-0.15939,-5.91899,log_emp_share_ctry;share_decline_5;g_emp_1;g_emp_1_rel_ctry
268,Georgia,13,Textiles,2023,0.1772,Elevated,True,1.0,16,True,False,0.0,0.36406,0.09278,0.0,0.2,0.13327,-0.06564,0.53105,-0.30729,0.42398,0.23186,-0.06564,0.54694,-0.04813,0.01404,-4.64345,log_emp_share_ctry;wage_share;g_emp_1_rel_ctry;g_emp_1
268,Georgia,14,Wearing apparel,2023,0.2136,High,True,1.0,16,True,False,-0.11213,0.21391,0.13231,1.0,0.4,0.04038,0.08105,1.3029,0.00228,0.9623,0.118,0.21757,0.60185,-0.16025,-0.10275,-2.30188,g_emp_1;wage_share;g_emp_1_rel_ctry;vol_emp_5
268,Georgia,15,Leather and related products,2023,0.2136,High,True,1.0,16,True,False,-0.05178,0.38208,0.49335,2.0,0.6,-0.15112,-0.67966,11.10178,-0.45604,5.00617,0.35297,-0.66217,0.15877,-0.09991,-0.01601,-5.75225,vol_emp_5;log_emp_share_ctry;g_emp_1;g_emp_1_rel_ctry
268,Georgia,16,"Wood products, excluding furniture",2023,0.2136,High,True,1.0,16,True,False,0.13731,0.12138,0.08008,0.0,0.8,0.07538,-0.28542,1.15049,0.12293,0.75911,0.56375,-0.37169,0.3291,0.08919,0.1628,-4.34151,share_decline_5;log_emp_share_ctry;g_prod_1;g_va_1
268,Georgia,17,Paper and paper products,2023,0.0227,Low,True,1.0,16,True,False,0.04581,0.16443,0.03517,0.0,0.0,0.10389,-0.08355,0.64498,0.05674,0.77395,0.24194,-0.12369,0.46244,-0.00231,0.03036,-3.97366,log_emp_share_ctry;g_emp_1_rel_ctry;wage_share;g_prod_1
268,Georgia,18,Printing and reproduction of recorded media,2023,0.1385,Elevated,True,1.0,16,True,False,0.12764,0.1969,0.10702,0.0,0.6,0.10499,0.4772,1.1451,0.25092,0.92789,0.3025,0.31,0.42125,0.07951,0.14432,-3.7899,share_decline_5;log_emp_share_ctry;vol_emp_5;g_out_1
268,Georgia,19,Coke and refined petroleum products,2023,0.2477,High,True,1.0,16,True,False,0.37629,0.90714,0.35987,0.0,0.2,0.45499,0.43445,2.58744,0.87685,3.88239,0.66128,0.04226,0.25774,0.32816,0.37291,-5.84517,log_emp_share_ctry;vol_emp_5;g_prod_1
268,Georgia,20,Chemicals and chemical products,2023,0.1772,Elevated,True,1.0,16,True,False,0.03223,0.02709,0.03126,0.0,0.4,0.0225,-0.33754,1.67107,-0.26989,0.76083,0.23072,-0.35822,0.21255,-0.0159,0.02403,-3.33105,g_emp_1_rel_ctry;g_va_1;g_prod_1;g_out_1
268,Georgia,21,"Pharmaceuticals,medicinal chemicals, etc.",2023,0.0653,Watch,True,1.0,16,True,False,0.05282,-0.11177,0.06343,0.0,0.4,-0.05822,-0.2608,0.0955,-0.08884,0.23533,0.45731,-0.29788,0.50725,0.00469,0.02872,-3.65254,wage_share;g_va_3;g_prod_1;g_va_1
268,Georgia,22,Rubber and plastics products,2023,0.0653,Watch,True,1.0,16,True,False,0.02537,0.21843,0.08927,0.0,0.4,0.10149,0.33135,0.86185,0.08833,0.70142,0.26483,0.2984,0.33772,-0.02275,0.01684,-3.23351,g_emp_1_rel_ctry;g_out_1
268,Georgia,23,Other non-metallic mineral products,2023,0.0366,Low,True,1.0,16,True,False,-0.00599,0.03762,0.04979,1.0,0.8,0.0099,0.32398,0.72027,0.25544,0.7438,0.32329,0.33195,0.32411,-0.05411,0.0,-2.36919,share_decline_5;g_emp_1_rel_ctry;g_emp_1;g_out_1
268,Georgia,24,Basic metals,2023,0.294,High,True,1.0,16,True,False,-0.12897,-0.2859,0.06062,4.0,0.8,-0.21995,-0.82206,-0.47729,-0.3536,0.35976,-0.19654,-0.79572,0.88252,-0.17709,-0.1348,-2.61453,wage_share;share_decline_5;g_emp_1;g_emp_1_rel_ctry
268,Georgia,25,"Fabricated metal products, except machinery",2023,0.2136,High,True,1.0,16,True,False,0.11273,0.39223,0.09355,0.0,0.2,0.17227,0.52748,1.61403,0.40998,1.22673,0.31309,0.37273,0.39679,0.06461,0.09945,-2.97116,
268,Georgia,26,"Computer, electronic and optical products",2023,0.2136,High,True,1.0,16,True,False,0.21053,0.81579,0.4693,0.0,0.2,0.26381,17.54925,3.37643,2.44987,1.55016,0.09213,14.32329,0.23239,0.1624,0.19236,-7.19831,log_emp_share_ctry;vol_emp_5
268,Georgia,27,Electrical equipment,2023,0.2477,High,True,1.0,16,True,False,-0.07877,0.14957,0.11546,1.0,0.2,0.05005,1.33808,0.82186,-0.00199,1.01167,0.0588,1.53799,0.512,-0.12689,-0.09963,-4.7391,log_emp_share_ctry;g_emp_1;g_emp_1_rel_ctry;wage_share
268,Georgia,28,Machinery and equipment n.e.c.,2023,0.2136,High,True,1.0,16,True,False,0.05806,0.77297,0.21048,0.0,0.4,0.22849,0.81272,1.28506,0.32952,1.06243,0.42705,0.71324,0.49964,0.00994,0.0467,-5.63941,log_emp_share_ctry;vol_emp_5;wage_share;g_emp_1_rel_ctry
268,Georgia,30,Other transport equipment,2023,0.2136,High,True,1.0,16,True,False,0.08076,-0.29094,0.18524,0.0,0.6,-0.2546,0.74076,0.6848,0.75479,0.27451,0.50566,0.61068,0.48686,0.03264,0.03043,-4.83119,log_emp_share_ctry;vol_emp_5;share_decline_5;emp_dev5
268,Georgia,31,Furniture,2023,0.2477,High,True,1.0,16,True,False,-0.04586,0.04429,0.16054,1.0,0.4,0.04013,0.36257,0.61521,-0.00244,0.35844,0.16062,0.42806,0.59484,-0.09399,-0.01478,-3.36684,wage_share;g_emp_1_rel_ctry;g_emp_1;vol_emp_5
268,Georgia,32,Other manufacturing,2023,0.2477,High,True,1.0,16,True,False,0.45923,0.39918,0.22162,0.0,0.4,0.29635,0.27993,1.32897,0.33008,1.61682,0.54388,-0.12287,0.45582,0.4111,0.44182,-4.91033,log_emp_share_ctry;vol_emp_5;g_prod_1;wage_share
268,Georgia,33,Repair and installation of machinery/equipment,2023,0.2136,High,True,1.0,16,True,False,0.04813,-0.08366,0.07651,0.0,0.6,-0.0624,0.46059,0.96929,0.52375,1.22501,0.40113,0.39353,0.53406,0.0,0.02752,-3.89712,wage_share;share_decline_5;log_emp_share_ctry;g_emp_1_rel_ctry
276,Germany,10,Food products,2023,0.0,Low,True,0.938,16,True,False,0.00484,0.03988,0.02213,0.0,0.2,0.01115,0.10425,0.17338,0.04942,,0.0747,0.09893,0.52638,0.00272,-0.00908,-2.21231,wage_share;g_emp_1_rel_ctry;g_va_3;g_out_1
276,Germany,11,Beverages,2023,0.0653,Watch,True,0.938,16,True,False,0.26635,0.27163,0.10978,0.0,0.4,0.17606,0.3672,0.41789,0.2775,,0.38705,0.07964,0.52151,0.26423,0.24333,-4.33085,log_emp_share_ctry;wage_share;vol_emp_5;g_prod_1
276,Germany,12,Tobacco products,2023,0.0653,Watch,True,0.938,16,True,False,0.05025,-0.08546,0.08264,0.0,0.8,-0.06218,0.11283,-0.2529,0.13885,,-0.02148,0.05959,0.18009,0.04813,0.04444,-6.84756,log_emp_share_ctry;share_decline_5;g_va_3;g_wages_1
276,Germany,13,Textiles,2023,0.1385,Elevated,True,0.938,16,True,False,-0.04687,-0.03605,0.04201,2.0,0.8,-0.04857,-0.01633,0.08876,-0.04472,,0.02166,0.03203,0.59884,-0.04898,-0.03282,-4.69704,share_decline_5;wage_share;log_emp_share_ctry;g_emp_1
276,Germany,14,Wearing apparel,2023,0.2136,High,True,0.938,16,True,False,0.13469,0.032,0.09418,0.0,0.6,0.05591,-0.16986,0.10269,0.16861,,0.24676,-0.2684,0.69717,0.13258,0.14407,-5.3753,wage_share;log_emp_share_ctry;share_decline_5;g_va_3
276,Germany,15,Leather and related products,2023,0.294,High,True,0.938,16,True,False,0.41247,0.60223,0.17661,0.0,0.2,0.30172,0.01786,0.33097,0.08003,,0.24501,-0.27937,0.5678,0.41035,0.44824,-5.72243,log_emp_share_ctry;wage_share;vol_emp_5;g_prod_1
276,Germany,16,"Wood products, excluding furniture",2023,0.0517,Watch,True,0.938,16,True,False,-0.11421,-0.05926,0.06737,1.0,0.2,-0.05629,-0.25631,-0.03332,-0.1486,,-0.00805,-0.16043,0.54943,-0.11632,-0.08872,-4.10871,g_emp_1;wage_share;g_emp_1_rel_ctry;log_emp_share_ctry
276,Germany,17,Paper and paper products,2023,0.0366,Low,True,0.938,16,True,False,-0.03132,-0.0384,0.02929,1.0,0.8,-0.04471,-0.11768,0.02791,-0.14867,,0.02507,-0.08915,0.55673,-0.03344,-0.04677,-4.0378,share_decline_5;wage_share;g_emp_1;log_emp_share_ctry
276,Germany,18,Printing and reproduction of recorded media,2023,0.0227,Low,True,0.938,16,True,False,0.07104,-0.05013,0.05395,0.0,0.8,-0.02587,0.02799,-0.02,0.02872,,0.09873,-0.0402,0.63196,0.06892,0.08773,-4.15874,share_decline_5;wage_share;log_emp_share_ctry;g_va_3
276,Germany,19,Coke and refined petroleum products,2023,0.1385,Elevated,True,0.938,16,True,False,0.00254,0.08268,0.04665,0.0,0.4,0.03651,-0.41981,1.85875,-0.20868,,0.06342,-0.42129,0.22266,0.00043,-0.00084,-5.82265,log_emp_share_ctry;g_va_1;g_prod_1;g_emp_1_rel_ctry
276,Germany,20,Chemicals and chemical products,2023,0.0366,Low,True,0.938,16,True,False,-0.01897,0.03751,0.02646,1.0,0.4,0.00774,-0.09777,0.04798,-0.14712,,0.01491,-0.08033,0.55226,-0.02109,-0.02717,-3.01227,wage_share;g_emp_1;g_emp_1_rel_ctry;g_wages_1
276,Germany,21,"Pharmaceuticals,medicinal chemicals, etc.",2023,0.0,Low,True,0.938,16,True,False,0.014,-0.02613,0.05113,0.0,0.4,-0.00254,0.09809,-0.05345,0.09628,,0.05045,0.08293,0.45625,0.01188,-0.01009,-3.85708,log_emp_share_ctry;g_va_3;g_wages_1;wage_share
276,Germany,22,Rubber and plastics products,2023,0.0653,Watch,True,0.938,16,True,False,0.24035,0.25367,0.1075,0.0,0.4,0.15292,0.20045,0.34531,0.27477,,0.34742,-0.03217,0.63302,0.23823,0.23181,-2.66538,wage_share;vol_emp_5;g_prod_1;g_out_1
276,Germany,23,Other non-metallic mineral products,2023,0.0177,Low,True,0.938,16,True,False,-0.0026,0.02038,0.01993,1.0,0.4,0.00029,0.00559,0.11055,0.00669,,0.05854,0.00821,0.52013,-0.00472,0.00339,-3.50423,wage_share;g_emp_1_rel_ctry;g_emp_1;g_va_3
276,Germany,24,Basic metals,2023,0.0227,Low,True,0.938,16,True,False,-0.00232,-0.0086,0.02625,5.0,1.0,-0.02018,-0.12621,0.29031,-0.06234,,0.05948,-0.12418,0.60325,-0.00444,-0.00815,-3.44542,share_decline_5;wage_share;g_emp_1_rel_ctry;g_emp_1
276,Germany,25,"Fabricated metal products, except machinery",2023,0.0366,Low,True,0.938,16,True,False,-0.02365,0.02321,0.05009,2.0,0.6,-0.02293,0.00076,0.15878,-0.01845,,0.04871,0.025,0.59632,-0.02576,-0.03693,-2.18479,wage_share;share_decline_5;g_emp_1;g_emp_1_rel_ctry
276,Germany,26,"Computer, electronic and optical products",2023,0.0227,Low,True,0.938,16,True,False,-0.03639,0.0139,0.02757,1.0,0.4,-0.00316,0.14662,0.35451,0.04745,,0.03744,0.18991,0.48996,-0.0385,-0.05455,-3.00335,g_emp_1;g_emp_1_rel_ctry;wage_share;g_wages_1
276,Germany,27,Electrical equipment,2023,0.0177,Low,True,0.938,16,True,False,0.05813,0.1016,0.02994,0.0,0.2,0.05626,0.12347,0.18742,0.12358,,0.16905,0.06175,0.6271,0.05601,0.03726,-2.65291,wage_share;g_va_3;g_out_1;g_prod_1
276,Germany,28,Machinery and equipment n.e.c.,2023,0.0,Low,True,0.938,16,True,False,0.00169,0.0276,0.03032,0.0,0.2,0.00379,0.07057,0.24237,0.06473,,0.07849,0.06876,0.60765,-0.00043,-0.00967,-1.84062,wage_share;g_emp_1_rel_ctry;g_emp_1;g_out_1
276,Germany,29,"Motor vehicles, trailers and semi-trailers",2023,0.0227,Low,True,0.938,16,True,False,-0.00388,-0.00915,0.01419,1.0,0.8,-0.01123,0.01819,0.27711,-0.01993,,0.09009,0.02215,0.54714,-0.00599,-0.01511,-2.21383,share_decline_5;wage_share;g_emp_1;g_emp_1_rel_ctry
276,Germany,30,Other transport equipment,2023,0.0366,Low,True,0.938,16,True,False,0.10912,0.16717,0.0461,0.0,0.4,0.11238,-0.04976,0.38903,0.12343,,0.1762,-0.14324,0.65025,0.107,0.05878,-3.82882,wage_share;log_emp_share_ctry;g_prod_1;g_va_1
276,Germany,31,Furniture,2023,0.1385,Elevated,True,0.938,16,True,False,-0.08669,0.00787,0.0808,2.0,0.6,-0.05415,-0.03381,0.03532,-0.04075,,-0.01893,0.0579,0.60708,-0.08881,-0.05561,-4.11001,wage_share;g_emp_1;g_emp_1_rel_ctry;log_emp_share_ctry
276,Germany,32,Other manufacturing,2023,0.0366,Low,True,0.938,16,True,False,-0.03327,0.03594,0.03475,1.0,0.4,-0.00472,-0.03021,0.06433,0.02406,,0.04523,0.00317,0.57983,-0.03539,-0.05068,-3.32465,wage_share;g_emp_1;g_emp_1_rel_ctry;g_va_3
276,Germany,33,Repair and installation of machinery/equipment,2023,0.0227,Low,True,0.938,16,True,False,0.04844,-0.0381,0.06021,0.0,0.4,0.01899,0.16306,0.23576,0.1153,,0.12557,0.10933,0.58211,0.04632,0.02783,-3.50263,wage_share;g_va_3;g_out_1;g_emp_3
300,Greece,10,Food products,2023,0.0227,Low,True,0.938,16,True,False,0.02465,0.11862,0.02797,0.0,0.4,0.05637,0.23504,0.29137,0.10204,,0.10479,0.20533,0.45632,0.0,0.01073,-1.03383,g_emp_1_rel_ctry;wage_share;g_out_1
300,Greece,11,Beverages,2023,0.0227,Low,True,0.938,16,True,False,0.04081,0.17997,0.05401,0.0,0.2,0.09216,0.25364,0.56552,0.11634,,0.13116,0.20449,0.37284,0.01616,0.01779,-3.53222,g_out_1
300,Greece,12,Tobacco products,2023,0.0653,Watch,True,0.938,16,True,False,0.17506,0.33797,0.12942,0.0,0.2,0.19076,0.12329,0.28796,0.27949,,0.15914,-0.04405,0.26474,0.1504,0.16925,-4.65346,log_emp_share_ctry;vol_emp_5;g_prod_1;g_va_1
300,Greece,13,Textiles,2023,0.0653,Watch,True,0.938,16,True,False,-0.01037,0.2486,0.13367,1.0,0.6,0.07624,0.12304,0.49313,-0.00535,,0.06542,0.13481,0.45041,-0.03502,0.00367,-3.81434,share_decline_5;g_emp_1_rel_ctry;vol_emp_5;g_emp_1
300,Greece,14,Wearing apparel,2023,0.0653,Watch,True,0.938,16,True,False,-0.02357,0.00596,0.05638,1.0,1.0,-0.0425,0.01436,0.78161,-0.01082,,0.08449,0.03885,0.53936,-0.04823,-0.0142,-3.41306,share_decline_5;wage_share;g_emp_1_rel_ctry;g_emp_1
300,Greece,15,Leather and related products,2023,0.1667,Elevated,True,0.938,16,True,False,-0.03105,-0.05933,0.05653,2.0,0.8,-0.0757,0.07281,0.81508,0.03781,,0.09166,0.10719,0.55496,-0.0557,0.00472,-5.13277,share_decline_5;log_emp_share_ctry;wage_share;g_emp_1
300,Greece,16,"Wood products, excluding furniture",2023,0.0366,Low,True,0.938,16,True,False,-0.00828,0.1355,0.05857,1.0,0.6,0.05663,0.24205,0.82061,0.05335,,0.08754,0.25242,0.40954,-0.03294,0.01721,-4.19375,log_emp_share_ctry;share_decline_5;g_emp_1_rel_ctry;g_emp_1
300,Greece,17,Paper and paper products,2023,0.0227,Low,True,0.938,16,True,False,0.04169,0.20443,0.03956,0.0,0.4,0.10309,0.09908,0.42445,0.00053,,0.12659,0.05509,0.42906,0.01704,0.02624,-3.52181,g_out_1;g_prod_1;g_va_1
300,Greece,18,Printing and reproduction of recorded media,2023,0.0227,Low,True,0.938,16,True,False,0.01784,0.14469,0.05281,0.0,0.4,0.05765,0.1427,0.39225,0.00794,,0.09864,0.12267,0.46853,-0.00681,0.03453,-3.78233,log_emp_share_ctry;g_emp_1_rel_ctry;wage_share;g_out_1
300,Greece,19,Coke and refined petroleum products,2023,,Insufficient data,False,0.438,16,True,False,,0.01157,,0.0,0.5,-0.01061,,8.87143,,,,,0.15642,,,-4.16822,
300,Greece,20,Chemicals and chemical products,2023,0.0177,Low,True,0.938,16,True,False,0.05303,0.08814,0.02571,0.0,0.4,0.05066,0.08804,0.08466,-0.1118,,0.1094,0.03325,0.41901,0.02838,0.04484,-3.30153,g_va_3;g_out_1;g_prod_1;g_va_1
300,Greece,21,"Pharmaceuticals,medicinal chemicals, etc.",2023,,Insufficient data,False,0.5,16,True,False,,0.02734,0.1443,0.0,0.66667,0.1005,,0.30961,,,,,0.38661,,,-3.28801,
300,Greece,22,Rubber and plastics products,2023,0.0227,Low,True,0.938,16,True,False,0.02338,0.11906,0.04124,0.0,0.2,0.05602,0.09222,0.12556,-0.0257,,0.11133,0.06726,0.38479,-0.00127,0.01485,-3.26434,g_emp_1_rel_ctry;g_va_3;g_out_1;g_va_1
300,Greece,23,Other non-metallic mineral products,2023,0.0177,Low,True,0.938,16,True,False,0.06142,0.20162,0.0501,0.0,0.4,0.09205,0.22102,0.39368,0.13907,,0.13449,0.15036,0.40715,0.03677,0.06741,-3.03606,g_out_1
300,Greece,24,Basic metals,2023,0.0517,Watch,True,0.938,16,True,False,0.01023,0.04141,0.04998,0.0,0.4,0.03566,-0.03954,1.05292,-0.3115,,-0.22822,-0.04927,0.25215,-0.01442,0.0044,-3.43266,g_wages_1;g_emp_1_rel_ctry;g_out_1;g_va_1
300,Greece,25,"Fabricated metal products, except machinery",2023,0.0227,Low,True,0.938,16,True,False,0.05878,0.14397,0.0357,0.0,0.2,0.08269,0.13763,0.54337,0.02263,,0.127,0.07447,0.45063,0.03413,0.0455,-2.50035,g_out_1;g_prod_1;g_va_1
300,Greece,26,"Computer, electronic and optical products",2023,0.0177,Low,True,0.938,16,True,False,0.06448,0.28739,0.02463,0.0,0.0,0.14567,-0.09593,0.38886,-0.02893,,0.0887,-0.1507,0.35374,0.03983,0.04632,-4.46591,log_emp_share_ctry;g_prod_1;g_va_1;g_out_1
300,Greece,27,Electrical equipment,2023,0.0278,Low,True,0.938,16,True,False,0.13453,0.26951,0.06449,0.0,0.33333,0.14049,0.09428,0.34596,0.042,,0.16486,-0.03548,0.41771,0.10988,0.11367,-3.58859,g_prod_1;g_out_1;g_va_1
300,Greece,28,Machinery and equipment n.e.c.,2023,0.0177,Low,True,0.938,16,True,False,0.01012,0.13171,0.0317,0.0,0.2,0.05942,0.14596,0.30954,0.03596,,0.05806,0.13448,0.46147,-0.01453,-0.00124,-3.46889,g_emp_1_rel_ctry;wage_share;g_wages_1;g_out_1
300,Greece,29,"Motor vehicles, trailers and semi-trailers",2023,,Insufficient data,False,0.5,16,True,False,,0.01097,0.09477,0.0,0.66667,0.00293,,0.3289,,,,,0.37993,,,-5.62812,
300,Greece,30,Other transport equipment,2023,0.2136,High,True,0.938,16,True,False,0.04814,-0.22712,0.15047,0.0,0.6,-0.08889,1.90033,-0.02048,-0.10987,,0.22963,1.76713,0.59504,0.02348,-0.0022,-4.74544,wage_share;log_emp_share_ctry;share_decline_5;vol_emp_5
300,Greece,31,Furniture,2023,0.0366,Low,True,0.938,16,True,False,0.01664,0.16756,0.06281,0.0,0.4,0.07135,0.26161,0.76006,0.14104,,0.13439,0.24096,0.53096,-0.00801,0.04772,-3.52884,wage_share;g_emp_1_rel_ctry;g_out_1
300,Greece,32,Other manufacturing,2023,0.0653,Watch,True,0.938,16,True,False,0.00768,-0.07295,0.14955,0.0,0.4,0.03856,0.10986,0.92214,0.10076,,0.11893,0.1014,0.46215,-0.01697,-0.00973,-3.83219,vol_emp_5;g_emp_1_rel_ctry;log_emp_share_ctry;wage_share
300,Greece,33,Repair and installation of machinery/equipment,2023,0.0227,Low,True,0.938,16,True,False,0.1307,0.49731,0.05979,0.0,0.0,0.2285,0.21624,0.65254,0.18214,,0.21433,0.07565,0.46273,0.10605,0.11009,-2.92839,wage_share;g_out_1;g_prod_1
344,"China, Hong Kong SAR",10,Food products,2023,0.0177,Low,True,1.0,16,True,False,0.01521,-0.01111,0.04315,0.0,0.4,-0.02076,0.08195,0.26948,0.12143,0.32531,0.06495,0.06575,0.67525,0.06375,0.00129,-1.0099,wage_share;g_wages_1;g_out_1;g_va_1
344,"China, Hong Kong SAR",12,Tobacco products,2023,0.0227,Low,True,1.0,16,True,False,0.0,0.03125,0.04025,0.0,0.4,-0.00604,0.06722,0.11179,0.03427,0.01859,-0.00056,0.06722,0.40961,0.04854,-0.00581,-3.10064,g_wages_1;g_out_3;g_va_3;g_emp_1
344,"China, Hong Kong SAR",13,Textiles,2023,0.0653,Watch,True,1.0,16,True,False,-0.09375,-0.25641,0.03998,5.0,1.0,-0.19942,0.01359,0.01943,0.05358,-0.2159,-0.10382,0.11845,0.60545,-0.04521,-0.07971,-3.22985,share_decline_5;wage_share;g_emp_1;g_wages_1
344,"China, Hong Kong SAR",18,Printing and reproduction of recorded media,2023,0.038,Low,True,1.0,16,True,False,-0.04854,-0.07547,0.03254,2.0,0.6,-0.05557,0.07669,0.0973,0.0084,0.06763,-0.02024,0.13163,0.70347,0.0,-0.03186,-2.01218,wage_share;g_emp_1;share_decline_5;g_wages_1
344,"China, Hong Kong SAR",21,"Pharmaceuticals,medicinal chemicals, etc.",2023,0.0177,Low,True,1.0,16,True,False,0.05455,0.01754,0.04468,0.0,0.4,0.01739,0.07718,0.27012,0.11151,0.30825,0.12941,0.02146,0.36368,0.10309,0.03045,-2.5367,g_out_1;g_prod_1;g_va_1;g_va_3
344,"China, Hong Kong SAR",23,Other non-metallic mineral products,2023,0.0653,Watch,True,1.0,16,True,False,-0.03333,-0.03333,0.08457,2.0,0.8,-0.07951,0.09072,0.15696,0.05554,0.27615,0.02821,0.12833,0.59354,0.01521,-0.02735,-3.22985,share_decline_5;wage_share;g_emp_1;g_wages_1
344,"China, Hong Kong SAR",25,"Fabricated metal products, except machinery",2023,0.1385,Elevated,True,1.0,16,True,False,-0.09524,-0.24,0.06464,4.0,0.8,-0.21681,-0.02578,-0.19545,0.17587,-0.20983,-0.09503,0.07677,0.73294,-0.04669,-0.10852,-3.65271,wage_share;share_decline_5;g_emp_1;g_wages_1
344,"China, Hong Kong SAR",26,"Computer, electronic and optical products",2023,0.2136,High,True,1.0,16,True,False,-0.10714,-0.19355,0.03542,4.0,0.8,-0.15529,-0.04286,0.00666,-0.24458,-0.06321,-0.02273,0.072,0.60506,-0.0586,-0.12531,-3.37827,share_decline_5;g_emp_1;wage_share;g_emp_1_rel_ctry
344,"China, Hong Kong SAR",28,Machinery and equipment n.e.c.,2023,0.2136,High,True,1.0,16,True,False,-0.08333,-0.15385,0.03802,2.0,0.6,-0.1198,-0.09176,-0.19631,-0.09425,0.18104,0.05114,-0.0092,0.75647,-0.03479,-0.0947,-4.19925,wage_share;g_emp_1;log_emp_share_ctry;share_decline_5
344,"China, Hong Kong SAR",32,Other manufacturing,2023,0.2477,High,True,1.0,16,True,False,-0.08163,-0.1,0.07293,2.0,0.6,-0.06454,-0.21952,-0.24084,-0.3938,-0.40013,-0.03163,-0.15014,0.80879,-0.03309,-0.09904,-2.79048,wage_share;g_emp_1;share_decline_5;g_wages_1
344,"China, Hong Kong SAR",33,Repair and installation of machinery/equipment,2023,0.0227,Low,True,1.0,16,True,False,0.0,-0.07752,0.01795,0.0,0.8,-0.04438,0.07363,0.38876,0.34187,0.47886,0.02592,0.07363,0.63684,0.04854,-0.02061,-1.81802,share_decline_5;wage_share;g_wages_1;g_emp_1
348,Hungary,10,Food products,2023,0.0177,Low,True,0.938,16,True,False,-0.00568,0.00535,0.0161,1.0,0.4,0.00079,0.06303,0.28045,0.08556,,0.21107,0.0691,0.50543,-0.01446,-0.0196,-2.08195,wage_share;g_emp_1_rel_ctry;g_emp_1;g_out_1
348,Hungary,11,Beverages,2023,0.0227,Low,True,0.938,16,True,False,0.03472,0.06737,0.01506,0.0,0.2,0.04173,0.3268,0.40706,0.12166,,0.22629,0.28229,0.38102,0.02593,0.0117,-4.05688,log_emp_share_ctry;g_out_1
348,Hungary,12,Tobacco products,2023,0.2136,High,True,0.938,16,True,False,0.39716,0.00376,0.21383,0.0,0.4,0.13298,0.3085,0.27555,0.31652,,0.41653,-0.06345,0.28015,0.38837,0.39135,-5.98036,log_emp_share_ctry;vol_emp_5;g_prod_1;g_va_3
348,Hungary,13,Textiles,2023,0.2136,High,True,0.938,16,True,False,-0.02354,0.07146,0.1576,1.0,0.6,-0.00468,0.01857,0.02469,-0.05796,,0.16432,0.04313,0.63067,-0.03233,-0.0095,-4.57288,wage_share;log_emp_share_ctry;vol_emp_5;share_decline_5
348,Hungary,14,Wearing apparel,2023,0.1385,Elevated,True,0.938,16,True,False,0.07566,-0.28408,0.15358,0.0,0.6,-0.15361,0.28162,0.108,0.17651,,0.24343,0.19147,0.77824,0.06687,0.08504,-3.98128,wage_share;vol_emp_5;share_decline_5;log_emp_share_ctry
348,Hungary,15,Leather and related products,2023,0.0517,Watch,True,0.938,16,True,False,0.00988,-0.07323,0.0636,0.0,0.8,-0.06638,0.22244,0.19342,0.08817,,0.17777,0.21047,0.65545,0.0011,0.04566,-4.47962,share_decline_5;wage_share;log_emp_share_ctry;g_emp_1_rel_ctry
348,Hungary,16,"Wood products, excluding furniture",2023,0.0653,Watch,True,0.938,16,True,False,-0.01787,0.03783,0.03181,1.0,0.6,0.00101,-0.15293,0.20905,-0.0974,,0.15596,-0.13752,0.49692,-0.02665,0.00762,-3.87855,share_decline_5;wage_share;g_emp_1;g_emp_1_rel_ctry
348,Hungary,17,Paper and paper products,2023,0.117,Elevated,True,0.938,16,True,False,0.04557,-0.12407,0.10851,0.0,0.4,-0.03726,0.00898,0.29395,-0.05135,,0.2653,-0.035,0.43543,0.03678,0.03012,-3.85776,log_emp_share_ctry;vol_emp_5;g_emp_3;g_out_1
348,Hungary,18,Printing and reproduction of recorded media,2023,0.2136,High,True,0.938,16,True,False,-0.10129,-0.14491,0.06205,1.0,0.8,-0.10415,0.21644,0.51587,0.02317,,0.1452,0.35353,0.46331,-0.11007,-0.0846,-4.11915,share_decline_5;g_emp_1;g_emp_1_rel_ctry;log_emp_share_ctry
348,Hungary,19,Coke and refined petroleum products,2023,0.0517,Watch,True,0.938,16,True,False,0.0504,0.07864,0.06795,0.0,0.2,0.029,-0.14506,0.50017,-0.07989,,0.18828,-0.18608,0.23778,0.04162,0.04702,-4.17901,log_emp_share_ctry;g_prod_1;g_va_1;g_out_1
348,Hungary,20,Chemicals and chemical products,2023,0.0517,Watch,True,0.938,16,True,False,-0.01649,0.03456,0.02639,1.0,0.4,0.01825,-0.24566,-0.20889,-0.15218,,0.1867,-0.23302,0.36894,-0.02528,-0.02469,-3.85623,g_emp_1;g_va_3;g_emp_1_rel_ctry;log_emp_share_ctry
348,Hungary,21,"Pharmaceuticals,medicinal chemicals, etc.",2023,0.0,Low,True,0.938,16,True,False,0.05686,0.05008,0.03651,0.0,0.6,0.04753,0.17709,0.28639,0.16166,,0.29979,0.11376,0.32793,0.04807,0.03277,-3.60301,share_decline_5;g_out_1;g_prod_1;g_va_3
348,Hungary,22,Rubber and plastics products,2023,0.0227,Low,True,0.938,16,True,False,0.00769,0.01587,0.02359,0.0,0.4,-0.00275,0.07504,0.06295,0.00199,,0.22684,0.06683,0.51035,-0.0011,-0.00085,-2.57633,wage_share;g_va_3;g_emp_1_rel_ctry;g_out_1
348,Hungary,23,Other non-metallic mineral products,2023,0.2136,High,True,0.938,16,True,False,-0.06633,0.02788,0.04895,1.0,0.6,-0.01789,-0.03833,0.03962,-0.14069,,0.12105,0.02999,0.4845,-0.07512,-0.06035,-3.43785,g_emp_1;g_emp_1_rel_ctry;share_decline_5;wage_share
348,Hungary,24,Basic metals,2023,0.2477,High,True,0.938,16,True,False,-0.22189,-0.25183,0.08024,2.0,0.8,-0.24108,-0.00855,-0.24501,-0.29459,,-0.08347,0.27417,0.58281,-0.23068,-0.22772,-3.98725,g_emp_1;share_decline_5;g_emp_1_rel_ctry;wage_share
348,Hungary,25,"Fabricated metal products, except machinery",2023,0.0227,Low,True,0.938,16,True,False,0.02441,0.08124,0.03373,0.0,0.4,0.03373,0.09103,0.30538,0.01364,,0.24758,0.06503,0.53452,0.01563,0.01113,-2.19965,wage_share;g_out_1;g_prod_1;g_va_1
348,Hungary,26,"Computer, electronic and optical products",2023,0.0227,Low,True,0.938,16,True,False,0.02526,0.02602,0.03432,0.0,0.6,0.02454,0.09658,0.10837,-0.02691,,0.27312,0.06956,0.41161,0.01647,0.0071,-2.69384,share_decline_5;g_va_3;g_out_1;g_prod_1
348,Hungary,27,Electrical equipment,2023,0.1385,Elevated,True,0.938,16,True,False,-0.10245,0.00589,0.07132,1.0,0.4,-0.05168,0.08932,0.51139,0.1365,,0.16332,0.21366,0.44406,-0.11124,-0.12332,-2.62566,g_emp_1;g_emp_1_rel_ctry;emp_dev5;g_out_1
348,Hungary,28,Machinery and equipment n.e.c.,2023,0.0227,Low,True,0.938,16,True,False,0.04014,0.11865,0.02961,0.0,0.2,0.061,0.27052,0.38396,0.2305,,0.29384,0.22149,0.56975,0.03135,0.02878,-2.49096,wage_share;g_out_1
348,Hungary,29,"Motor vehicles, trailers and semi-trailers",2023,0.0095,Low,True,0.938,16,True,False,0.07577,0.05654,0.04081,0.0,0.4,0.04279,0.18493,0.18031,0.19599,,0.35804,0.10147,0.50559,0.06699,0.06454,-1.95681,wage_share;g_va_3;g_out_1;g_prod_1
348,Hungary,30,Other transport equipment,2023,0.117,Elevated,True,0.938,16,True,False,-0.36191,0.22756,0.37656,1.0,0.4,-0.01903,-0.21375,0.26631,0.00256,,-0.1796,0.23219,0.63101,-0.37069,-0.41224,-4.39158,g_emp_1;g_emp_1_rel_ctry;vol_emp_5;wage_share
348,Hungary,31,Furniture,2023,0.2136,High,True,0.938,16,True,False,-0.05924,0.05067,0.067,1.0,0.4,-0.02059,0.04409,0.16369,-0.01602,,0.11289,0.10984,0.6172,-0.06803,-0.02816,-3.81161,wage_share;g_emp_1;g_emp_1_rel_ctry;log_emp_share_ctry
348,Hungary,32,Other manufacturing,2023,0.0227,Low,True,0.938,16,True,False,0.03101,0.14187,0.07772,0.0,0.4,0.07242,0.15514,0.21441,0.12227,,0.20443,0.12039,0.51725,0.02222,0.0136,-3.4826,wage_share;g_va_3;g_out_1
348,Hungary,33,Repair and installation of machinery/equipment,2023,0.0227,Low,True,0.938,16,True,False,-0.02945,-0.08442,0.03312,5.0,1.0,-0.05618,-0.08758,0.07948,-0.25051,,0.09096,-0.0599,0.41199,-0.03824,-0.05006,-3.63261,share_decline_5;g_emp_1;g_emp_1_rel_ctry;g_va_3
352,Iceland,10,Food products,2023,0.0,Low,True,0.938,16,True,False,0.00166,0.02172,0.03254,0.0,0.4,-0.00205,0.03536,0.39381,0.04679,,0.08467,0.03364,0.50555,-0.02254,-0.01226,-0.86034,wage_share;g_emp_1_rel_ctry;g_emp_1;g_out_1
352,Iceland,11,Beverages,2023,0.0366,Low,True,0.938,16,True,False,0.03782,0.19516,0.07384,0.0,0.4,0.08121,0.00614,0.61815,0.06335,,0.04974,-0.03052,0.63811,0.01361,0.0148,-3.42643,wage_share;g_wages_1;g_prod_1;g_va_1
352,Iceland,12,Tobacco products,2023,,Insufficient data,False,0.062,16,True,False,,,,0.0,,,,,,,,,,,,,
352,Iceland,13,Textiles,2023,0.0517,Watch,True,0.938,16,True,False,0.04502,0.25969,0.0701,0.0,0.0,0.14263,0.10381,0.56152,-0.01432,,0.14809,0.05626,0.65252,0.02081,0.05906,-4.2506,wage_share;log_emp_share_ctry;g_out_1;g_prod_1
352,Iceland,14,Wearing apparel,2023,0.2136,High,True,0.938,16,True,False,0.0137,0.21311,0.14002,0.0,0.2,0.04987,0.12459,1.43076,0.08954,,0.14619,0.1094,0.70649,-0.0105,0.02307,-5.73036,wage_share;log_emp_share_ctry;vol_emp_5;g_emp_1_rel_ctry
352,Iceland,15,Leather and related products,2023,0.2477,High,True,0.938,16,True,False,-0.16667,-0.16667,0.21531,2.0,0.8,-0.32208,-0.46932,-0.39389,-0.28252,,0.0282,-0.36318,1.34375,-0.19087,-0.13089,-7.73184,wage_share;log_emp_share_ctry;share_decline_5;g_emp_1
352,Iceland,16,"Wood products, excluding furniture",2023,0.0653,Watch,True,0.938,16,True,False,0.00581,0.05488,0.08642,0.0,0.6,0.00347,0.1604,0.3686,0.029,,-0.00562,0.15369,0.62025,-0.01839,0.0313,-4.88114,wage_share;log_emp_share_ctry;share_decline_5;g_wages_1
352,Iceland,17,Paper and paper products,2023,0.1385,Elevated,True,0.938,16,True,False,0.09091,0.33333,0.25663,0.0,0.4,0.05129,0.30862,0.32587,0.21975,,0.18504,0.19957,0.97143,0.06671,0.07546,-7.54952,wage_share;log_emp_share_ctry;vol_emp_5;g_out_1
352,Iceland,18,Printing and reproduction of recorded media,2023,0.0653,Watch,True,0.938,16,True,False,-0.04057,-0.13362,0.07677,5.0,1.0,-0.14214,-0.02298,0.22529,-0.0496,,0.01673,0.01834,0.67934,-0.06477,-0.02388,-4.03798,share_decline_5;wage_share;g_emp_1;g_emp_1_rel_ctry
352,Iceland,19,Coke and refined petroleum products,2023,0.1772,Elevated,True,0.938,16,True,False,-0.18182,-0.1,0.53665,1.0,0.2,-0.04349,1.0564,-0.81059,0.42366,,-0.31882,1.51337,2.20833,-0.20602,-0.1852,-7.8372,wage_share;log_emp_share_ctry;vol_emp_5;g_emp_1
352,Iceland,20,Chemicals and chemical products,2023,0.4773,High,True,0.938,16,True,False,-0.01598,0.10513,0.09197,1.0,0.6,0.03831,-0.88354,-0.67813,-0.3532,,0.03918,-0.88165,6.20875,-0.04018,-0.02418,-3.96832,wage_share;g_va_3;share_decline_5;g_emp_1_rel_ctry
352,Iceland,21,"Pharmaceuticals,medicinal chemicals, etc.",2023,,Insufficient data,False,0.688,16,True,False,0.16497,0.61346,0.06569,0.0,0.0,0.31024,,,-0.14154,,0.2277,,,0.14077,0.14088,-3.09614,
352,Iceland,22,Rubber and plastics products,2023,0.0227,Low,True,0.938,16,True,False,0.0299,0.01307,0.01561,0.0,0.6,0.01954,-0.0144,0.58373,-0.02304,,0.06525,-0.04302,0.59799,0.0057,0.02136,-4.29786,wage_share;log_emp_share_ctry;share_decline_5;g_emp_1_rel_ctry
352,Iceland,23,Other non-metallic mineral products,2023,0.0227,Low,True,0.938,16,True,False,0.04335,0.16703,0.03671,0.0,0.2,0.08034,0.07803,0.37895,0.00841,,0.08852,0.03324,0.60257,0.01915,0.04934,-3.04694,wage_share;g_out_1;g_prod_1;g_va_1
352,Iceland,24,Basic metals,2023,0.038,Low,True,0.938,16,True,False,0.0242,0.07224,0.02309,0.0,0.4,0.03708,-0.53611,0.85995,-0.27021,,0.09683,-0.54707,0.4075,0.0,0.01837,-2.43904,g_va_1;g_prod_1;g_emp_1_rel_ctry;g_out_1
352,Iceland,25,"Fabricated metal products, except machinery",2023,0.0177,Low,True,0.938,16,True,False,0.01879,0.01655,0.03744,0.0,0.4,0.00883,0.12469,0.49461,0.04614,,0.08231,0.10394,0.57128,-0.00541,0.00551,-2.51528,wage_share;g_emp_1_rel_ctry;g_out_1;g_va_1
352,Iceland,26,"Computer, electronic and optical products",2023,0.1772,Elevated,True,0.938,16,True,False,0.25882,2.11047,0.25391,0.0,0.0,0.5221,0.55525,13.28107,-0.32963,,0.49301,0.23548,0.36865,0.23462,0.24066,-3.75216,vol_emp_5;log_emp_share_ctry;g_out_1
352,Iceland,27,Electrical equipment,2023,0.0653,Watch,True,0.938,16,True,False,0.03106,-0.02924,0.03963,0.0,0.8,-0.02381,0.11834,0.07832,-0.15363,,0.06656,0.08465,0.63369,0.00685,0.01019,-4.92244,share_decline_5;wage_share;log_emp_share_ctry;g_va_3
352,Iceland,28,Machinery and equipment n.e.c.,2023,0.0278,Low,True,0.938,16,True,False,-0.01233,-0.00851,0.03102,1.0,0.6,-0.01563,0.2913,0.0596,0.10148,,0.02351,0.30742,0.7407,-0.03653,-0.02369,-2.87825,wage_share;share_decline_5;g_emp_1_rel_ctry;g_emp_1
352,Iceland,29,"Motor vehicles, trailers and semi-trailers",2023,0.038,Low,True,0.938,16,True,False,0.04255,0.06522,0.05778,0.0,0.6,0.0332,0.10391,0.42689,0.09423,,0.12933,0.05885,0.59292,0.01835,0.03132,-6.14261,log_emp_share_ctry;wage_share;share_decline_5;g_out_1
352,Iceland,30,Other transport equipment,2023,0.2136,High,True,0.938,16,True,False,-0.15714,-0.06349,0.10773,1.0,0.4,-0.09992,0.34092,-0.36187,0.07741,,-0.03624,0.59093,1.21555,-0.18134,-0.20748,-5.95689,wage_share;log_emp_share_ctry;g_emp_1;g_emp_1_rel_ctry
352,Iceland,31,Furniture,2023,0.2136,High,True,0.938,16,True,False,-0.07869,-0.14329,0.02873,3.0,0.8,-0.10401,-0.04603,0.07161,-0.02928,,0.00238,0.03545,0.74592,-0.10289,-0.04761,-4.39607,wage_share;share_decline_5;g_emp_1;log_emp_share_ctry
352,Iceland,32,Other manufacturing,2023,0.0227,Low,True,0.938,16,True,False,0.06767,0.30575,0.03643,0.0,0.0,0.15427,-0.1535,0.3092,-0.05926,,0.04688,-0.20715,0.57398,0.04347,0.05026,-2.99916,wage_share;g_wages_1;g_prod_1;g_va_1
352,Iceland,33,Repair and installation of machinery/equipment,2023,0.0227,Low,True,0.938,16,True,False,0.06217,0.06217,0.03412,0.0,0.4,0.039,0.14174,0.62942,0.20401,,0.13266,0.07491,0.6548,0.03797,0.04156,-2.93358,wage_share;g_out_1;g_prod_1;g_va_1
356,India,10,Food products,2023,,Insufficient data,False,0.438,16,True,False,,,0.04318,0.0,0.0,,0.10248,0.23755,0.0781,0.33077,,,,,,,
356,India,11,Beverages,2023,,Insufficient data,False,0.438,16,True,False,,,0.08654,0.0,0.25,,0.07749,0.57102,0.08523,0.64669,,,,,,,
356,India,12,Tobacco products,2023,,Insufficient data,False,0.438,16,True,False,,,0.03178,0.0,0.75,,-0.00226,0.12835,-0.06475,0.03892,,,,,,,
356,India,13,Textiles,2023,,Insufficient data,False,0.438,16,True,False,,,0.0487,0.0,0.5,,0.00616,0.20323,-0.05496,0.36964,,,,,,,
356,India,14,Wearing apparel,2023,,Insufficient data,False,0.438,16,True,False,,,0.12258,0.0,0.25,,0.01132,0.59169,-0.06922,0.51775,,,,,,,
356,India,15,Leather and related products,2023,,Insufficient data,False,0.438,16,True,False,,,0.10309,0.0,0.25,,-0.00679,0.35158,-0.08651,0.23966,,,,,,,
356,India,16,"Wood products, excluding furniture",2023,,Insufficient data,False,0.438,16,True,False,,,0.05083,0.0,0.5,,0.13206,0.53438,0.2082,0.79157,,,,,,,
356,India,17,Paper and paper products,2023,,Insufficient data,False,0.438,16,True,False,,,0.04329,0.0,0.25,,0.01384,0.53076,-0.00336,0.5826,,,,,,,
356,India,18,Printing and reproduction of recorded media,2023,,Insufficient data,False,0.438,16,True,False,,,0.11142,0.0,0.25,,-0.12171,0.43377,-0.02205,0.68892,,,,,,,
356,India,19,Coke and refined petroleum products,2023,,Insufficient data,False,0.438,16,True,False,,,0.08917,0.0,0.25,,-0.23445,1.06877,-0.12484,0.96642,,,,,,,
356,India,20,Chemicals and chemical products,2023,,Insufficient data,False,0.438,16,True,False,,,0.01695,0.0,0.0,,-0.04607,0.04516,-0.10326,0.42312,,,,,,,
356,India,21,"Pharmaceuticals,medicinal chemicals, etc.",2023,,Insufficient data,False,0.438,16,True,False,,,0.00992,0.0,0.0,,0.05016,0.10744,0.03727,0.14488,,,,,,,
356,India,22,Rubber and plastics products,2023,,Insufficient data,False,0.438,16,True,False,,,0.0503,0.0,0.25,,0.09281,0.28742,-0.00177,0.42658,,,,,,,
356,India,23,Other non-metallic mineral products,2023,,Insufficient data,False,0.438,16,True,False,,,0.02743,0.0,0.25,,0.16068,0.25025,0.07546,0.46895,,,,,,,
356,India,24,Basic metals,2023,,Insufficient data,False,0.438,16,True,False,,,0.04416,0.0,0.25,,0.0639,0.18147,-0.01822,0.61426,,,,,,,
356,India,25,"Fabricated metal products, except machinery",2023,,Insufficient data,False,0.438,16,True,False,,,0.06183,0.0,0.25,,-0.02412,0.45043,0.02815,0.59087,,,,,,,
356,India,26,"Computer, electronic and optical products",2023,,Insufficient data,False,0.438,16,True,False,,,0.09385,0.0,0.0,,0.1422,0.68291,0.14718,1.20687,,,,,,,
356,India,27,Electrical equipment,2023,,Insufficient data,False,0.438,16,True,False,,,0.06858,0.0,0.25,,0.2669,0.92527,0.14115,0.83283,,,,,,,
356,India,28,Machinery and equipment n.e.c.,2023,,Insufficient data,False,0.438,16,True,False,,,0.04552,0.0,0.25,,0.17207,0.54125,0.10437,0.72802,,,,,,,
356,India,29,"Motor vehicles, trailers and semi-trailers",2023,,Insufficient data,False,0.438,16,True,False,,,0.04116,0.0,0.25,,0.20149,0.89856,0.08865,0.83999,,,,,,,
356,India,30,Other transport equipment,2023,,Insufficient data,False,0.438,16,True,False,,,0.10822,0.0,0.25,,0.20862,0.46518,0.07922,0.39181,,,,,,,
356,India,31,Furniture,2023,,Insufficient data,False,0.438,16,True,False,,,0.06705,0.0,0.0,,0.18374,0.66864,0.07639,0.71892,,,,,,,
356,India,32,Other manufacturing,2023,,Insufficient data,False,0.438,16,True,False,,,0.04714,0.0,0.0,,0.16829,0.72087,0.00231,0.35104,,,,,,,
356,India,33,Repair and installation of machinery/equipment,2023,,Insufficient data,False,0.438,16,True,False,,,0.05978,0.0,0.25,,0.06841,0.58927,0.07291,0.34722,,,,,,,
368,Iraq,10,Food products,2023,,Insufficient data,False,0.25,16,True,False,,,1.32795,0.0,0.5,,,,,,-0.22896,,,,,,
368,Iraq,11,Beverages,2023,,Insufficient data,False,0.25,16,True,False,,,0.24546,0.0,0.5,,,,,,-0.9646,,,,,,
368,Iraq,12,Tobacco products,2023,,Insufficient data,False,0.062,16,True,False,,,,0.0,,,,,,,,,,,,,
368,Iraq,13,Textiles,2023,,Insufficient data,False,0.25,16,True,False,,,0.69351,0.0,0.5,,,,,,-0.8232,,,,,,
368,Iraq,14,Wearing apparel,2023,,Insufficient data,False,0.25,16,True,False,,,0.17917,0.0,0.5,,,,,,-0.06274,,,,,,
368,Iraq,15,Leather and related products,2023,,Insufficient data,False,0.25,16,True,False,,,0.08394,0.0,0.75,,,,,,-0.98114,,,,,,
368,Iraq,16,"Wood products, excluding furniture",2023,,Insufficient data,False,0.25,16,True,False,,,22.32294,0.0,0.25,,,,,,0.12951,,,,,,
368,Iraq,17,Paper and paper products,2023,,Insufficient data,False,0.25,16,True,False,,,3.70623,0.0,0.5,,,,,,-0.85093,,,,,,
368,Iraq,18,Printing and reproduction of recorded media,2023,,Insufficient data,False,0.25,16,True,False,,,0.88114,0.0,0.25,,,,,,-0.53247,,,,,,
368,Iraq,19,Coke and refined petroleum products,2023,,Insufficient data,False,0.25,16,True,False,,,0.33277,0.0,0.25,,,,,,-0.99983,,,,,,
368,Iraq,20,Chemicals and chemical products,2023,,Insufficient data,False,0.25,16,True,False,,,0.23056,0.0,0.5,,,,,,-0.99312,,,,,,
368,Iraq,21,"Pharmaceuticals,medicinal chemicals, etc.",2023,,Insufficient data,False,0.25,16,True,False,,,0.48042,0.0,0.75,,,,,,-1.0,,,,,,
368,Iraq,22,Rubber and plastics products,2023,,Insufficient data,False,0.25,16,True,False,,,0.65818,0.0,0.25,,,,,,-0.58221,,,,,,
368,Iraq,23,Other non-metallic mineral products,2023,,Insufficient data,False,0.25,16,True,False,,,0.20801,0.0,0.25,,,,,,-0.90924,,,,,,
368,Iraq,24,Basic metals,2023,,Insufficient data,False,0.188,16,True,False,,,,0.0,0.0,,,,,,-0.86641,,,,,,
368,Iraq,25,"Fabricated metal products, except machinery",2023,,Insufficient data,False,0.25,16,True,False,,,1.2547,0.0,0.25,,,,,,-0.18506,,,,,,
368,Iraq,26,"Computer, electronic and optical products",2023,,Insufficient data,False,0.25,16,True,False,,,1.70766,0.0,0.33333,,,,,,-0.05791,,,,,,
368,Iraq,27,Electrical equipment,2023,,Insufficient data,False,0.25,16,True,False,,,0.15606,0.0,0.5,,,,,,-0.98413,,,,,,
368,Iraq,28,Machinery and equipment n.e.c.,2023,,Insufficient data,False,0.25,16,True,False,,,0.13145,0.0,1.0,,,,,,-0.99984,,,,,,
368,Iraq,29,"Motor vehicles, trailers and semi-trailers",2023,,Insufficient data,False,0.25,16,True,False,,,0.14586,0.0,0.5,,,,,,-1.0,,,,,,
368,Iraq,30,Other transport equipment,2023,,Insufficient data,False,0.25,16,True,False,,,0.97333,0.0,0.33333,,,,,,0.27152,,,,,,
368,Iraq,31,Furniture,2023,,Insufficient data,False,0.25,16,True,False,,,29.25344,0.0,0.25,,,,,,0.10684,,,,,,
368,Iraq,32,Other manufacturing,2023,,Insufficient data,False,0.25,16,True,False,,,1.7853,0.0,0.33333,,,,,,0.12159,,,,,,
368,Iraq,33,Repair and installation of machinery/equipment,2023,,Insufficient data,False,0.062,16,True,False,,,,0.0,,,,,,,,,,,,,
372,Ireland,10,Food products,2023,,Insufficient data,False,0.75,16,True,False,0.03317,,,0.0,0.0,0.0567,0.13754,,0.14224,,0.22858,0.10101,0.27578,0.024,0.01925,-1.14745,
372,Ireland,13,Textiles,2023,,Insufficient data,False,0.75,16,True,False,-0.02384,,,1.0,0.5,0.00654,-0.41722,,0.03684,,0.21032,-0.40299,0.58641,-0.03301,-0.00979,-4.59823,
372,Ireland,14,Wearing apparel,2023,0.2477,High,True,0.75,16,True,False,0.14059,0.64733,0.1954,0.0,0.25,0.23339,,1.16569,,,0.41514,,0.63658,0.13142,0.14997,-5.11109,wage_share;log_emp_share_ctry;vol_emp_5
372,Ireland,16,"Wood products, excluding furniture",2023,0.1385,Elevated,True,0.938,16,True,False,-0.01966,0.15662,0.05184,1.0,0.5,0.06389,0.57544,0.4481,0.16293,,0.04207,0.60703,0.56536,-0.02883,0.00583,-3.35727,wage_share;g_emp_1;g_emp_1_rel_ctry;g_wages_1
372,Ireland,17,Paper and paper products,2023,0.0653,Watch,True,0.938,16,True,False,0.00497,0.05722,0.02789,0.0,0.0,0.04524,0.04814,1.52301,0.29981,,0.08898,0.04295,0.55812,-0.0042,-0.01048,-3.84087,wage_share;log_emp_share_ctry;g_emp_1_rel_ctry;g_emp_1
372,Ireland,18,Printing and reproduction of recorded media,2023,,Insufficient data,False,0.25,16,True,False,,,,0.0,,-0.10543,,,,,,,0.67935,,,-3.73997,
372,Ireland,20,Chemicals and chemical products,2023,,Insufficient data,False,0.75,16,True,False,-0.00348,,,1.0,0.5,0.01123,-0.38641,,-0.11628,,0.143,-0.38427,0.13431,-0.01265,-0.01167,-2.74791,
372,Ireland,22,Rubber and plastics products,2023,0.0366,Low,True,0.938,16,True,False,0.01081,0.13764,0.06624,0.0,0.25,0.04469,-0.31946,0.39023,0.09247,,0.10353,-0.32674,0.50755,0.00164,0.00227,-2.86562,wage_share;g_va_1;g_prod_1;g_emp_1_rel_ctry
372,Ireland,25,"Fabricated metal products, except machinery",2023,0.0,Low,True,0.875,16,True,False,0.03728,0.18406,0.04556,0.0,0.25,0.09114,-0.33991,-0.01034,,,0.04185,-0.36364,0.5785,0.02811,0.024,-2.27837,wage_share;g_va_3;g_wages_1;g_prod_1
372,Ireland,28,Machinery and equipment n.e.c.,2023,,Insufficient data,False,0.75,16,True,False,0.0072,,,0.0,0.0,0.03415,-0.18229,,0.07061,,0.05968,-0.18813,0.38046,-0.00197,-0.00416,-2.57919,
372,Ireland,30,Other transport equipment,2023,,Insufficient data,False,0.75,16,True,False,0.04991,,,0.0,0.0,0.22516,-0.31996,,-0.02908,,-0.09741,-0.35229,0.59922,0.04074,-0.00043,-5.71645,
372,Ireland,32,Other manufacturing,2023,,Insufficient data,False,0.5,16,True,False,0.06573,,,0.0,0.0,0.03132,,,,,0.01441,,,0.05656,0.04832,-1.42523,
372,Ireland,33,Repair and installation of machinery/equipment,2023,,Insufficient data,False,0.688,16,True,False,0.00753,,,0.0,0.0,0.02669,-0.1579,,,,0.15828,-0.16419,0.52364,-0.00164,-0.01308,-3.1384,
380,Italy,10,Food products,2023,0.0,Low,True,0.938,16,True,False,0.03542,0.05266,0.01263,0.0,0.2,0.03576,0.19231,0.22882,0.08606,,0.09176,0.15153,0.37591,0.02492,0.0215,-2.24134,g_va_3;g_out_1
380,Italy,11,Beverages,2023,0.0,Low,True,0.938,16,True,False,-0.0046,0.03822,0.02071,1.0,0.4,0.01119,0.12945,0.25773,0.02711,,0.07548,0.13467,0.29673,-0.01511,-0.02762,-4.4783,log_emp_share_ctry;g_emp_1_rel_ctry;g_emp_1;g_out_1
380,Italy,12,Tobacco products,2023,,Insufficient data,False,0.5,16,True,False,,0.19654,0.18771,0.0,0.66667,0.13576,,0.72292,,,,,0.14616,,,-6.86312,
380,Italy,13,Textiles,2023,0.0177,Low,True,0.938,16,True,False,0.00644,0.01511,0.02051,0.0,0.6,0.00393,0.0227,0.31747,-0.04462,,0.0487,0.01616,0.41313,-0.00407,0.02048,-3.60607,share_decline_5;g_emp_1_rel_ctry;g_wages_1;g_out_1
380,Italy,14,Wearing apparel,2023,0.0,Low,True,0.938,16,True,False,0.06213,0.04912,0.03289,0.0,0.4,0.03893,0.15086,0.49556,0.11239,,0.15305,0.08354,0.39488,0.05163,0.07151,-2.96207,g_out_1;g_prod_1
380,Italy,15,Leather and related products,2023,0.0227,Low,True,0.938,16,True,False,0.01363,0.05393,0.02991,0.0,0.2,0.02241,-0.00736,0.5496,-0.03812,,0.04278,-0.0207,0.39065,0.00312,0.0494,-3.26376,g_wages_1;g_emp_1_rel_ctry;g_out_1;g_va_1
380,Italy,16,"Wood products, excluding furniture",2023,0.0227,Low,True,0.938,16,True,False,-0.00624,0.07134,0.03352,1.0,0.6,0.02382,0.03456,0.54697,-0.08433,,0.05617,0.04106,0.33546,-0.01674,0.01925,-3.97267,share_decline_5;log_emp_share_ctry;g_emp_1_rel_ctry;g_emp_1
380,Italy,17,Paper and paper products,2023,0.0177,Low,True,0.938,16,True,False,0.00727,0.05347,0.0112,0.0,0.0,0.03255,0.0133,0.27962,-0.11856,,0.02633,0.00599,0.3248,-0.00324,-0.00818,-3.85941,log_emp_share_ctry;g_wages_1;g_emp_1_rel_ctry;g_out_1
380,Italy,18,Printing and reproduction of recorded media,2023,0.0,Low,True,0.938,16,True,False,-0.00531,-0.05054,0.01548,5.0,1.0,-0.03902,0.03836,0.17861,-0.01146,,0.03227,0.0439,0.40061,-0.01581,0.01138,-4.14899,share_decline_5;log_emp_share_ctry;g_emp_1_rel_ctry;g_emp_1
380,Italy,19,Coke and refined petroleum products,2023,,Insufficient data,False,0.438,16,True,False,,0.52944,0.0246,0.0,0.33333,0.2962,,,,,,,0.19219,,,-5.28742,
380,Italy,20,Chemicals and chemical products,2023,0.0177,Low,True,0.938,16,True,False,0.01223,0.0405,0.02971,0.0,0.2,0.01267,0.07031,0.14938,-0.0971,,0.05356,0.05738,0.34244,0.00173,0.00404,-3.4313,g_emp_1_rel_ctry;g_va_3;g_wages_1;g_out_1
380,Italy,21,"Pharmaceuticals,medicinal chemicals, etc.",2023,0.0,Low,True,0.938,16,True,False,-0.00059,-0.04528,0.01811,3.0,0.6,-0.01786,0.1082,-0.00657,0.05277,,0.04028,0.10885,0.31923,-0.01109,-0.02468,-3.99364,share_decline_5;log_emp_share_ctry;g_emp_1_rel_ctry;g_va_3
380,Italy,22,Rubber and plastics products,2023,0.0177,Low,True,0.938,16,True,False,0.00171,0.03689,0.00877,0.0,0.0,0.01745,0.07025,0.24903,-0.06023,,0.05615,0.06843,0.37447,-0.0088,-0.00683,-2.98209,g_emp_1_rel_ctry;g_wages_1;g_emp_1;g_out_1
380,Italy,23,Other non-metallic mineral products,2023,0.0,Low,True,0.938,16,True,False,0.01527,0.05365,0.01632,0.0,0.4,0.02628,0.10805,0.46353,0.0252,,0.06548,0.09138,0.33049,0.00477,0.02126,-3.27297,g_emp_1_rel_ctry;g_wages_1;g_out_1;g_va_1
380,Italy,24,Basic metals,2023,0.0227,Low,True,0.938,16,True,False,0.00878,0.03891,0.02504,0.0,0.2,0.01066,-0.19981,0.42802,-0.15936,,0.08272,-0.20677,0.34874,-0.00173,0.00294,-3.42656,g_emp_1_rel_ctry;g_va_1;g_prod_1;g_out_1
380,Italy,25,"Fabricated metal products, except machinery",2023,0.0177,Low,True,0.938,16,True,False,0.0321,0.09659,0.01006,0.0,0.0,0.06135,0.09301,0.40743,0.01038,,0.09208,0.05902,0.39771,0.0216,0.01882,-1.89605,g_out_1;g_prod_1;g_va_1
380,Italy,26,"Computer, electronic and optical products",2023,0.0,Low,True,0.938,16,True,False,0.01879,0.08165,0.01303,0.0,0.0,0.04741,0.06505,0.30223,0.03148,,0.08315,0.04541,0.44221,0.00828,0.00063,-3.63996,g_emp_1_rel_ctry;g_out_1;g_va_1;g_prod_1
380,Italy,27,Electrical equipment,2023,0.0227,Low,True,0.938,16,True,False,-0.03167,0.02871,0.03064,1.0,0.4,-0.00532,0.05163,0.27915,-0.02767,,0.00978,0.08603,0.38962,-0.04217,-0.05254,-3.20313,g_emp_1;g_emp_1_rel_ctry;g_wages_1;g_out_1
380,Italy,28,Machinery and equipment n.e.c.,2023,0.0,Low,True,0.938,16,True,False,0.02067,0.05371,0.01219,0.0,0.2,0.03291,0.11461,0.2816,0.04959,,0.07935,0.09203,0.42312,0.01017,0.00931,-1.99013,g_emp_1_rel_ctry;g_out_1;g_va_1;g_prod_1
380,Italy,29,"Motor vehicles, trailers and semi-trailers",2023,0.0227,Low,True,0.938,16,True,False,-0.00176,-0.02898,0.02553,3.0,0.8,-0.00802,0.24485,0.77891,0.19292,,0.09716,0.24705,0.33088,-0.01226,-0.01299,-3.05154,share_decline_5;g_emp_1_rel_ctry;g_emp_1;g_emp_3
380,Italy,30,Other transport equipment,2023,0.0,Low,True,0.938,16,True,False,0.07778,0.14728,0.01952,0.0,0.0,0.09485,0.13836,0.35018,0.13248,,0.16134,0.05621,0.42705,0.06727,0.02744,-3.39828,g_out_1;g_prod_1;g_va_1
380,Italy,31,Furniture,2023,0.0,Low,True,0.938,16,True,False,0.00415,0.03214,0.01488,0.0,0.4,0.01403,0.0709,0.29051,0.00681,,0.06505,0.06647,0.41973,-0.00635,0.03523,-3.46505,g_emp_1_rel_ctry;g_wages_1;g_emp_1;g_out_1
380,Italy,32,Other manufacturing,2023,0.0,Low,True,0.938,16,True,False,0.0242,0.06744,0.01543,0.0,0.2,0.03687,0.11058,0.28419,0.0578,,0.08028,0.08433,0.37442,0.0137,0.00679,-3.57223,g_out_1;g_emp_1_rel_ctry;g_prod_1;g_va_1
380,Italy,33,Repair and installation of machinery/equipment,2023,0.0177,Low,True,0.938,16,True,False,0.0602,0.12869,0.04933,0.0,0.2,0.06472,0.14659,0.31902,0.16219,,0.13602,0.08148,0.44539,0.0497,0.0396,-3.27629,g_out_1;g_prod_1
384,Côte d'Ivoire,10,Food products,2023,,Insufficient data,False,0.188,16,True,False,,,,0.0,,,0.23833,0.31907,,,,,,,,,
384,Côte d'Ivoire,19,Coke and refined petroleum products,2023,,Insufficient data,False,0.188,16,True,False,,,,0.0,,,0.11004,0.5764,,,,,,,,,
392,Japan,10,Food products,2023,,Insufficient data,False,0.438,16,True,True,,,,0.0,,,-0.03319,-0.2178,-0.02632,-0.15276,-0.04774,,0.34327,,,,
392,Japan,11,Beverages,2023,,Insufficient data,False,0.438,16,True,True,,,,0.0,,,-0.03297,-0.19188,-0.00861,-0.1044,-0.06209,,0.15501,,,,
392,Japan,13,Textiles,2023,,Insufficient data,False,0.438,16,True,True,,,,0.0,,,0.00397,-0.13349,-0.00051,-0.12496,-0.05656,,0.46198,,,,
392,Japan,15,Leather and related products,2023,,Insufficient data,False,0.438,16,True,True,,,,0.0,,,0.03172,-0.10727,0.01222,-0.09883,-0.05278,,0.46911,,,,
392,Japan,16,"Wood products, excluding furniture",2023,,Insufficient data,False,0.438,16,True,True,,,,0.0,,,-0.19774,-0.12549,-0.14241,-0.04531,-0.06628,,0.34809,,,,
392,Japan,17,Paper and paper products,2023,,Insufficient data,False,0.438,16,True,True,,,,0.0,,,0.04921,-0.25077,-0.0152,-0.1262,-0.06008,,0.36697,,,,
392,Japan,18,Printing and reproduction of recorded media,2023,,Insufficient data,False,0.438,16,True,True,,,,0.0,,,-0.07619,-0.18265,-0.05536,-0.15397,-0.07706,,0.458,,,,
392,Japan,19,Coke and refined petroleum products,2023,,Insufficient data,False,0.375,16,True,True,,,,0.0,,,,-0.96077,-0.14705,0.17144,-0.0668,,2.37689,,,,
392,Japan,20,Chemicals and chemical products,2023,,Insufficient data,False,0.438,16,True,True,,,,0.0,,,-0.08032,-0.21272,-0.08849,-0.11294,-0.03317,,0.19446,,,,
392,Japan,22,Rubber and plastics products,2023,,Insufficient data,False,0.438,16,True,True,,,,0.0,,,-0.03061,-0.18988,-0.03498,-0.14509,-0.05186,,0.3926,,,,
392,Japan,23,Other non-metallic mineral products,2023,,Insufficient data,False,0.438,16,True,True,,,,0.0,,,-0.06055,-0.20276,-0.05134,-0.14216,-0.05483,,0.33696,,,,
392,Japan,24,Basic metals,2023,,Insufficient data,False,0.438,16,True,True,,,,0.0,,,-0.17763,0.02191,-0.06837,0.15187,-0.04459,,0.3234,,,,
392,Japan,25,"Fabricated metal products, except machinery",2023,,Insufficient data,False,0.438,16,True,True,,,,0.0,,,-0.03641,-0.179,-0.03757,-0.11967,-0.06009,,0.42005,,,,
392,Japan,26,"Computer, electronic and optical products",2023,,Insufficient data,False,0.438,16,True,True,,,,0.0,,,-0.05348,-0.10331,-0.0364,-0.11038,-0.05006,,0.35915,,,,
392,Japan,28,Machinery and equipment n.e.c.,2023,,Insufficient data,False,0.438,16,True,True,,,,0.0,,,-0.08521,-0.08567,-0.06936,-0.07479,-0.0478,,0.39867,,,,
392,Japan,29,"Motor vehicles, trailers and semi-trailers",2023,,Insufficient data,False,0.438,16,True,True,,,,0.0,,,0.05216,0.08204,0.05959,0.00835,-0.02917,,0.31733,,,,
392,Japan,31,Furniture,2023,,Insufficient data,False,0.438,16,True,True,,,,0.0,,,-0.04983,-0.21224,-0.05248,-0.23236,-0.06487,,0.44809,,,,
392,Japan,32,Other manufacturing,2023,,Insufficient data,False,0.438,16,True,True,,,,0.0,,,-0.03979,-0.14098,-0.05553,-0.15484,-0.05241,,0.33316,,,,
398,Kazakhstan,10,Food products,2023,0.0227,Low,True,1.0,16,True,False,0.05604,0.04897,0.03953,0.0,0.4,0.03854,0.03584,0.46232,0.0208,0.52376,0.47105,-0.01914,0.07993,0.02405,0.04212,-1.78703,g_out_1;g_prod_1;g_va_1
398,Kazakhstan,11,Beverages,2023,0.0177,Low,True,1.0,16,True,False,0.01567,0.04954,0.04072,0.0,0.4,0.04505,-0.18581,-0.00497,0.16491,0.18427,0.13841,-0.19837,0.06843,-0.01633,-0.00735,-3.39163,g_emp_1_rel_ctry;g_va_3;g_va_1;g_prod_1
398,Kazakhstan,12,Tobacco products,2023,0.0366,Low,True,1.0,16,True,False,0.07775,0.01858,0.04168,0.0,0.8,0.02553,-0.01391,0.38973,-0.0284,0.23774,0.27023,-0.08505,0.09446,0.04576,0.07194,-5.57438,share_decline_5;log_emp_share_ctry;g_prod_1;g_out_1
398,Kazakhstan,13,Textiles,2023,0.0517,Watch,True,1.0,16,True,False,-0.00398,-0.1059,0.09436,2.0,0.8,-0.13418,0.21537,0.7396,0.22234,0.67846,0.22123,0.22023,0.07344,-0.03597,0.01006,-4.25761,share_decline_5;log_emp_share_ctry;g_emp_1_rel_ctry;emp_dev5
398,Kazakhstan,14,Wearing apparel,2023,0.0177,Low,True,1.0,16,True,False,0.04832,0.02664,0.02585,0.0,0.4,0.03118,0.20922,0.50489,0.34807,0.5724,0.24162,0.15349,0.23986,0.01633,0.05769,-4.05494,log_emp_share_ctry
398,Kazakhstan,15,Leather and related products,2023,0.2477,High,True,1.0,16,True,False,-0.24422,-0.27586,0.09062,2.0,0.8,-0.28,0.00772,0.11154,-0.01541,0.3452,-0.03686,0.33335,0.09527,-0.27621,-0.20844,-6.29272,g_emp_1;log_emp_share_ctry;share_decline_5;g_emp_1_rel_ctry
398,Kazakhstan,16,"Wood products, excluding furniture",2023,0.2477,High,True,1.0,16,True,False,-0.41945,-0.35254,0.27403,1.0,0.4,-0.40581,0.44996,1.04217,0.59067,1.29454,-0.45762,1.49758,0.00482,-0.45144,-0.39396,-7.41717,g_emp_1;log_emp_share_ctry;g_emp_1_rel_ctry;g_wages_1
398,Kazakhstan,17,Paper and paper products,2023,0.2136,High,True,1.0,16,True,False,0.39748,0.13754,0.21555,0.0,0.2,0.11977,0.0432,0.28491,0.05183,0.77135,0.83938,-0.25352,0.14013,0.36549,0.38204,-4.55782,vol_emp_5;log_emp_share_ctry;g_prod_1;g_out_1
398,Kazakhstan,18,Printing and reproduction of recorded media,2023,0.294,High,True,1.0,16,True,False,-0.04156,-0.23693,0.16362,1.0,0.8,-0.10995,0.00296,0.07188,0.01356,0.1415,0.23795,0.04645,0.12649,-0.07355,-0.02487,-5.61932,share_decline_5;log_emp_share_ctry;g_emp_1;g_emp_1_rel_ctry
398,Kazakhstan,19,Coke and refined petroleum products,2023,0.038,Low,True,1.0,16,True,False,0.13004,0.14347,0.06212,0.0,0.4,0.08622,-0.00057,0.30881,-0.04061,0.28416,0.34381,-0.11558,0.07498,0.09805,0.12666,-3.52813,g_prod_1;g_out_1;g_va_1;g_out_3
398,Kazakhstan,20,Chemicals and chemical products,2023,0.0366,Low,True,1.0,16,True,False,0.15071,0.21154,0.06346,0.0,0.2,0.12839,0.21984,0.71553,0.10986,1.01742,0.33068,0.06007,0.14953,0.11872,0.14252,-2.7119,g_out_1;g_prod_1
398,Kazakhstan,21,"Pharmaceuticals,medicinal chemicals, etc.",2023,0.0366,Low,True,1.0,16,True,False,-0.01794,0.02817,0.02992,1.0,0.4,0.02051,-0.03003,-0.124,-0.06736,-0.20686,0.20147,-0.01231,0.06947,-0.04993,-0.04203,-4.4183,log_emp_share_ctry;g_emp_1_rel_ctry;g_emp_1;g_out_3
398,Kazakhstan,22,Rubber and plastics products,2023,0.2136,High,True,1.0,16,True,False,0.16531,0.53476,0.13034,0.0,0.2,0.29319,-0.01202,0.60427,-0.03093,0.60622,0.51022,-0.15218,0.09031,0.13332,0.15678,-3.96544,log_emp_share_ctry;vol_emp_5;g_prod_1;g_out_1
398,Kazakhstan,23,Other non-metallic mineral products,2023,0.0227,Low,True,1.0,16,True,False,-0.00541,0.04025,0.04722,1.0,0.6,-0.00636,0.08664,0.37974,0.07362,0.59742,0.19685,0.09255,0.11785,-0.0374,0.00057,-2.46559,share_decline_5;g_emp_1_rel_ctry;g_emp_1;g_out_1
398,Kazakhstan,24,Basic metals,2023,0.0227,Low,True,1.0,16,True,False,0.01289,0.06129,0.02435,0.0,0.2,0.04087,0.00889,0.37783,-0.09606,0.36189,0.20694,-0.00396,0.10296,-0.0191,0.00706,-1.24953,g_emp_1_rel_ctry;g_out_1;g_va_1;g_prod_1
398,Kazakhstan,25,"Fabricated metal products, except machinery",2023,0.0177,Low,True,1.0,16,True,False,0.0834,-0.04075,0.0585,0.0,0.8,0.00099,0.20287,0.4931,0.19079,0.53567,0.31575,0.11028,0.08412,0.05141,0.07011,-3.61904,share_decline_5;g_emp_3;g_out_1;g_prod_1
398,Kazakhstan,26,"Computer, electronic and optical products",2023,0.294,High,True,1.0,16,True,False,-0.02677,-0.00196,0.16289,2.0,0.8,-0.13643,-0.16879,-0.09085,-0.25256,0.13047,0.20434,-0.14593,0.13464,-0.05876,-0.04493,-6.437,log_emp_share_ctry;share_decline_5;vol_emp_5;g_emp_1_rel_ctry
398,Kazakhstan,27,Electrical equipment,2023,0.0653,Watch,True,1.0,16,True,False,0.22829,-0.0502,0.14051,0.0,0.4,0.01195,0.09858,0.55176,0.07595,0.64105,0.51457,-0.1056,0.1231,0.1963,0.20742,-3.83205,vol_emp_5;log_emp_share_ctry;g_prod_1;g_emp_3
398,Kazakhstan,28,Machinery and equipment n.e.c.,2023,0.0227,Low,True,1.0,16,True,False,0.1199,0.20436,0.04561,0.0,0.2,0.13539,0.151,0.86795,0.17294,0.95801,0.44062,0.02777,0.20035,0.08791,0.10854,-2.86882,g_prod_1;g_out_1
398,Kazakhstan,29,"Motor vehicles, trailers and semi-trailers",2023,0.1191,Elevated,True,1.0,16,True,False,0.28211,0.5256,0.15725,0.0,0.2,0.33538,0.55879,1.94191,0.519,1.823,0.51414,0.2158,0.02655,0.25012,0.27087,-3.99696,vol_emp_5;log_emp_share_ctry
398,Kazakhstan,30,Other transport equipment,2023,0.0517,Watch,True,1.0,16,True,False,0.07897,0.10993,0.10576,0.0,0.6,0.01234,0.2551,0.7625,0.33746,1.02708,0.31726,0.16324,0.11452,0.04698,0.02864,-4.28647,log_emp_share_ctry;share_decline_5;vol_emp_5
398,Kazakhstan,31,Furniture,2023,0.2477,High,True,1.0,16,True,False,-0.34025,-0.3102,0.15542,1.0,0.6,-0.30699,0.38932,0.76825,0.57999,0.96778,-0.19247,1.10583,0.04081,-0.37224,-0.30917,-5.80878,g_emp_1;g_emp_1_rel_ctry;log_emp_share_ctry;g_wages_1
398,Kazakhstan,32,Other manufacturing,2023,0.2136,High,True,1.0,16,True,False,-0.02751,0.02911,0.20453,1.0,0.4,-0.15971,0.12761,0.05385,0.26417,0.1891,0.24671,0.1595,0.12809,-0.0595,-0.04492,-5.67002,log_emp_share_ctry;vol_emp_5;g_emp_1_rel_ctry;g_emp_1
398,Kazakhstan,33,Repair and installation of machinery/equipment,2023,0.0653,Watch,True,1.0,16,True,False,-0.03114,-0.05015,0.0307,4.0,0.8,-0.05277,0.47314,0.73681,0.30851,0.88249,0.1445,0.52049,0.36057,-0.06313,-0.05175,-2.27065,share_decline_5;g_emp_1_rel_ctry;g_emp_1;emp_dev5
404,Kenya,10,Food products,2023,0.0227,Low,True,1.0,16,True,True,0.01724,0.05127,0.04469,0.0,0.25,0.00923,-0.14624,-0.18889,-0.13993,-0.1945,-0.12015,-0.16072,0.2428,0.00144,0.00332,-1.13203,g_wages_1;g_va_3;g_out_3;g_emp_1_rel_ctry
404,Kenya,11,Beverages,2023,0.0366,Low,True,1.0,16,True,True,0.00909,0.07154,0.06912,0.0,0.25,0.00613,-0.13851,-0.16427,-0.13753,-0.15908,-0.13027,-0.14627,0.16252,-0.00671,-0.01392,-3.29645,g_wages_1;g_va_3;g_out_3;g_emp_1_rel_ctry
404,Kenya,12,Tobacco products,2023,0.2136,High,True,1.0,16,True,True,-0.02198,0.0007,0.01921,2.0,0.75,-0.01131,-0.21858,-0.46406,-0.21858,-0.46406,-0.12974,-0.20102,0.71256,-0.03778,-0.02779,-5.54863,wage_share;log_emp_share_ctry;share_decline_5;g_wages_1
404,Kenya,13,Textiles,2023,0.294,High,True,1.0,16,True,True,0.00983,0.24266,0.11213,0.0,0.25,0.07346,-0.15166,-0.2308,-0.15218,-0.23123,-0.07611,-0.15992,1.56071,-0.00597,0.02388,-2.07766,wage_share;g_wages_1;g_va_3;g_out_3
404,Kenya,14,Wearing apparel,2023,0.2136,High,True,1.0,16,True,True,0.06299,0.47143,0.14097,0.0,0.25,0.1822,-0.15507,-0.1884,-0.15558,-0.18885,-0.10018,-0.20514,0.52223,0.04719,0.07237,-2.11197,wage_share;g_wages_1;vol_emp_5;g_va_3
404,Kenya,15,Leather and related products,2023,0.0366,Low,True,1.0,16,True,True,0.01339,0.06566,0.08089,0.0,0.25,-0.00473,0.02592,0.41063,0.02592,0.41063,-0.0973,0.01236,0.09296,-0.00241,0.04917,-4.06457,g_wages_1;log_emp_share_ctry;g_emp_1_rel_ctry;g_out_1
404,Kenya,16,"Wood products, excluding furniture",2023,0.0227,Low,True,1.0,16,True,True,0.00111,-0.00232,0.00601,0.0,0.5,-0.00415,-0.18525,0.29597,-0.18525,0.29597,-0.10904,-0.18615,0.69906,-0.0147,0.0266,-3.70088,wage_share;g_wages_1;g_emp_1_rel_ctry;log_emp_share_ctry
404,Kenya,17,Paper and paper products,2023,0.0653,Watch,True,1.0,16,True,True,0.019,0.17186,0.09372,0.0,0.25,0.0446,-0.19306,-0.17149,-0.19306,-0.17149,-0.08172,-0.2081,0.27431,0.0032,0.00355,-3.64598,g_wages_1;g_va_3;g_out_3;g_emp_1_rel_ctry
404,Kenya,18,Printing and reproduction of recorded media,2023,0.1385,Elevated,True,1.0,16,True,True,0.06517,0.27608,0.13978,0.0,0.25,0.07609,-0.1302,-0.08786,-0.1302,-0.08786,-0.08014,-0.18342,0.24669,0.04937,0.08186,-3.83183,g_wages_1;vol_emp_5;g_va_3;log_emp_share_ctry
404,Kenya,19,Coke and refined petroleum products,2023,,Insufficient data,False,0.312,16,True,True,,,,0.0,,,-0.17819,-0.03944,-0.17819,-0.03944,,,,,,,
404,Kenya,20,Chemicals and chemical products,2023,0.0227,Low,True,1.0,16,True,True,0.00459,0.06668,0.03054,0.0,0.25,0.02233,-0.13167,-0.14251,-0.13167,-0.14251,-0.11549,-0.13563,0.10723,-0.01122,-0.00361,-3.10305,g_wages_1;g_va_3;g_out_3;g_emp_1_rel_ctry
404,Kenya,21,"Pharmaceuticals,medicinal chemicals, etc.",2023,0.0227,Low,True,1.0,16,True,True,0.06885,0.14726,0.04308,0.0,0.25,0.07588,-0.14036,-0.21748,-0.14036,-0.21748,-0.11226,-0.19573,0.16546,0.05304,0.04475,-4.03911,g_wages_1;log_emp_share_ctry;g_va_3;g_out_3
404,Kenya,22,Rubber and plastics products,2023,0.0278,Low,True,1.0,16,True,True,0.06848,0.14191,0.04749,0.0,0.25,0.07067,-0.12733,-0.16765,-0.12733,-0.16765,-0.08358,-0.18326,0.53127,0.05268,0.05995,-2.76674,wage_share;g_wages_1;g_va_3;g_out_3
404,Kenya,23,Other non-metallic mineral products,2023,0.0227,Low,True,1.0,16,True,True,0.03071,0.12304,0.03204,0.0,0.25,0.05737,-0.16921,-0.02088,-0.16921,-0.02088,-0.07498,-0.19397,0.508,0.0149,0.03669,-3.56947,wage_share;g_wages_1;g_va_3;g_out_3
404,Kenya,24,Basic metals,2023,0.0227,Low,True,1.0,16,True,True,0.03373,0.13721,0.0591,0.0,0.25,0.05051,-0.08327,-0.01328,-0.08322,-0.01387,-0.07375,-0.11318,0.15585,0.01793,0.0279,-3.36397,g_wages_1;g_va_3;g_out_3;g_prod_1
404,Kenya,25,"Fabricated metal products, except machinery",2023,0.0653,Watch,True,1.0,16,True,True,0.00027,0.20948,0.11376,0.0,0.25,0.04768,-0.07733,-0.08563,-0.07728,-0.08618,-0.11585,-0.07758,0.69688,-0.01553,-0.01301,-3.50484,wage_share;g_wages_1;g_va_3;g_emp_1_rel_ctry
404,Kenya,26,"Computer, electronic and optical products",2023,0.0653,Watch,True,1.0,16,True,True,0.0,0.05488,0.03415,0.0,0.25,0.0128,-0.23497,-0.54263,-0.22191,-0.53684,-0.09041,-0.23497,0.63834,-0.0158,-0.01816,-7.65656,log_emp_share_ctry;wage_share;g_wages_1;g_va_3
404,Kenya,27,Electrical equipment,2023,0.0227,Low,True,1.0,16,True,True,0.04905,0.19946,0.05081,0.0,0.25,0.09031,0.02503,-0.06572,0.04253,-0.05389,-0.08561,-0.0229,0.33912,0.03325,0.02818,-4.92679,log_emp_share_ctry;g_wages_1;g_va_3;g_out_3
404,Kenya,28,Machinery and equipment n.e.c.,2023,0.1385,Elevated,True,1.0,16,True,True,0.01192,0.15461,0.07213,0.0,0.25,0.04727,-0.03507,-0.16799,-0.01859,-0.15746,-0.08439,-0.04644,0.23105,-0.00388,0.00056,-5.27777,log_emp_share_ctry;g_wages_1;g_va_3;g_out_3
404,Kenya,29,"Motor vehicles, trailers and semi-trailers",2023,0.0227,Low,True,1.0,16,True,True,0.01263,0.12857,0.05544,0.0,0.25,0.04332,-0.18587,0.22537,-0.18587,0.22537,-0.1147,-0.19602,0.15575,-0.00318,0.00139,-4.1348,g_wages_1;log_emp_share_ctry;g_emp_1_rel_ctry;g_va_1
404,Kenya,30,Other transport equipment,2023,,Insufficient data,False,0.625,16,True,True,0.02455,0.04154,0.03431,0.0,0.0,0.04498,,,,,-0.10547,,,0.00874,-0.02579,-3.92511,
404,Kenya,31,Furniture,2023,0.1385,Elevated,True,1.0,16,True,True,0.07388,0.12542,0.11834,0.0,0.5,0.01962,-0.11053,-0.21873,-0.11053,-0.21873,-0.04795,-0.17172,0.64608,0.05807,0.10496,-4.0419,wage_share;log_emp_share_ctry;g_wages_1;g_va_3
404,Kenya,32,Other manufacturing,2023,0.1385,Elevated,True,1.0,16,True,True,0.00894,0.16121,0.10941,0.0,0.5,0.02987,-0.14632,-0.21743,-0.14632,-0.21743,-0.11193,-0.15389,0.39657,-0.00686,-0.00847,-4.5873,log_emp_share_ctry;g_wages_1;g_va_3;g_out_3
404,Kenya,33,Repair and installation of machinery/equipment,2023,0.0227,Low,True,1.0,16,True,False,0.0158,0.09357,0.02005,0.0,0.0,0.04662,-0.14642,-0.12297,-0.12753,-0.14848,-0.09561,-0.1597,0.15509,0.0,-0.0048,-5.06312,log_emp_share_ctry;g_wages_1;g_va_3;g_out_3
410,Republic of Korea,10,Food products,2023,0.0177,Low,True,1.0,16,True,False,0.02692,0.07996,0.01965,0.0,0.0,0.05937,0.07825,0.12295,0.03612,0.20428,0.05142,0.04998,0.23902,0.02095,0.013,-2.52153,g_va_3;g_wages_1;g_out_3;g_out_1
410,Republic of Korea,11,Beverages,2023,0.0227,Low,True,1.0,16,True,False,0.02086,0.06232,0.02149,0.0,0.2,0.02807,0.0324,0.03576,0.00625,0.10384,0.00916,0.01131,0.13043,0.01489,-0.00215,-5.17604,log_emp_share_ctry;g_wages_1;g_va_3;g_out_3
410,Republic of Korea,12,Tobacco products,2023,0.0227,Low,True,1.0,16,True,False,0.0531,0.10043,0.04114,0.0,0.2,0.06575,0.00798,0.07976,0.05053,0.08261,0.11031,-0.04285,0.08793,0.04713,0.0473,-6.93164,log_emp_share_ctry;g_va_3;g_out_3;g_prod_1
410,Republic of Korea,13,Textiles,2023,0.117,Elevated,True,1.0,16,True,False,-0.06836,-0.1454,0.03111,3.0,0.8,-0.09624,-0.09351,-0.22543,-0.1,-0.14234,-0.05159,-0.02699,0.38208,-0.07434,-0.05432,-3.79608,share_decline_5;g_emp_1;g_emp_1_rel_ctry;g_wages_1
410,Republic of Korea,14,Wearing apparel,2023,0.0227,Low,True,1.0,16,True,False,-0.02843,-0.09198,0.01899,5.0,1.0,-0.07564,-0.02375,0.18347,-0.04116,0.08521,0.00213,0.00482,0.1715,-0.03441,-0.01906,-4.2658,share_decline_5;log_emp_share_ctry;g_emp_1;g_emp_1_rel_ctry
410,Republic of Korea,15,Leather and related products,2023,0.0653,Watch,True,1.0,16,True,False,-0.11275,-0.14216,0.04731,5.0,1.0,-0.14129,-0.03765,0.0362,-0.10282,-0.00434,-0.06009,0.08465,0.27555,-0.11872,-0.07698,-5.62486,share_decline_5;log_emp_share_ctry;g_emp_1;g_emp_1_rel_ctry
410,Republic of Korea,16,"Wood products, excluding furniture",2023,0.038,Low,True,1.0,16,True,False,-0.01732,0.03145,0.02738,1.0,0.6,0.0093,-0.05273,0.03468,-0.10738,0.05347,0.01251,-0.03603,0.35392,-0.0233,0.00817,-5.07442,log_emp_share_ctry;share_decline_5;g_emp_1;g_emp_1_rel_ctry
410,Republic of Korea,17,Paper and paper products,2023,0.0227,Low,True,1.0,16,True,False,0.00969,0.03293,0.00961,0.0,0.2,0.01646,-0.02482,-0.08186,-0.06327,0.04946,0.00839,-0.03418,0.31155,0.00371,-0.00576,-3.8788,log_emp_share_ctry;g_wages_1;g_va_3;g_out_3
410,Republic of Korea,18,Printing and reproduction of recorded media,2023,0.0653,Watch,True,1.0,16,True,False,0.14333,0.12091,0.07028,0.0,0.8,0.08362,0.20965,0.22243,0.16274,0.23728,0.16506,0.05801,0.40209,0.13735,0.16002,-4.73509,share_decline_5;log_emp_share_ctry;g_va_3;g_out_3
410,Republic of Korea,19,Coke and refined petroleum products,2023,0.1772,Elevated,True,1.0,16,True,False,0.04066,0.05683,0.03782,0.0,0.4,0.02369,-0.21146,1.85317,-0.14737,0.92214,0.12919,-0.24227,0.03081,0.03469,0.03728,-5.45654,log_emp_share_ctry;g_prod_1;g_va_1;g_out_1
410,Republic of Korea,20,Chemicals and chemical products,2023,0.0227,Low,True,1.0,16,True,False,-0.02185,0.02297,0.02399,1.0,0.2,0.00642,-0.03597,0.11057,-0.15435,0.16313,-0.00248,-0.01444,0.16486,-0.02783,-0.03005,-2.97087,g_emp_1;g_emp_1_rel_ctry;g_wages_1;g_va_3
410,Republic of Korea,21,"Pharmaceuticals,medicinal chemicals, etc.",2023,0.0177,Low,True,1.0,16,True,False,0.04514,0.21176,0.02148,0.0,0.0,0.12033,0.19565,0.38238,0.12418,0.32244,0.04966,0.14401,0.13722,0.03917,0.02105,-3.85338,log_emp_share_ctry;g_wages_1;g_out_1
410,Republic of Korea,22,Rubber and plastics products,2023,0.0227,Low,True,1.0,16,True,False,-0.03021,-0.03932,0.01768,2.0,0.8,-0.03419,-0.035,0.02648,-0.02821,0.04704,0.00035,-0.00494,0.33586,-0.03619,-0.03875,-2.66551,share_decline_5;g_emp_1;g_emp_1_rel_ctry;g_wages_1
410,Republic of Korea,23,Other non-metallic mineral products,2023,0.0,Low,True,1.0,16,True,False,-0.00845,-0.00814,0.0078,1.0,0.8,-0.00501,0.0337,0.09755,0.05926,0.14979,0.02995,0.04251,0.23727,-0.01443,-0.00247,-3.61336,share_decline_5;g_emp_1;g_emp_1_rel_ctry;g_wages_1
410,Republic of Korea,24,Basic metals,2023,0.0227,Low,True,1.0,16,True,False,0.00763,0.05361,0.02223,0.0,0.6,0.03074,-0.09147,0.19243,-0.10329,0.25702,0.01932,-0.09836,0.2357,0.00166,0.0018,-3.01006,share_decline_5;g_wages_1;g_emp_1_rel_ctry;g_va_3
410,Republic of Korea,25,"Fabricated metal products, except machinery",2023,0.0177,Low,True,1.0,16,True,False,0.01074,0.01028,0.01817,0.0,0.6,0.00358,0.04543,0.07083,0.02012,0.16624,0.04514,0.03432,0.3551,0.00477,-0.00254,-2.4579,share_decline_5;g_va_3;g_wages_1;g_out_3
410,Republic of Korea,26,"Computer, electronic and optical products",2023,0.0227,Low,True,1.0,16,True,False,-0.02337,-0.00412,0.01709,1.0,0.4,-0.00696,-0.33576,-0.23308,-0.19414,-0.05554,-0.03949,-0.31987,0.21976,-0.02935,-0.04153,-1.93792,g_emp_1;g_wages_1;g_va_3;g_emp_1_rel_ctry
410,Republic of Korea,27,Electrical equipment,2023,0.0227,Low,True,1.0,16,True,False,-0.03626,0.0126,0.02589,1.0,0.2,0.00119,-0.01477,0.28854,-0.0166,0.36288,-0.03915,0.0223,0.23464,-0.04223,-0.05713,-2.66586,g_emp_1;g_emp_1_rel_ctry;g_wages_1;g_out_1
410,Republic of Korea,28,Machinery and equipment n.e.c.,2023,0.0177,Low,True,1.0,16,True,False,0.00374,0.03396,0.0068,0.0,0.2,0.01831,0.02737,0.13007,0.0202,0.18935,0.04777,0.02355,0.31774,-0.00224,-0.00763,-2.13216,g_emp_1_rel_ctry;g_wages_1;g_va_3;g_out_3
410,Republic of Korea,29,"Motor vehicles, trailers and semi-trailers",2023,0.0,Low,True,1.0,16,True,False,-0.00048,0.00867,0.01912,1.0,0.6,0.00843,0.13459,0.35398,0.14708,0.34475,0.04808,0.13513,0.25112,-0.00645,-0.01171,-2.22867,share_decline_5;g_emp_1_rel_ctry;g_emp_1;g_wages_1
410,Republic of Korea,30,Other transport equipment,2023,0.0227,Low,True,1.0,16,True,False,0.08024,0.09099,0.04651,0.0,0.6,0.06041,0.35179,0.07319,0.26605,0.19072,0.16769,0.25138,0.41916,0.07426,0.0299,-3.13078,share_decline_5;g_va_3;g_out_3;g_out_1
410,Republic of Korea,31,Furniture,2023,0.0177,Low,True,1.0,16,True,False,0.01207,0.01972,0.01291,0.0,0.4,0.01726,0.20745,0.12658,0.07267,0.0804,0.05252,0.19306,0.29804,0.00609,0.04315,-4.21506,log_emp_share_ctry;g_out_3;g_va_3;g_wages_1
410,Republic of Korea,32,Other manufacturing,2023,0.0227,Low,True,1.0,16,True,False,0.00431,0.05518,0.01975,0.0,0.0,0.02752,0.0423,0.10494,0.00258,0.0777,0.03371,0.03783,0.34579,-0.00166,-0.0131,-3.94377,log_emp_share_ctry;g_wages_1;g_out_3;g_emp_1_rel_ctry
410,Republic of Korea,33,Repair and installation of machinery/equipment,2023,0.0653,Watch,True,1.0,16,True,False,0.08856,0.21744,0.11904,0.0,0.2,0.16109,0.12961,0.34117,0.06502,0.28359,0.06122,0.03771,0.42015,0.08258,0.06795,-4.47145,log_emp_share_ctry;vol_emp_5;g_wages_1;g_out_1
417,Kyrgyzstan,10,Food products,2023,0.0366,Low,True,1.0,16,True,False,0.17729,0.29373,0.06715,0.0,0.2,0.16885,0.14499,0.70381,-0.06009,0.61823,0.41476,-0.02744,0.11339,0.1133,0.16337,-1.50725,g_out_1;g_prod_1;g_va_1
417,Kyrgyzstan,11,Beverages,2023,0.1772,Elevated,True,1.0,16,True,False,0.06428,0.09001,0.0738,0.0,0.6,0.02736,0.64053,3.1235,0.69022,1.75774,0.36435,0.54145,0.11955,0.00029,0.04126,-2.44407,share_decline_5;g_emp_1_rel_ctry
417,Kyrgyzstan,12,Tobacco products,2023,0.0653,Watch,True,1.0,16,True,False,-0.0566,0.0,0.47094,1.0,0.4,-0.1689,-0.48484,3.01231,-0.41406,0.58642,-0.02181,-0.45394,0.4811,-0.12059,-0.06241,-6.75942,log_emp_share_ctry;vol_emp_5;g_emp_1_rel_ctry;g_emp_1
417,Kyrgyzstan,13,Textiles,2023,0.1772,Elevated,True,1.0,16,True,False,0.2549,1.18087,0.249,0.0,0.4,0.35788,0.10429,1.51718,0.07799,0.98631,0.72332,-0.12002,0.19723,0.19092,0.26895,-3.25446,vol_emp_5;g_prod_1;g_out_1;g_va_1
417,Kyrgyzstan,14,Wearing apparel,2023,0.117,Elevated,True,1.0,16,True,False,0.27768,0.92223,0.14402,0.0,0.0,0.44033,0.84233,1.02106,0.79071,0.9319,0.42145,0.44194,0.14154,0.21369,0.28705,-2.73657,vol_emp_5
417,Kyrgyzstan,15,Leather and related products,2023,0.2477,High,True,1.0,16,True,False,0.3653,0.74854,0.31243,0.0,0.4,0.2563,1.04911,2.06095,0.8621,1.49887,1.19401,0.50085,0.12719,0.30131,0.40107,-4.971,vol_emp_5;log_emp_share_ctry
417,Kyrgyzstan,16,"Wood products, excluding furniture",2023,0.1385,Elevated,True,1.0,16,True,False,0.07432,0.272,0.07696,0.0,0.2,0.15038,0.70247,2.27219,0.08713,0.66638,0.40256,0.58469,0.03753,0.01034,0.09982,-5.60254,log_emp_share_ctry;g_emp_1_rel_ctry;g_out_1
417,Kyrgyzstan,17,Paper and paper products,2023,0.0653,Watch,True,1.0,16,True,False,0.14042,0.158,0.0649,0.0,0.6,0.10666,0.18804,1.44664,0.2337,1.19965,0.3831,0.04176,0.25841,0.07643,0.12497,-4.27285,log_emp_share_ctry;share_decline_5;g_prod_1;g_out_1
417,Kyrgyzstan,18,Printing and reproduction of recorded media,2023,0.1772,Elevated,True,1.0,16,True,False,-0.03642,-0.00569,0.06793,1.0,0.6,-0.05418,1.32546,3.41249,0.4106,1.06212,0.29056,1.41336,0.15154,-0.10041,-0.01974,-3.89951,g_emp_1_rel_ctry;g_emp_1;share_decline_5;log_emp_share_ctry
417,Kyrgyzstan,19,Coke and refined petroleum products,2023,0.2136,High,True,1.0,16,True,False,-0.05231,-0.49679,0.17189,5.0,1.0,-0.5542,1.59212,10.78086,-0.09168,3.38756,0.10697,1.73521,0.04,-0.1163,-0.0557,-4.51658,share_decline_5;log_emp_share_ctry;g_emp_1_rel_ctry;emp_dev5
417,Kyrgyzstan,20,Chemicals and chemical products,2023,0.2136,High,True,1.0,16,True,False,0.29915,0.28039,0.15827,0.0,0.6,0.15437,1.34689,1.81791,0.62014,1.40895,0.77661,0.80649,0.38495,0.23516,0.29095,-3.70165,vol_emp_5;share_decline_5;log_emp_share_ctry
417,Kyrgyzstan,21,"Pharmaceuticals,medicinal chemicals, etc.",2023,0.2136,High,True,1.0,16,True,False,-0.31044,-0.39372,0.52091,3.0,0.6,-0.33875,0.35398,-0.15092,-0.18145,-0.29754,0.01345,0.96354,0.18044,-0.37443,-0.33453,-5.14599,g_emp_1;vol_emp_5;g_emp_1_rel_ctry;log_emp_share_ctry
417,Kyrgyzstan,22,Rubber and plastics products,2023,0.1772,Elevated,True,1.0,16,True,False,0.1148,0.24944,0.08666,0.0,0.2,0.12431,1.94287,2.40337,0.47419,1.29991,0.95983,1.63981,0.0754,0.05082,0.10627,-3.66203,log_emp_share_ctry
417,Kyrgyzstan,23,Other non-metallic mineral products,2023,0.0517,Watch,True,1.0,16,True,False,0.06946,0.13462,0.06246,0.0,0.4,0.05948,-0.02058,0.96196,0.11021,0.87371,0.15153,-0.08419,0.18871,0.00547,0.07544,-1.64011,g_emp_1_rel_ctry;g_prod_1;g_va_1;g_out_1
417,Kyrgyzstan,24,Basic metals,2023,0.0366,Low,True,1.0,16,True,False,0.04872,0.19381,0.07677,0.0,0.4,0.09224,0.02032,0.27726,0.01796,-0.02095,0.04697,-0.02709,0.11702,-0.01526,0.04289,-2.01501,g_emp_1_rel_ctry;g_out_3;g_wages_1;g_out_1
417,Kyrgyzstan,25,"Fabricated metal products, except machinery",2023,0.0653,Watch,True,1.0,16,True,False,0.09011,0.29267,0.08304,0.0,0.4,0.14254,0.44834,2.51113,0.48535,2.37161,0.13364,0.32862,0.15762,0.02613,0.07683,-2.75792,
417,Kyrgyzstan,26,"Computer, electronic and optical products",2023,0.294,High,True,1.0,16,True,False,-0.14655,1.02041,0.41006,1.0,0.4,0.29105,1.6504,2.91271,1.1644,1.6684,0.13608,2.10551,0.2638,-0.21054,-0.16471,-6.07632,vol_emp_5;log_emp_share_ctry;g_emp_1;g_emp_1_rel_ctry
417,Kyrgyzstan,27,Electrical equipment,2023,0.2136,High,True,1.0,16,True,False,0.04662,-0.11387,0.07083,0.0,0.8,-0.07956,0.77941,1.00671,0.1555,0.74359,0.13184,0.70015,0.35587,-0.01736,0.02576,-3.2035,share_decline_5;g_emp_1_rel_ctry;emp_dev5;g_emp_3
417,Kyrgyzstan,28,Machinery and equipment n.e.c.,2023,0.1772,Elevated,True,1.0,16,True,False,0.06369,-0.4985,0.30914,0.0,0.4,-0.36597,0.29009,1.19599,-0.1654,0.78464,0.08544,0.21284,0.22946,-0.00029,0.05233,-5.55345,log_emp_share_ctry;vol_emp_5;emp_dev5;g_emp_3
417,Kyrgyzstan,29,"Motor vehicles, trailers and semi-trailers",2023,0.2477,High,True,1.0,16,True,False,-0.98824,-0.9881,0.38909,1.0,0.8,-4.21754,-0.21398,0.40734,0.24303,0.55212,-0.99439,65.81135,0.00175,-1.05222,-0.99947,-8.87968,g_emp_1;g_emp_1_rel_ctry;emp_dev5;log_emp_share_ctry
417,Kyrgyzstan,30,Other transport equipment,2023,0.2136,High,True,1.0,16,True,False,-0.00855,-0.26582,0.40787,2.0,0.75,-0.16821,0.38578,0.55275,0.32081,-0.22709,-0.22302,0.39773,1.31381,-0.07253,-0.05888,-5.91785,wage_share;vol_emp_5;log_emp_share_ctry;share_decline_5
417,Kyrgyzstan,31,Furniture,2023,0.2477,High,True,1.0,16,True,False,-0.15676,0.02857,0.16711,1.0,0.6,-0.09609,-0.17656,0.31861,0.06432,0.46356,0.40598,-0.02349,0.18738,-0.22074,-0.12568,-4.52297,g_emp_1;g_emp_1_rel_ctry;log_emp_share_ctry;vol_emp_5
417,Kyrgyzstan,32,Other manufacturing,2023,0.2477,High,True,1.0,16,True,False,-0.05455,0.35065,0.23735,1.0,0.8,0.09104,0.02689,0.67445,1.05004,0.2674,0.18687,0.08613,0.79478,-0.11853,-0.07196,-4.64076,wage_share;share_decline_5;vol_emp_5;log_emp_share_ctry
417,Kyrgyzstan,33,Repair and installation of machinery/equipment,2023,0.0653,Watch,True,1.0,16,True,False,0.08406,-0.1042,0.12169,0.0,0.6,-0.05439,0.40144,3.76022,0.30226,1.5767,0.22948,0.29277,0.19884,0.02008,0.06346,-4.24334,log_emp_share_ctry;share_decline_5;vol_emp_5;g_emp_3
426,Lesotho,10,Food products,2023,,Insufficient data,False,0.188,16,True,False,,,,0.0,,,0.00928,-0.13664,,,,,,,,,
426,Lesotho,13,Textiles,2023,,Insufficient data,False,0.188,16,True,False,,,,0.0,,,-0.23807,-0.10696,,,,,,,,,
428,Latvia,10,Food products,2023,0.0227,Low,True,1.0,16,True,False,-0.00502,-0.03101,0.02283,2.0,0.6,-0.02276,0.16057,0.19293,0.09837,0.30599,0.17427,0.16643,0.53224,0.00645,-0.01894,-1.73767,wage_share;share_decline_5;g_emp_1;g_emp_1_rel_ctry
428,Latvia,11,Beverages,2023,0.038,Low,True,1.0,16,True,False,-0.01793,0.00921,0.02411,1.0,0.6,-0.00388,0.16656,0.67148,0.00248,0.03297,0.14678,0.18786,0.45334,-0.00645,-0.04094,-3.79006,share_decline_5;g_emp_1;log_emp_share_ctry;g_emp_1_rel_ctry
428,Latvia,12,Tobacco products,2023,,Insufficient data,False,0.562,16,True,False,0.0,-0.66667,4.05619,0.0,0.6,-2.17475,,,,,,,,0.01147,-0.00581,-11.62208,
428,Latvia,13,Textiles,2023,,Insufficient data,False,0.562,16,True,False,0.0028,0.01418,0.0312,0.0,0.6,-0.00962,,,,,,,,0.01428,0.01685,-3.79643,
428,Latvia,14,Wearing apparel,2023,0.1385,Elevated,True,1.0,16,True,False,-0.05063,-0.13256,0.01898,5.0,1.0,-0.11107,0.13451,0.08788,0.08689,0.18282,0.12419,0.19501,0.6666,-0.03915,-0.04125,-2.89771,share_decline_5;wage_share;g_emp_1;g_emp_1_rel_ctry
428,Latvia,15,Leather and related products,2023,0.1385,Elevated,True,1.0,16,True,False,0.03468,-0.2479,0.07277,0.0,0.8,-0.18697,0.27572,0.39937,0.16977,0.51438,0.27028,0.23296,0.50502,0.04616,0.07046,-6.43469,log_emp_share_ctry;share_decline_5;wage_share;emp_dev5
428,Latvia,16,"Wood products, excluding furniture",2023,0.1385,Elevated,True,1.0,16,True,False,-0.06013,-0.00928,0.04787,2.0,0.8,-0.03586,-0.34661,0.01006,-0.16828,0.33112,0.09379,-0.30481,0.47313,-0.04866,-0.03464,-1.58598,share_decline_5;g_emp_1;g_emp_1_rel_ctry;wage_share
428,Latvia,17,Paper and paper products,2023,0.0227,Low,True,1.0,16,True,False,0.05198,0.12757,0.03725,0.0,0.4,0.0657,0.12067,0.21135,-0.07929,0.25959,0.21518,0.06529,0.48837,0.06346,0.03654,-4.28384,log_emp_share_ctry;wage_share;g_out_1;g_va_3
428,Latvia,18,Printing and reproduction of recorded media,2023,0.1385,Elevated,True,1.0,16,True,False,-0.06065,0.00806,0.05885,2.0,0.6,-0.032,-0.07292,-0.00304,-0.07435,0.13474,0.05448,-0.01306,0.57702,-0.04918,-0.04397,-3.46156,wage_share;g_emp_1;share_decline_5;g_emp_1_rel_ctry
428,Latvia,19,Coke and refined petroleum products,2023,,Insufficient data,False,0.562,16,True,False,-0.25,-0.34783,0.2108,1.0,0.6,-0.55005,,,,,,,,-0.23853,-0.25338,-8.91403,
428,Latvia,20,Chemicals and chemical products,2023,0.1772,Elevated,True,1.0,16,True,False,-0.07819,-0.00735,0.0599,2.0,0.8,-0.04855,0.08856,0.26817,-0.1661,0.44641,0.07286,0.18089,0.40762,-0.06671,-0.08638,-3.62542,share_decline_5;g_emp_1;g_emp_1_rel_ctry;g_out_1
428,Latvia,21,"Pharmaceuticals,medicinal chemicals, etc.",2023,,Insufficient data,False,0.625,16,True,False,-0.03737,-0.08788,0.03164,3.0,0.6,-0.05647,,0.74194,,,,,,-0.0259,-0.06146,-3.95445,
428,Latvia,22,Rubber and plastics products,2023,0.0653,Watch,True,1.0,16,True,False,-0.07336,-0.07307,0.05246,2.0,0.6,-0.08078,0.05834,0.12127,-0.03881,0.15895,0.02994,0.14213,0.4699,-0.06189,-0.0819,-3.63489,g_emp_1;g_emp_1_rel_ctry;share_decline_5;g_wages_1
428,Latvia,23,Other non-metallic mineral products,2023,0.0653,Watch,True,1.0,16,True,False,-0.10686,-0.13708,0.06801,2.0,0.6,-0.1306,0.09959,0.11423,-0.08494,0.16059,-0.00139,0.23115,0.40226,-0.09539,-0.10087,-3.1103,g_emp_1;g_emp_1_rel_ctry;share_decline_5;g_wages_1
428,Latvia,24,Basic metals,2023,0.2136,High,True,1.0,16,True,False,0.06081,-0.05611,0.20719,0.0,0.2,0.00404,-0.01105,0.14503,0.08976,0.92789,0.20358,-0.06774,0.44864,0.07228,0.05498,-4.77407,log_emp_share_ctry;vol_emp_5;g_va_3;g_prod_1
428,Latvia,25,"Fabricated metal products, except machinery",2023,0.0227,Low,True,1.0,16,True,False,-0.00068,0.03591,0.02251,2.0,0.4,0.01484,0.12544,0.33929,0.01118,0.31449,0.16599,0.1262,0.54303,0.0108,-0.01396,-2.24385,wage_share;g_emp_1;g_out_1;g_emp_1_rel_ctry
428,Latvia,26,"Computer, electronic and optical products",2023,,Insufficient data,False,0.562,16,True,False,0.0808,0.24292,0.01944,0.0,0.0,0.13478,,,,,,,,0.09227,0.06264,-3.68149,
428,Latvia,27,Electrical equipment,2023,0.0227,Low,True,1.0,16,True,False,0.03105,0.13727,0.03065,0.0,0.0,0.08663,0.15634,0.45863,0.14739,0.47775,0.20653,0.12152,0.43153,0.04252,0.01018,-3.28305,g_out_1
428,Latvia,28,Machinery and equipment n.e.c.,2023,0.0366,Low,True,1.0,16,True,False,0.00149,-0.04592,0.05597,0.0,0.6,-0.04712,-0.01754,0.20151,-0.05678,0.24922,0.09719,-0.019,0.5724,0.01296,-0.00987,-3.5006,wage_share;share_decline_5;g_emp_1;g_va_3
428,Latvia,29,"Motor vehicles, trailers and semi-trailers",2023,0.038,Low,True,1.0,16,True,False,-0.02399,0.11742,0.06436,1.0,0.4,0.02341,0.0726,0.3982,-0.00647,0.49429,0.10437,0.09896,0.53541,-0.01251,-0.03522,-3.85566,wage_share;g_emp_1;log_emp_share_ctry;g_emp_1_rel_ctry
428,Latvia,30,Other transport equipment,2023,0.2477,High,True,1.0,16,True,False,0.04668,0.29236,0.10771,0.0,0.2,0.1184,1.05907,2.07511,0.34426,1.08924,0.28422,0.96723,0.41806,0.05816,-0.00366,-4.09321,log_emp_share_ctry;vol_emp_5
428,Latvia,31,Furniture,2023,0.2136,High,True,1.0,16,True,False,-0.1042,-0.02768,0.09156,2.0,0.8,-0.07127,-0.01998,0.22796,-0.08451,0.26398,0.02273,0.09402,0.58868,-0.09273,-0.07312,-2.90964,share_decline_5;g_emp_1;wage_share;g_emp_1_rel_ctry
428,Latvia,32,Other manufacturing,2023,0.2136,High,True,1.0,16,True,False,-0.06488,-0.0014,0.04913,2.0,0.8,-0.03962,-0.02037,0.37448,0.00707,0.43785,0.09059,0.0476,0.48833,-0.05341,-0.08229,-3.95679,share_decline_5;g_emp_1;g_emp_1_rel_ctry;log_emp_share_ctry
428,Latvia,33,Repair and installation of machinery/equipment,2023,0.0227,Low,True,1.0,16,True,False,0.03763,-0.0311,0.05703,0.0,0.6,-0.0172,0.13264,0.48872,0.10563,0.39274,0.23473,0.09156,0.53191,0.0491,0.01702,-3.30798,wage_share;share_decline_5;g_out_1;g_emp_3
438,Liechtenstein,10,Food products,2023,,Insufficient data,False,0.562,16,True,True,-0.00962,0.01331,0.0216,1.0,0.6,0.00091,,,,,,,,-0.02968,-0.02353,-1.90273,
438,Liechtenstein,11,Beverages,2023,,Insufficient data,False,0.562,16,True,True,0.28,0.77778,0.18579,0.0,0.0,0.35667,,,,,,,,0.25993,0.25699,-5.90494,
438,Liechtenstein,13,Textiles,2023,,Insufficient data,False,0.562,16,True,True,0.03279,-0.14865,0.07628,0.0,0.6,-0.09387,,,,,,,,0.01272,0.04683,-5.22754,
438,Liechtenstein,14,Wearing apparel,2023,,Insufficient data,False,0.562,16,True,True,0.08333,-0.1875,0.21985,0.0,0.2,-0.05972,,,,,,,,0.06327,0.09271,-6.80572,
438,Liechtenstein,15,Leather and related products,2023,,Insufficient data,False,0.062,16,True,True,,,,0.0,,,,,,,,,,,,,
438,Liechtenstein,16,"Wood products, excluding furniture",2023,,Insufficient data,False,0.562,16,True,True,0.02007,0.00993,0.02673,0.0,0.4,0.01653,,,,,,,,0.0,0.04556,-3.65036,
438,Liechtenstein,17,Paper and paper products,2023,,Insufficient data,False,0.062,16,True,True,,,,0.0,,,,,,,,,,,,,
438,Liechtenstein,18,Printing and reproduction of recorded media,2023,,Insufficient data,False,0.562,16,True,True,0.03008,0.03788,0.04121,0.0,0.6,0.01323,,,,,,,,0.01001,0.04676,-4.45069,
438,Liechtenstein,19,Coke and refined petroleum products,2023,,Insufficient data,False,0.062,16,True,True,,,,0.0,,,,,,,,,,,,,
438,Liechtenstein,20,Chemicals and chemical products,2023,,Insufficient data,False,0.562,16,True,True,0.1,-0.05714,0.068,0.0,0.6,-0.01005,,,,,,,,0.07993,0.0918,-4.77555,
438,Liechtenstein,21,"Pharmaceuticals,medicinal chemicals, etc.",2023,,Insufficient data,False,0.062,16,True,True,,,,0.0,,,,,,,,,,,,,
438,Liechtenstein,22,Rubber and plastics products,2023,,Insufficient data,False,0.562,16,True,True,0.0,-0.125,0.30191,0.0,0.6,-0.63431,,,,,,,,-0.02007,-0.00854,-7.42476,
438,Liechtenstein,23,Other non-metallic mineral products,2023,,Insufficient data,False,0.562,16,True,True,-0.85855,-0.9038,0.31196,5.0,1.0,-2.01769,,,,,,,,-0.87862,-0.85256,-5.60947,
438,Liechtenstein,24,Basic metals,2023,,Insufficient data,False,0.562,16,True,True,0.06061,0.06061,0.0848,0.0,0.4,0.04679,,,,,,,,0.04054,0.05477,-5.81532,
438,Liechtenstein,25,"Fabricated metal products, except machinery",2023,,Insufficient data,False,0.562,16,True,True,0.00547,0.08523,0.02736,0.0,0.4,0.0382,,,,,,,,-0.01459,-0.00781,-2.21138,
438,Liechtenstein,26,"Computer, electronic and optical products",2023,,Insufficient data,False,0.562,16,True,True,-0.09524,-0.00437,0.05557,1.0,0.2,-0.02426,,,,,,,,-0.1153,-0.1134,-2.84271,
438,Liechtenstein,27,Electrical equipment,2023,,Insufficient data,False,0.562,16,True,True,-0.14362,0.04207,0.10482,1.0,0.2,-0.03958,,,,,,,,-0.16368,-0.16448,-3.59612,
438,Liechtenstein,28,Machinery and equipment n.e.c.,2023,,Insufficient data,False,0.562,16,True,True,0.03252,0.07779,0.01778,0.0,0.2,0.04379,,,,,,,,0.01245,0.02116,-1.34843,
438,Liechtenstein,29,"Motor vehicles, trailers and semi-trailers",2023,,Insufficient data,False,0.562,16,True,True,0.02204,0.04507,0.01716,0.0,0.4,0.02455,,,,,,,,0.00197,0.0108,-1.56357,
438,Liechtenstein,30,Other transport equipment,2023,,Insufficient data,False,0.562,16,True,True,0.0,0.0,0.4899,0.0,0.2,-0.18232,,,,,,,,-0.02007,-0.05034,-9.37067,
438,Liechtenstein,31,Furniture,2023,,Insufficient data,False,0.562,16,True,True,-0.0084,0.01724,0.02494,1.0,0.6,0.00851,,,,,,,,-0.02847,0.02268,-4.59999,
438,Liechtenstein,32,Other manufacturing,2023,,Insufficient data,False,0.562,16,True,True,0.03612,0.0543,0.04705,0.0,0.4,0.04489,,,,,,,,0.01606,0.01871,-2.23022,
438,Liechtenstein,33,Repair and installation of machinery/equipment,2023,,Insufficient data,False,0.562,16,True,True,-0.02597,0.08696,0.11749,1.0,0.6,0.00535,,,,,,,,-0.04604,-0.04658,-5.05318,
440,Lithuania,10,Food products,2023,0.0517,Watch,True,1.0,16,True,False,-0.02665,-0.0085,0.01471,1.0,0.6,-0.01654,0.18324,0.29804,0.00215,0.28699,0.11108,0.21564,0.55831,-0.00058,-0.04057,-1.76027,wage_share;share_decline_5;g_emp_1;g_emp_1_rel_ctry
440,Lithuania,11,Beverages,2023,0.0227,Low,True,1.0,16,True,False,0.02161,0.0828,0.02723,0.0,0.4,0.03672,0.04368,0.06298,0.12085,0.28208,0.13727,0.0216,0.55178,0.04769,-0.0014,-4.2384,wage_share;log_emp_share_ctry;g_va_3;g_va_1
440,Lithuania,13,Textiles,2023,0.1385,Elevated,True,1.0,16,True,False,-0.04843,-0.02972,0.02757,1.0,0.6,-0.03946,0.04197,0.18786,-0.03588,0.24757,0.06295,0.095,0.70206,-0.02235,-0.03439,-3.2224,wage_share;g_emp_1;share_decline_5;g_emp_1_rel_ctry
440,Lithuania,14,Wearing apparel,2023,0.2136,High,True,1.0,16,True,False,-0.06709,-0.12222,0.02973,5.0,1.0,-0.10814,-0.07486,0.0493,-0.07596,0.17346,0.0566,-0.00832,0.82928,-0.04101,-0.05772,-2.87849,share_decline_5;wage_share;g_emp_1;g_emp_1_rel_ctry
440,Lithuania,15,Leather and related products,2023,0.2477,High,True,1.0,16,True,False,-0.22947,-0.268,0.12632,5.0,1.0,-0.33764,-0.2513,0.00572,-0.31438,0.01781,-0.15645,-0.02832,0.7322,-0.20339,-0.1937,-6.36618,share_decline_5;g_emp_1;log_emp_share_ctry;wage_share
440,Lithuania,16,"Wood products, excluding furniture",2023,0.1772,Elevated,True,1.0,16,True,False,-0.05938,-0.00112,0.03515,1.0,0.6,-0.0252,-0.23853,0.29428,-0.12688,0.49471,0.07545,-0.19046,0.61628,-0.0333,-0.03389,-2.43211,wage_share;g_emp_1;share_decline_5;g_emp_1_rel_ctry
440,Lithuania,17,Paper and paper products,2023,0.0653,Watch,True,1.0,16,True,False,-0.04506,0.06998,0.05043,1.0,0.4,0.01287,0.07718,0.39021,-0.04427,0.41261,0.08948,0.12801,0.49105,-0.01898,-0.06051,-3.65831,g_emp_1;wage_share;g_emp_1_rel_ctry;g_out_1
440,Lithuania,18,Printing and reproduction of recorded media,2023,0.0366,Low,True,1.0,16,True,False,-0.03503,-0.07744,0.05442,2.0,0.6,-0.08173,0.10116,0.15541,0.056,0.21805,0.09936,0.14114,0.53835,-0.00895,-0.01835,-4.12471,wage_share;g_emp_1;log_emp_share_ctry;share_decline_5
440,Lithuania,20,Chemicals and chemical products,2023,0.0435,Low,True,1.0,16,True,False,-0.0061,0.11383,0.0398,1.0,0.2,0.0471,-0.44755,-0.3863,-0.43032,-0.29242,0.03986,-0.44416,0.35661,0.01998,-0.0143,-3.36922,g_va_3;g_out_3;g_emp_1;g_va_1
440,Lithuania,22,Rubber and plastics products,2023,0.0653,Watch,True,1.0,16,True,False,-0.02608,0.01828,0.01902,1.0,0.2,0.00299,-0.15033,0.28503,-0.20541,0.53892,0.10074,-0.12758,0.53689,0.0,-0.03462,-3.07267,wage_share;g_emp_1;g_emp_1_rel_ctry;g_va_1
440,Lithuania,23,Other non-metallic mineral products,2023,0.0227,Low,True,1.0,16,True,False,0.01914,0.05319,0.04789,0.0,0.4,0.0244,0.07615,0.51163,0.01783,0.42733,0.14906,0.05593,0.57633,0.04522,0.02513,-3.27675,wage_share;g_out_1;g_va_1;g_prod_1
440,Lithuania,24,Basic metals,2023,0.294,High,True,1.0,16,True,False,-0.00163,0.2123,0.13863,1.0,0.8,0.10736,-0.18848,-0.02645,-0.338,0.02381,0.0554,-0.18715,1.12702,0.02445,-0.00747,-5.85372,wage_share;share_decline_5;log_emp_share_ctry;vol_emp_5
440,Lithuania,25,"Fabricated metal products, except machinery",2023,0.0278,Low,True,1.0,16,True,False,0.02512,0.11139,0.02222,0.0,0.2,0.05411,0.05335,0.47272,0.03943,0.59925,0.17065,0.02754,0.6204,0.05119,0.01183,-2.44827,wage_share;g_out_1;g_prod_1;g_va_1
440,Lithuania,26,"Computer, electronic and optical products",2023,0.0653,Watch,True,1.0,16,True,False,0.13531,0.55175,0.08304,0.0,0.0,0.23242,0.20013,0.96517,0.19899,1.05452,0.2549,0.05709,0.53843,0.16139,0.11715,-3.34269,wage_share;g_prod_1;g_out_1
440,Lithuania,27,Electrical equipment,2023,0.2477,High,True,1.0,16,True,False,-0.09173,-0.04292,0.04739,1.0,0.6,-0.05853,0.01388,0.11389,0.00146,0.30537,0.06761,0.11627,0.74702,-0.06565,-0.1126,-3.74365,wage_share;g_emp_1;g_emp_1_rel_ctry;share_decline_5
440,Lithuania,28,Machinery and equipment n.e.c.,2023,0.0278,Low,True,1.0,16,True,False,0.00204,0.04307,0.03956,0.0,0.4,0.03218,0.01885,0.19211,0.0013,0.18013,0.1274,0.01678,0.6561,0.02812,-0.00932,-3.43273,wage_share;g_emp_1;g_out_3;g_va_3
440,Lithuania,29,"Motor vehicles, trailers and semi-trailers",2023,0.0653,Watch,True,1.0,16,True,False,0.10324,0.25643,0.08195,0.0,0.6,0.13595,0.13906,0.31906,0.4381,1.1543,0.26042,0.03247,0.93917,0.12932,0.092,-3.40308,wage_share;share_decline_5;g_prod_1;g_va_1
440,Lithuania,30,Other transport equipment,2023,0.1385,Elevated,True,1.0,16,True,False,0.17673,0.61503,0.08208,0.0,0.0,0.2995,0.33051,1.25483,0.18314,1.01923,0.3795,0.13068,0.68413,0.20281,0.12639,-3.31246,wage_share;g_out_1
440,Lithuania,31,Furniture,2023,0.1385,Elevated,True,1.0,16,True,False,-0.10434,-0.03927,0.05987,2.0,0.6,-0.06203,0.08047,0.40458,-0.12779,0.26261,0.01776,0.20635,0.58615,-0.07827,-0.07327,-1.99569,g_emp_1;wage_share;g_emp_1_rel_ctry;share_decline_5
440,Lithuania,32,Other manufacturing,2023,0.0517,Watch,True,1.0,16,True,False,-0.03758,-0.0737,0.0283,3.0,0.6,-0.03943,0.13951,0.3857,0.10916,0.35848,0.12878,0.18401,0.57791,-0.01151,-0.05499,-3.43871,wage_share;g_emp_1;share_decline_5;g_emp_1_rel_ctry
440,Lithuania,33,Repair and installation of machinery/equipment,2023,0.0366,Low,True,1.0,16,True,False,0.0115,0.10746,0.05593,0.0,0.2,0.04538,0.31419,0.67268,0.1687,0.61577,0.33352,0.29925,0.70707,0.03757,-0.00911,-3.01245,wage_share;g_out_1
442,Luxembourg,10,Food products,2023,0.0227,Low,True,0.938,16,True,False,0.01627,-0.04874,0.03475,0.0,0.6,-0.01886,0.16687,0.05027,0.18688,,0.13671,0.14818,0.70069,0.01161,0.00235,-1.4093,wage_share;share_decline_5;g_va_3;g_emp_3
442,Luxembourg,11,Beverages,2023,0.0177,Low,True,0.938,16,True,False,0.07219,0.09544,0.03529,0.0,0.4,0.06631,0.12595,0.2454,0.04687,,0.15228,0.05014,0.52066,0.06753,0.04917,-3.63665,wage_share;g_out_1;g_va_3;g_prod_1
442,Luxembourg,15,Leather and related products,2023,,Insufficient data,False,0.062,16,True,False,,,,0.0,,,,,,,,,,,,,
442,Luxembourg,19,Coke and refined petroleum products,2023,,Insufficient data,False,0.062,16,True,False,,,,0.0,,,,,,,,,,,,,
442,Luxembourg,20,Chemicals and chemical products,2023,0.0177,Low,True,0.938,16,True,False,0.06881,0.12786,0.02116,0.0,0.0,0.08283,0.06207,-0.10356,0.00047,,0.23026,-0.00631,0.63252,0.06415,0.06061,-2.59648,wage_share;g_va_3;g_out_1;g_prod_1
442,Luxembourg,23,Other non-metallic mineral products,2023,0.0366,Low,True,0.938,16,True,False,-0.03767,-0.20038,0.06715,3.0,0.6,-0.10262,-0.04019,-0.13004,-0.08801,,0.03382,-0.00262,0.64971,-0.04233,-0.03168,-2.2139,wage_share;g_emp_1;share_decline_5;g_emp_1_rel_ctry
442,Luxembourg,25,"Fabricated metal products, except machinery",2023,0.0366,Low,True,0.938,16,True,False,-0.00596,0.00735,0.02347,1.0,0.6,0.00031,-0.05758,0.03783,-0.12252,,0.0728,-0.05193,0.77194,-0.01062,-0.01924,-1.6085,wage_share;share_decline_5;g_emp_1_rel_ctry;g_emp_1
442,Luxembourg,27,Electrical equipment,2023,0.0227,Low,True,0.938,16,True,False,-0.00716,0.00241,0.04077,2.0,0.8,-0.01527,0.04585,-0.05829,0.08174,,0.10199,0.05339,0.77513,-0.01182,-0.02803,-3.83052,wage_share;share_decline_5;log_emp_share_ctry;g_va_3
442,Luxembourg,28,Machinery and equipment n.e.c.,2023,0.0177,Low,True,0.938,16,True,False,0.01528,0.06285,0.00993,0.0,0.2,0.03516,-0.02375,0.18928,-0.014,,0.08734,-0.03844,0.60765,0.01062,0.00392,-1.40207,wage_share;g_va_3;g_va_1;g_out_1
442,Luxembourg,31,Furniture,2023,0.2136,High,True,0.938,16,True,False,-0.04819,-0.07602,0.01693,4.0,0.8,-0.06137,-0.03146,0.02085,0.02206,,0.0408,0.01758,0.83835,-0.05285,-0.01711,-4.79861,wage_share;share_decline_5;log_emp_share_ctry;g_emp_1
442,Luxembourg,32,Other manufacturing,2023,0.038,Low,True,0.938,16,True,False,-0.04138,-0.06397,0.01436,1.0,0.8,-0.04536,0.0856,0.22872,-0.04154,,-0.01521,0.13246,0.70891,-0.04604,-0.05879,-3.54044,wage_share;share_decline_5;g_emp_1;g_emp_1_rel_ctry
442,Luxembourg,33,Repair and installation of machinery/equipment,2023,0.0177,Low,True,0.938,16,True,False,0.03758,0.22698,0.04009,0.0,0.0,0.10781,0.12412,0.41476,0.15964,,0.08351,0.0834,0.59008,0.03292,0.01698,-3.21093,wage_share;g_out_1;g_prod_1;g_va_1
470,Malta,10,Food products,2023,,Insufficient data,False,0.812,16,True,False,0.05009,,0.01354,0.0,0.0,0.04509,0.17989,,0.1593,,0.14285,0.12361,0.57854,0.01372,0.03617,-2.0397,
470,Malta,11,Beverages,2023,0.0653,Watch,True,0.875,16,True,False,0.13883,0.13025,0.07618,0.0,0.4,0.07411,0.30444,,0.26884,,-0.16163,0.14542,0.29842,0.10246,0.11582,-3.08182,g_wages_1;g_out_1
470,Malta,12,Tobacco products,2023,,Insufficient data,False,0.062,16,True,False,,,,0.0,,,,,,,,,,,,,
470,Malta,13,Textiles,2023,0.2477,High,True,0.875,16,True,False,-0.1437,-0.07006,0.09038,1.0,0.33333,-0.08057,-0.2504,,-0.25072,,-0.11724,-0.12461,0.65569,-0.18006,-0.12965,-4.36161,g_emp_1;wage_share;g_emp_1_rel_ctry;log_emp_share_ctry
470,Malta,14,Wearing apparel,2023,,Insufficient data,False,0.75,16,True,False,-0.06931,-0.25397,0.08871,1.0,0.8,-0.20511,0.70542,,0.06117,,,0.83242,,-0.10567,-0.05993,-5.49507,
470,Malta,15,Leather and related products,2023,,Insufficient data,False,0.438,16,True,False,-0.06667,,,1.0,1.0,-0.03509,,,,,,,,-0.10303,-0.03089,-7.39931,
470,Malta,16,"Wood products, excluding furniture",2023,0.0653,Watch,True,0.875,16,True,False,0.10465,-0.01042,0.06818,0.0,0.2,0.01485,0.32336,,0.13219,,-0.09647,0.19799,0.20159,0.06829,0.13014,-5.48449,log_emp_share_ctry;g_wages_1;g_out_1;g_emp_3
470,Malta,17,Paper and paper products,2023,0.2136,High,True,0.875,16,True,False,-0.09881,0.09615,0.1081,1.0,0.6,-0.00525,0.13504,,0.02174,,0.09785,0.2595,0.54577,-0.13518,-0.11426,-4.60902,g_emp_1;log_emp_share_ctry;g_emp_1_rel_ctry;wage_share
470,Malta,18,Printing and reproduction of recorded media,2023,0.038,Low,True,0.875,16,True,False,0.0688,0.01258,0.0489,0.0,0.6,0.04292,0.31474,,0.33901,,0.12676,0.23011,0.37067,0.03243,0.08549,-2.55907,share_decline_5
470,Malta,19,Coke and refined petroleum products,2023,,Insufficient data,False,0.062,16,True,False,,,,0.0,,,,,,,,,,,,,
470,Malta,20,Chemicals and chemical products,2023,,Insufficient data,False,0.625,16,True,False,-0.11698,-0.14286,0.07576,2.0,0.8,-0.14384,,,,,0.0253,,,-0.15335,-0.12518,-4.58305,
470,Malta,21,"Pharmaceuticals,medicinal chemicals, etc.",2023,0.1772,Elevated,True,0.875,16,True,False,0.17058,0.37122,0.05905,0.0,0.0,0.19562,0.19572,,0.22277,,0.30179,0.02147,0.65828,0.13421,0.14648,-2.72782,wage_share;g_prod_1;g_out_1
470,Malta,22,Rubber and plastics products,2023,0.2477,High,True,0.875,16,True,False,-0.05043,-0.04811,0.04281,2.0,0.8,-0.05623,-0.05557,,0.02044,,-0.01077,-0.00541,0.62142,-0.08679,-0.05896,-2.68401,share_decline_5;wage_share;g_emp_1;g_emp_1_rel_ctry
470,Malta,23,Other non-metallic mineral products,2023,0.117,Elevated,True,0.875,16,True,False,0.02264,0.02341,0.07674,0.0,0.4,0.03913,0.13992,,0.06466,,0.18192,0.11468,0.45051,-0.01372,0.02863,-2.82681,g_emp_1_rel_ctry;g_out_1;g_va_1;g_prod_1
470,Malta,24,Basic metals,2023,,Insufficient data,False,0.562,16,True,False,-0.08696,0.77966,0.24609,1.0,0.33333,0.13217,,,,,,,,-0.12332,-0.09279,-5.38441,
470,Malta,25,"Fabricated metal products, except machinery",2023,0.1385,Elevated,True,0.875,16,True,False,-0.02507,-0.03363,0.02903,2.0,0.6,-0.02333,-0.07099,,-0.04966,,0.02092,-0.0471,0.48668,-0.06144,-0.03836,-2.85147,g_emp_1_rel_ctry;share_decline_5;g_emp_1;wage_share
470,Malta,26,"Computer, electronic and optical products",2023,0.0366,Low,True,0.875,16,True,False,0.0189,0.05263,0.0281,0.0,0.33333,0.03435,0.12258,,0.23823,,0.07184,0.10175,0.47785,-0.01747,0.00074,-2.22235,wage_share;g_emp_1_rel_ctry;g_wages_1;g_out_1
470,Malta,27,Electrical equipment,2023,0.1385,Elevated,True,0.875,16,True,False,-0.0283,0.00325,0.07624,1.0,0.2,-0.0042,0.12237,,-0.03332,,0.05605,0.15506,0.49907,-0.06467,-0.04917,-3.61188,g_emp_1_rel_ctry;g_emp_1;wage_share;g_wages_1
470,Malta,28,Machinery and equipment n.e.c.,2023,0.1772,Elevated,True,0.875,16,True,False,0.15254,0.13333,0.08437,0.0,0.6,0.09237,0.09621,,0.1213,,0.21746,-0.04888,0.67021,0.11618,0.14118,-3.62164,wage_share;share_decline_5;g_prod_1;g_out_1
470,Malta,29,"Motor vehicles, trailers and semi-trailers",2023,,Insufficient data,False,0.625,16,True,False,0.05244,,,0.0,0.0,0.02523,-0.09616,,0.02205,,,-0.1412,,0.01608,0.04121,-2.96171,
470,Malta,30,Other transport equipment,2023,,Insufficient data,False,0.562,16,True,False,1.11111,1.71429,0.48518,0.0,0.2,0.68268,,,,,,,,1.07475,1.06077,-6.40078,
470,Malta,31,Furniture,2023,0.038,Low,True,0.875,16,True,False,0.08498,0.12696,0.04305,0.0,0.2,0.07183,0.14186,,0.1671,,0.33989,0.05243,0.45847,0.04862,0.11606,-3.20104,wage_share;g_out_1;g_prod_1;g_va_1
470,Malta,32,Other manufacturing,2023,0.1772,Elevated,True,0.875,16,True,False,0.22547,0.06503,0.12315,0.0,0.6,0.09833,0.10424,,0.29905,,0.44445,-0.09892,0.56873,0.18911,0.20806,-2.22518,wage_share;share_decline_5;vol_emp_5;g_prod_1
470,Malta,33,Repair and installation of machinery/equipment,2023,0.1385,Elevated,True,0.875,16,True,False,0.12163,0.09893,0.06552,0.0,0.2,0.09052,0.29765,,0.40815,,0.22252,0.15693,0.51586,0.08526,0.10102,-2.46022,wage_share
480,Mauritius,10,Food products,2023,0.0227,Low,True,1.0,16,True,False,-0.0244,-0.10822,0.01807,5.0,1.0,-0.06639,0.17795,0.46874,0.15027,0.3471,0.35067,0.20741,0.38313,-0.00503,-0.03832,-1.62797,share_decline_5;g_emp_1;g_emp_1_rel_ctry;emp_dev5
480,Mauritius,11,Beverages,2023,0.0366,Low,True,1.0,16,True,False,0.23017,0.22191,0.08732,0.0,0.2,0.18068,0.09451,0.26844,0.6534,0.99223,0.1394,-0.11028,0.29696,0.24953,0.20715,-2.71709,g_prod_1;g_va_1;g_va_3
480,Mauritius,13,Textiles,2023,0.0227,Low,True,1.0,16,True,False,-0.01433,-0.13806,0.02506,5.0,1.0,-0.10112,-0.11901,0.04147,-0.20986,-0.04405,-0.21578,-0.1062,0.50621,0.00503,-0.00029,-2.55709,share_decline_5;g_wages_1;wage_share;g_emp_1
480,Mauritius,14,Wearing apparel,2023,0.0653,Watch,True,1.0,16,True,False,-0.07606,-0.32245,0.04517,5.0,1.0,-0.24035,-0.09509,0.06173,-0.09604,0.05366,-0.11518,-0.0206,0.50708,-0.0567,-0.06669,-1.04266,share_decline_5;g_emp_1;g_wages_1;wage_share
480,Mauritius,15,Leather and related products,2023,0.117,Elevated,True,1.0,16,True,False,0.13118,0.59153,0.14744,0.0,0.2,0.21746,0.21983,0.7463,0.2411,0.8047,0.25336,0.07836,0.45586,0.15055,0.16696,-3.90709,vol_emp_5;log_emp_share_ctry;wage_share;g_prod_1
480,Mauritius,16,"Wood products, excluding furniture",2023,0.2477,High,True,1.0,16,True,False,0.37665,0.4637,0.50709,0.0,0.4,0.36057,0.05169,0.02172,0.07114,-0.0059,0.07227,-0.23605,0.60325,0.39602,0.40214,-4.42778,vol_emp_5;wage_share;log_emp_share_ctry;g_va_3
480,Mauritius,17,Paper and paper products,2023,0.1772,Elevated,True,1.0,16,True,False,-0.15543,-0.17248,0.05428,5.0,1.0,-0.15459,0.09899,0.6031,-0.06387,0.38805,0.08125,0.30125,0.37104,-0.13607,-0.17088,-4.75407,share_decline_5;g_emp_1;log_emp_share_ctry;g_emp_1_rel_ctry
480,Mauritius,18,Printing and reproduction of recorded media,2023,0.1385,Elevated,True,1.0,16,True,False,0.29966,0.13407,0.13995,0.0,0.6,0.13924,0.06356,0.22331,0.21687,0.35488,0.0644,-0.18166,0.62243,0.31903,0.31635,-3.53186,wage_share;share_decline_5;vol_emp_5;g_prod_1
480,Mauritius,19,Coke and refined petroleum products,2023,0.0227,Low,True,1.0,16,True,False,0.05652,0.01938,0.03802,0.0,0.6,0.01595,0.0033,-0.03607,-0.09607,-0.14365,0.01694,-0.05037,0.35716,0.07588,0.05313,-3.14153,share_decline_5;g_out_3;g_wages_1;g_va_3
480,Mauritius,22,Rubber and plastics products,2023,0.1385,Elevated,True,1.0,16,True,False,-0.07508,-0.10819,0.0427,2.0,0.8,-0.10812,0.08193,0.12851,0.07866,0.11318,0.06805,0.16976,0.38845,-0.05572,-0.08362,-3.84356,share_decline_5;g_emp_1;g_emp_1_rel_ctry;log_emp_share_ctry
480,Mauritius,23,Other non-metallic mineral products,2023,0.1385,Elevated,True,1.0,16,True,False,0.22584,0.29361,0.10484,0.0,0.4,0.18861,-0.04234,-0.03454,-0.59773,-0.50687,-0.0189,-0.21877,0.31245,0.24521,0.23183,-3.90614,g_out_3;g_wages_1;log_emp_share_ctry;g_va_3
480,Mauritius,24,Basic metals,2023,0.0653,Watch,True,1.0,16,True,False,-0.00266,-0.05303,0.07061,2.0,0.6,-0.04383,-0.14348,0.68628,-0.36939,0.2379,-0.12639,-0.14119,0.29989,0.01671,-0.00849,-4.93861,log_emp_share_ctry;g_wages_1;share_decline_5;g_emp_1
480,Mauritius,25,"Fabricated metal products, except machinery",2023,0.0653,Watch,True,1.0,16,True,False,-0.04594,-0.13462,0.06752,3.0,0.8,-0.08334,-0.16366,0.20114,-0.10814,0.21617,-0.16402,-0.12339,0.54996,-0.02657,-0.05922,-3.47535,share_decline_5;wage_share;g_wages_1;g_emp_1
480,Mauritius,26,"Computer, electronic and optical products",2023,0.1772,Elevated,True,1.0,16,True,False,-0.10797,-0.05124,0.06531,1.0,0.6,-0.06174,0.03917,0.46243,0.14725,0.55194,0.06548,0.16496,0.45676,-0.08861,-0.12614,-3.88639,g_emp_1;g_emp_1_rel_ctry;share_decline_5;log_emp_share_ctry
480,Mauritius,27,Electrical equipment,2023,0.1772,Elevated,True,1.0,16,True,False,-0.02893,-0.26332,0.11364,1.0,0.6,-0.15646,0.14071,0.20865,0.11046,0.20752,0.10187,0.17469,0.49186,-0.00956,-0.04979,-5.40595,log_emp_share_ctry;g_emp_1;share_decline_5;wage_share
480,Mauritius,28,Machinery and equipment n.e.c.,2023,0.2136,High,True,1.0,16,True,False,0.0,0.08861,0.038,0.0,0.2,0.0331,0.6761,-0.28451,-0.25705,-0.68275,0.7236,0.6761,0.78012,0.01937,-0.01136,-5.71804,wage_share;log_emp_share_ctry;g_out_3;g_va_3
480,Mauritius,29,"Motor vehicles, trailers and semi-trailers",2023,0.294,High,True,1.0,16,True,False,0.06589,-0.16918,0.15245,0.0,0.6,-0.09366,0.51312,1.75626,0.80328,2.29028,0.37916,0.41958,0.19164,0.08526,0.05466,-5.24876,log_emp_share_ctry;vol_emp_5;share_decline_5;emp_dev5
480,Mauritius,31,Furniture,2023,0.2136,High,True,1.0,16,True,False,-0.12863,-0.13343,0.07073,1.0,0.6,-0.09963,0.14936,-0.14737,-0.55563,-0.59656,0.19581,0.31902,0.38488,-0.10927,-0.09755,-4.41982,g_emp_1;g_emp_1_rel_ctry;log_emp_share_ctry;share_decline_5
480,Mauritius,32,Other manufacturing,2023,0.1385,Elevated,True,1.0,16,True,False,-0.06504,-0.0185,0.05974,1.0,0.4,-0.00506,0.00082,0.37273,0.05528,0.50301,0.01327,0.07044,0.41001,-0.04568,-0.08245,-2.88688,g_emp_1;g_emp_1_rel_ctry;g_wages_1;g_va_1
480,Mauritius,33,Repair and installation of machinery/equipment,2023,0.0517,Watch,True,1.0,16,True,False,-0.05121,-0.04218,0.02294,2.0,0.8,-0.042,-0.03881,-0.03962,0.04875,0.04009,-0.02396,0.01307,0.50773,-0.03185,-0.07182,-4.30876,share_decline_5;g_emp_1;log_emp_share_ctry;wage_share
484,Mexico,10,Food products,2023,0.0177,Low,True,1.0,16,True,False,0.00105,0.02058,0.0075,0.0,0.2,0.01013,0.16521,0.58773,0.16736,0.53178,0.22433,0.164,0.19558,0.0044,-0.01287,-1.71071,g_emp_1;g_emp_1_rel_ctry;g_out_1
484,Mexico,11,Beverages,2023,0.0,Low,True,1.0,16,True,False,0.01436,0.05085,0.00548,0.0,0.0,0.02909,0.15588,0.63018,0.14667,0.5609,0.26132,0.13951,0.10153,0.01772,-0.00866,-3.44,g_out_1
484,Mexico,12,Tobacco products,2023,0.117,Elevated,True,1.0,16,True,False,0.00046,0.07065,0.02394,0.0,0.0,0.04059,0.1859,1.3664,0.18326,0.88538,0.1571,0.18535,0.18188,0.00382,-0.00534,-7.73016,log_emp_share_ctry;g_emp_1;g_emp_1_rel_ctry;g_out_1
484,Mexico,13,Textiles,2023,0.2477,High,True,1.0,16,True,False,-0.08941,-0.04921,0.05809,2.0,0.6,-0.07967,0.02689,0.66582,0.02192,0.48483,0.13933,0.12772,0.44769,-0.08605,-0.07537,-3.72753,g_emp_1;g_emp_1_rel_ctry;share_decline_5;log_emp_share_ctry
484,Mexico,14,Wearing apparel,2023,0.0227,Low,True,1.0,16,True,False,0.0072,-0.049,0.02535,0.0,0.6,-0.02735,0.0623,0.5596,0.0923,0.47271,0.15919,0.05471,0.50478,0.01056,0.01658,-2.97773,wage_share;share_decline_5;g_emp_1_rel_ctry;g_emp_3
484,Mexico,15,Leather and related products,2023,0.0227,Low,True,1.0,16,True,False,0.00828,0.04667,0.03813,0.0,0.6,0.00493,0.19466,0.6686,0.15885,0.59666,0.23569,0.18484,0.53444,0.01164,0.04406,-3.54373,wage_share;share_decline_5;g_emp_1_rel_ctry;g_out_1
484,Mexico,16,"Wood products, excluding furniture",2023,0.2136,High,True,1.0,16,True,False,-0.05189,-0.13075,0.03027,5.0,1.0,-0.1017,-0.03116,0.4692,0.00087,0.43127,0.21222,0.02186,0.40352,-0.04853,-0.0264,-4.14187,share_decline_5;g_emp_1;log_emp_share_ctry;g_emp_1_rel_ctry
484,Mexico,17,Paper and paper products,2023,0.0227,Low,True,1.0,16,True,False,-0.01323,0.02756,0.01921,2.0,0.6,0.00441,0.08964,0.57054,0.09004,0.49543,0.25615,0.10425,0.30928,-0.00987,-0.02868,-3.74195,share_decline_5;g_emp_1;g_emp_1_rel_ctry;log_emp_share_ctry
484,Mexico,18,Printing and reproduction of recorded media,2023,0.1385,Elevated,True,1.0,16,True,False,-0.02695,0.02154,0.03943,1.0,0.6,-0.00694,0.22044,0.9262,0.22264,0.72855,0.26127,0.25424,0.44317,-0.02359,-0.01026,-3.70396,share_decline_5;g_emp_1;g_emp_1_rel_ctry;log_emp_share_ctry
484,Mexico,19,Coke and refined petroleum products,2023,0.2477,High,True,1.0,16,True,False,-0.01132,-0.05451,0.01387,5.0,1.0,-0.03468,-0.1655,1.59598,-0.16626,1.51077,0.18575,-0.15594,0.05155,-0.00796,-0.0147,-5.34751,share_decline_5;log_emp_share_ctry;g_emp_1;g_emp_1_rel_ctry
484,Mexico,20,Chemicals and chemical products,2023,0.0653,Watch,True,1.0,16,True,False,-0.02088,-0.00859,0.01061,1.0,0.6,-0.01307,0.0074,0.49196,-0.01945,0.5081,0.21083,0.02888,0.2151,-0.01752,-0.02907,-3.79454,share_decline_5;g_emp_1;g_emp_1_rel_ctry;log_emp_share_ctry
484,Mexico,21,"Pharmaceuticals,medicinal chemicals, etc.",2023,0.0227,Low,True,1.0,16,True,False,0.02409,0.07514,0.00702,0.0,0.0,0.05093,0.27212,0.75489,0.26376,0.53697,0.16881,0.24219,0.20028,0.02745,0.0,-4.52303,log_emp_share_ctry;g_out_1
484,Mexico,22,Rubber and plastics products,2023,0.0227,Low,True,1.0,16,True,False,-0.00336,0.07416,0.02458,1.0,0.4,0.02773,0.09129,0.71856,0.06945,0.52347,0.24956,0.09497,0.37977,0.0,-0.0119,-2.87283,g_emp_1;g_emp_1_rel_ctry;g_out_1;g_va_1
484,Mexico,23,Other non-metallic mineral products,2023,0.0227,Low,True,1.0,16,True,False,-0.01076,0.00341,0.0115,1.0,0.6,-0.00685,0.17457,0.64693,0.17654,0.56744,0.23157,0.18734,0.21931,-0.0074,-0.00477,-3.52012,share_decline_5;g_emp_1;g_emp_1_rel_ctry;g_out_1
484,Mexico,24,Basic metals,2023,0.0366,Low,True,1.0,16,True,False,0.022,0.11807,0.03389,0.0,0.2,0.05585,-0.06369,0.73061,-0.04184,0.60467,0.10372,-0.08384,0.18067,0.02536,0.01617,-3.90916,log_emp_share_ctry;g_va_1;g_prod_1;g_out_1
484,Mexico,25,"Fabricated metal products, except machinery",2023,0.0177,Low,True,1.0,16,True,False,0.00149,0.02966,0.01726,0.0,0.2,0.0073,0.08054,0.77209,0.08013,0.59354,0.2378,0.07893,0.34875,0.00485,-0.0118,-2.56986,g_emp_1;g_emp_1_rel_ctry;g_out_1;g_va_1
484,Mexico,26,"Computer, electronic and optical products",2023,0.1385,Elevated,True,1.0,16,True,False,-0.04251,0.1086,0.05013,1.0,0.4,0.03626,0.19456,0.83807,0.18774,0.59734,0.25194,0.24759,0.60096,-0.03915,-0.06067,-2.67805,wage_share;g_emp_1;g_emp_1_rel_ctry;g_out_1
484,Mexico,27,Electrical equipment,2023,0.0653,Watch,True,1.0,16,True,False,-0.03078,0.06095,0.04534,2.0,0.4,0.01372,0.17342,0.90155,0.16095,0.64081,0.24746,0.21068,0.36202,-0.02743,-0.05165,-3.21286,g_emp_1;g_emp_1_rel_ctry;g_out_1
484,Mexico,28,Machinery and equipment n.e.c.,2023,0.0366,Low,True,1.0,16,True,False,0.01357,0.19752,0.0518,0.0,0.2,0.07879,0.1634,0.87053,0.15043,0.60613,0.29973,0.14783,0.3851,0.01692,0.0022,-3.57862,g_out_1
484,Mexico,29,"Motor vehicles, trailers and semi-trailers",2023,0.0177,Low,True,1.0,16,True,False,0.03263,0.04935,0.02092,0.0,0.4,0.03014,0.20611,0.72969,0.1968,0.58887,0.30534,0.16799,0.25314,0.03599,0.0214,-1.75607,g_out_1
484,Mexico,30,Other transport equipment,2023,0.1385,Elevated,True,1.0,16,True,False,0.06115,0.26705,0.15583,0.0,0.4,0.11386,0.21731,0.82778,0.21148,0.6167,0.40684,0.14716,0.43762,0.0645,0.01081,-4.15999,log_emp_share_ctry;vol_emp_5;g_out_1
484,Mexico,31,Furniture,2023,0.2136,High,True,1.0,16,True,False,-0.12528,-0.12936,0.05734,2.0,0.6,-0.12765,0.17505,0.69448,0.13121,0.52681,0.20081,0.34335,0.476,-0.12193,-0.0942,-3.53023,g_emp_1;g_emp_1_rel_ctry;share_decline_5;wage_share
484,Mexico,32,Other manufacturing,2023,0.0278,Low,True,1.0,16,True,False,-0.01264,0.04714,0.02661,1.0,0.2,0.02452,0.21128,0.68901,0.1897,0.61356,0.26372,0.22678,0.62299,-0.00928,-0.03005,-3.13876,wage_share;g_emp_1;g_emp_1_rel_ctry;g_out_1
496,Mongolia,10,Food products,2023,0.1385,Elevated,True,1.0,16,True,False,-0.20626,-0.17158,0.26717,1.0,0.4,-0.09892,0.00365,0.03973,0.08389,0.09316,-0.19971,0.26445,0.12834,-0.19459,-0.22018,-1.32327,g_emp_1;vol_emp_5;g_emp_1_rel_ctry;g_wages_1
496,Mongolia,11,Beverages,2023,0.1385,Elevated,True,1.0,16,True,False,-0.2446,0.67379,0.37264,1.0,0.4,0.03752,-0.03406,0.45249,-0.02722,0.3528,-0.16825,0.27871,0.15499,-0.23293,-0.26761,-2.54785,g_emp_1;vol_emp_5;g_emp_1_rel_ctry;g_wages_1
496,Mongolia,12,Tobacco products,2023,,Insufficient data,False,0.375,16,True,False,,,,0.0,1.0,,-0.47125,-0.43703,-0.26112,-0.24747,,,,,,,
496,Mongolia,13,Textiles,2023,0.4773,High,True,1.0,16,True,False,-0.37352,-0.0096,1.42107,1.0,0.6,-0.07181,0.1143,0.22466,0.2589,1.53199,-0.2734,0.77867,0.87774,-0.36185,-0.35948,-2.8465,vol_emp_5;g_emp_1;wage_share;g_emp_1_rel_ctry
496,Mongolia,14,Wearing apparel,2023,0.1385,Elevated,True,1.0,16,True,False,0.71745,0.18901,0.46913,0.0,0.4,0.032,-0.06973,0.20161,0.21951,0.50097,0.04395,-0.45834,0.40118,0.72912,0.72683,-2.36739,vol_emp_5;g_prod_1;g_wages_1;g_va_3
496,Mongolia,15,Leather and related products,2023,0.2136,High,True,1.0,16,True,False,0.47332,-0.32483,0.40919,0.0,0.2,-0.23897,0.23063,0.29569,-0.02263,0.19673,0.67255,-0.16472,0.51889,0.48499,0.5091,-3.60473,vol_emp_5;wage_share;emp_dev5;g_emp_3
496,Mongolia,16,"Wood products, excluding furniture",2023,0.2136,High,True,1.0,16,True,False,-0.30538,0.60676,0.50563,1.0,0.4,-0.28967,0.09547,0.20751,-0.05259,0.20142,0.16251,0.57708,0.21249,-0.29371,-0.27989,-4.36584,g_emp_1;vol_emp_5;g_emp_1_rel_ctry;log_emp_share_ctry
496,Mongolia,17,Paper and paper products,2023,0.4773,High,True,1.0,16,True,False,-0.30901,-0.27477,0.70536,1.0,0.4,-0.58225,0.23386,0.45125,0.16937,0.46977,-0.06277,0.78564,0.16007,-0.29734,-0.32446,-4.99154,vol_emp_5;g_emp_1;g_emp_1_rel_ctry;log_emp_share_ctry
496,Mongolia,18,Printing and reproduction of recorded media,2023,0.1772,Elevated,True,1.0,16,True,False,-0.04294,3.10497,0.86638,1.0,0.6,0.26752,0.0941,0.21703,0.10243,0.30407,0.30262,0.14319,0.55512,-0.03127,-0.02625,-3.46225,vol_emp_5;wage_share;g_emp_1;share_decline_5
496,Mongolia,19,Coke and refined petroleum products,2023,0.5,High,True,1.0,16,True,False,0.35635,1.20945,1.85097,0.0,0.33333,0.53299,-0.10601,-0.10288,-0.22815,0.29672,0.36463,-0.34089,0.96128,0.36802,0.35297,-2.99545,vol_emp_5;wage_share;g_va_3;g_prod_1
496,Mongolia,20,Chemicals and chemical products,2023,,Insufficient data,False,0.688,16,True,False,,0.63924,0.67717,0.0,0.66667,-0.09654,0.32426,0.92791,0.32374,1.35389,,,0.01611,,,-5.61473,
496,Mongolia,21,"Pharmaceuticals,medicinal chemicals, etc.",2023,,Insufficient data,False,0.625,16,True,False,-0.00058,-0.54389,0.75367,1.0,0.4,-0.12813,,,,,-0.28974,,,0.01109,-0.02467,-3.71858,
496,Mongolia,22,Rubber and plastics products,2023,0.5,High,True,1.0,16,True,False,-0.27294,0.91992,1.45165,1.0,0.4,-0.19102,0.31587,0.74703,0.08076,0.43544,-0.5142,0.80985,0.19798,-0.26127,-0.28148,-4.33101,vol_emp_5;g_emp_1;g_wages_1;g_emp_1_rel_ctry
496,Mongolia,23,Other non-metallic mineral products,2023,0.1385,Elevated,True,1.0,16,True,False,0.15139,1.91921,0.53382,0.0,0.4,0.36357,0.22297,0.83253,0.04,0.33583,0.92173,0.06216,0.57884,0.16307,0.15738,-1.91797,vol_emp_5;wage_share;g_out_1;g_prod_1
496,Mongolia,24,Basic metals,2023,0.117,Elevated,True,1.0,16,True,False,-0.02276,-0.34242,0.50059,1.0,0.4,-0.04583,0.11066,0.46952,0.21871,0.47357,0.24631,0.13653,0.16998,-0.01109,-0.02859,-3.3344,vol_emp_5;g_emp_1;g_emp_1_rel_ctry;g_emp_3
496,Mongolia,25,"Fabricated metal products, except machinery",2023,0.1772,Elevated,True,1.0,16,True,False,0.22857,0.23465,0.43313,0.0,0.4,0.29719,0.23565,1.09237,-0.02179,0.71265,1.37809,0.00576,0.57632,0.24024,0.21529,-4.04307,vol_emp_5;wage_share;log_emp_share_ctry;g_out_1
496,Mongolia,26,"Computer, electronic and optical products",2023,0.294,High,True,0.812,16,True,False,0.3255,2.26446,5.23887,0.0,0.4,0.6452,,,0.60637,0.26017,-0.1999,,4.69834,0.33717,0.30734,-5.19268,vol_emp_5;wage_share;log_emp_share_ctry;g_wages_1
496,Mongolia,27,Electrical equipment,2023,0.5,High,True,1.0,16,True,False,0.06998,-0.13784,2.02848,0.0,0.2,0.203,1.17151,0.16939,-0.87876,-0.89686,-0.26565,1.02947,0.69575,0.08166,0.04912,-4.63777,vol_emp_5;wage_share;g_wages_1;log_emp_share_ctry
496,Mongolia,28,Machinery and equipment n.e.c.,2023,,Insufficient data,False,0.938,16,True,False,-0.13366,,0.34269,1.0,0.66667,0.21539,-0.0665,-0.35038,0.04359,-0.24537,2.52122,0.07752,13.16578,-0.12198,-0.14502,-4.8837,
496,Mongolia,29,"Motor vehicles, trailers and semi-trailers",2023,,Insufficient data,False,0.875,16,True,False,-0.49275,,,1.0,0.5,-0.63834,-0.36331,5.20688,23.46437,261.62217,-0.24026,0.25518,566.1015,-0.48108,-0.50399,-6.00678,
496,Mongolia,30,Other transport equipment,2023,,Insufficient data,False,0.688,16,True,False,2.95238,,1.60757,0.0,0.66667,0.56551,,-1.01176,,-0.99077,10.68597,,,2.96405,2.90204,-5.14328,
496,Mongolia,31,Furniture,2023,0.1385,Elevated,True,1.0,16,True,False,0.01202,0.80476,0.2541,0.0,0.2,0.29786,0.08434,0.30386,0.05206,0.30243,0.00414,0.07147,1.19877,0.02369,0.0431,-2.59497,wage_share;vol_emp_5;g_wages_1;g_out_1
496,Mongolia,32,Other manufacturing,2023,0.294,High,True,1.0,16,True,False,0.04956,-0.29823,0.84975,0.0,0.4,0.12931,0.06323,-0.31772,0.23387,-0.12314,-0.02386,0.01303,1.35606,0.06123,0.03215,-4.31195,wage_share;vol_emp_5;log_emp_share_ctry;g_va_3
496,Mongolia,33,Repair and installation of machinery/equipment,2023,0.5,High,True,1.0,16,True,False,-0.33252,1.60143,0.90553,1.0,0.4,-0.17634,0.04986,0.47091,-0.02564,0.44609,-0.45188,0.57286,0.39213,-0.32085,-0.35312,-4.17763,vol_emp_5;g_emp_1;g_emp_1_rel_ctry;g_wages_1
498,Republic of Moldova,10,Food products,2023,0.0653,Watch,True,1.0,16,True,False,-0.04065,-0.06443,0.01442,5.0,1.0,-0.04851,0.11697,0.79323,-0.01073,0.61837,0.18608,0.16429,0.36275,-0.01775,-0.05456,-1.41695,share_decline_5;g_emp_1;g_emp_1_rel_ctry;g_out_1
498,Republic of Moldova,11,Beverages,2023,0.1385,Elevated,True,1.0,16,True,False,-0.04984,-0.01873,0.04589,1.0,0.6,-0.042,0.23744,0.50745,0.08875,0.37015,0.1915,0.30235,0.31578,-0.02695,-0.07285,-2.57514,g_emp_1;share_decline_5;g_emp_1_rel_ctry;g_out_1
498,Republic of Moldova,12,Tobacco products,2023,0.2136,High,True,1.0,16,True,False,0.08772,-0.01195,0.11639,0.0,0.6,-0.04956,0.03967,0.49774,0.32937,1.15822,0.26086,-0.04418,0.34235,0.11061,0.08191,-5.79948,log_emp_share_ctry;share_decline_5;vol_emp_5;g_prod_1
498,Republic of Moldova,13,Textiles,2023,0.294,High,True,1.0,16,True,False,-0.01376,0.04522,0.08489,2.0,0.6,-0.02443,-0.01545,-0.26644,-0.06588,0.04922,0.17304,-0.00172,0.87832,0.00914,0.00029,-2.96296,wage_share;share_decline_5;g_va_3;g_emp_1
498,Republic of Moldova,14,Wearing apparel,2023,0.2136,High,True,1.0,16,True,False,-0.09116,-0.08477,0.06086,1.0,0.4,-0.10529,-0.25914,-0.06475,-0.00205,0.15893,0.08506,-0.18483,0.87622,-0.06827,-0.08178,-1.86972,wage_share;g_emp_1;g_emp_1_rel_ctry;g_va_3
498,Republic of Moldova,15,Leather and related products,2023,0.294,High,True,1.0,16,True,False,-0.05162,-0.13244,0.10608,2.0,0.6,-0.16566,-0.23961,-0.12573,-0.05136,0.08809,0.12832,-0.19822,0.92134,-0.02872,-0.01584,-3.58979,wage_share;g_emp_1;share_decline_5;g_emp_1_rel_ctry
498,Republic of Moldova,16,"Wood products, excluding furniture",2023,0.1772,Elevated,True,1.0,16,True,False,-0.02216,0.04748,0.07473,2.0,0.6,-0.02536,-0.09001,1.17824,0.02282,0.85356,0.22263,-0.06939,0.34181,0.00073,0.00333,-4.34783,log_emp_share_ctry;share_decline_5;g_emp_1;g_emp_1_rel_ctry
498,Republic of Moldova,17,Paper and paper products,2023,0.1772,Elevated,True,1.0,16,True,False,0.02626,0.10234,0.18025,0.0,0.4,0.00999,0.02464,0.53363,-0.09343,0.54517,0.22335,-0.00157,0.30733,0.04915,0.01081,-4.09181,vol_emp_5;log_emp_share_ctry;g_out_1;g_prod_1
498,Republic of Moldova,18,Printing and reproduction of recorded media,2023,0.0278,Low,True,1.0,16,True,False,0.02095,0.0579,0.05456,0.0,0.6,0.01609,0.34491,0.61017,0.43768,0.646,0.28764,0.3173,0.44143,0.04385,0.03764,-4.53641,log_emp_share_ctry;share_decline_5
498,Republic of Moldova,19,Coke and refined petroleum products,2023,,Insufficient data,False,0.562,16,True,False,0.76923,-0.36111,0.47082,0.0,0.6,-0.34882,,,,,,,,0.79212,0.76585,-8.17742,
498,Republic of Moldova,20,Chemicals and chemical products,2023,0.0653,Watch,True,1.0,16,True,False,0.08213,0.00174,0.13584,0.0,0.2,0.02345,0.15013,-0.02524,-0.13226,-0.19804,0.3737,0.06283,0.2602,0.10502,0.07393,-3.85935,vol_emp_5;log_emp_share_ctry;g_out_3;g_va_3
498,Republic of Moldova,21,"Pharmaceuticals,medicinal chemicals, etc.",2023,0.2136,High,True,1.0,16,True,False,-0.07025,-0.09986,0.07997,2.0,0.6,-0.10085,0.03875,0.44364,0.41759,0.82845,0.1892,0.11724,0.33099,-0.04736,-0.09435,-4.87997,log_emp_share_ctry;g_emp_1;share_decline_5;g_emp_1_rel_ctry
498,Republic of Moldova,22,Rubber and plastics products,2023,0.0517,Watch,True,1.0,16,True,False,-0.0314,0.04418,0.0361,1.0,0.4,0.01072,0.15446,0.57311,-0.05976,0.26281,0.16089,0.19188,0.34887,-0.00851,-0.03994,-3.11317,g_emp_1;g_emp_1_rel_ctry;g_out_1;g_out_3
498,Republic of Moldova,23,Other non-metallic mineral products,2023,0.0366,Low,True,1.0,16,True,False,0.02271,0.03303,0.0481,0.0,0.0,0.0464,-0.26505,0.49123,0.06527,0.41264,0.23233,-0.28137,0.30561,0.0456,0.02869,-2.90019,g_va_1;g_prod_1;g_out_1
498,Republic of Moldova,24,Basic metals,2023,0.2136,High,True,1.0,16,True,False,-0.08547,-0.30968,0.17284,2.0,0.6,-0.27735,3.48325,1.36982,0.22725,1.24701,0.23824,3.90224,0.15518,-0.06258,-0.0913,-6.64008,log_emp_share_ctry;g_emp_1;vol_emp_5;g_emp_1_rel_ctry
498,Republic of Moldova,25,"Fabricated metal products, except machinery",2023,0.2477,High,True,1.0,16,True,False,-0.01802,0.00345,0.03143,1.0,0.4,0.00629,0.52661,1.04388,0.13699,0.44503,0.22958,0.55463,0.24421,0.00487,-0.03131,-3.44389,g_emp_1;g_emp_1_rel_ctry;g_out_1;g_emp_3
498,Republic of Moldova,26,"Computer, electronic and optical products",2023,0.2477,High,True,1.0,16,True,False,-0.06526,-0.16928,0.10163,3.0,0.8,-0.10623,0.36971,0.27191,0.25408,0.36741,0.11546,0.46534,0.46892,-0.04236,-0.08342,-5.04004,share_decline_5;log_emp_share_ctry;g_emp_1;g_emp_1_rel_ctry
498,Republic of Moldova,27,Electrical equipment,2023,0.294,High,True,1.0,16,True,False,0.16771,-0.21167,0.18228,0.0,0.4,-0.05417,-0.11638,-0.47818,0.14055,-0.82938,0.27087,-0.24329,0.72394,0.1906,0.14684,-4.29094,wage_share;vol_emp_5;log_emp_share_ctry;g_out_3
498,Republic of Moldova,28,Machinery and equipment n.e.c.,2023,0.0653,Watch,True,1.0,16,True,False,-0.02362,-0.29545,0.12303,4.0,0.8,-0.2538,0.18187,0.04098,-0.00548,-0.14365,0.02928,0.21046,0.46947,-0.00073,-0.03498,-4.41319,share_decline_5;log_emp_share_ctry;g_emp_1;emp_dev5
498,Republic of Moldova,29,"Motor vehicles, trailers and semi-trailers",2023,0.0653,Watch,True,1.0,16,True,False,-0.03199,-0.08045,0.07911,4.0,0.8,-0.06683,0.19695,0.22247,0.29471,1.06717,0.09173,0.23651,0.64065,-0.0091,-0.04323,-2.05664,share_decline_5;wage_share;g_emp_1;g_emp_1_rel_ctry
498,Republic of Moldova,30,Other transport equipment,2023,,Insufficient data,False,0.5,16,True,False,-0.625,,0.20549,1.0,1.0,-0.89382,,,,,,,,-0.60211,-0.67534,-10.2143,
498,Republic of Moldova,31,Furniture,2023,0.038,Low,True,1.0,16,True,False,-0.03041,0.07466,0.0551,2.0,0.8,0.01136,0.0543,0.24453,0.06498,0.4053,0.1808,0.08737,0.45242,-0.00752,0.00067,-2.94561,share_decline_5;g_emp_1;g_emp_1_rel_ctry;g_out_1
498,Republic of Moldova,32,Other manufacturing,2023,0.0177,Low,True,1.0,16,True,False,0.06073,0.08789,0.02711,0.0,0.2,0.07022,0.16596,0.64183,0.11779,0.95956,0.17745,0.09921,0.49229,0.08362,0.04332,-3.95281,wage_share;log_emp_share_ctry;g_out_1;g_prod_1
498,Republic of Moldova,33,Repair and installation of machinery/equipment,2023,0.1772,Elevated,True,1.0,16,True,False,0.03111,-0.19946,0.09357,0.0,0.8,-0.10873,0.42078,0.81026,0.04227,0.14486,0.29171,0.37792,0.30806,0.054,0.0105,-4.51609,share_decline_5;log_emp_share_ctry;emp_dev5;g_emp_3
499,Montenegro,10,Food products,2023,,Insufficient data,False,0.625,16,True,False,0.07079,0.3574,0.11053,0.0,0.2,0.14125,,,,,0.2428,,,-0.02242,0.05688,-1.04598,
499,Montenegro,11,Beverages,2023,,Insufficient data,False,0.625,16,True,False,0.36484,0.77429,0.19169,0.0,0.2,0.33146,,,,,0.48144,,,0.27162,0.34182,-3.16875,
499,Montenegro,12,Tobacco products,2023,,Insufficient data,False,0.625,16,True,False,-0.76923,-0.90323,0.5055,3.0,0.6,-1.96009,,,,,-0.4384,,,-0.86244,-0.77504,-7.80832,
499,Montenegro,13,Textiles,2023,,Insufficient data,False,0.625,16,True,False,0.09137,0.30303,0.12862,0.0,0.2,0.12467,,,,,0.37629,,,-0.00184,0.10541,-4.22944,
499,Montenegro,14,Wearing apparel,2023,,Insufficient data,False,0.625,16,True,False,0.08,0.65306,0.14065,0.0,0.2,0.2283,,,,,0.19895,,,-0.01321,0.08938,-4.10702,
499,Montenegro,15,Leather and related products,2023,,Insufficient data,False,0.562,16,True,False,0.15789,-0.15385,0.20712,0.0,0.6,-0.17472,,,,,,,,0.06468,0.19367,-6.50904,
499,Montenegro,16,"Wood products, excluding furniture",2023,,Insufficient data,False,0.625,16,True,False,0.11299,0.45863,0.12507,0.0,0.2,0.18109,,,,,0.20011,,,0.01978,0.13848,-1.8032,
499,Montenegro,17,Paper and paper products,2023,,Insufficient data,False,0.625,16,True,False,0.07386,0.17391,0.07053,0.0,0.4,0.07582,,,,,0.15063,,,-0.01935,0.05842,-4.35834,
499,Montenegro,18,Printing and reproduction of recorded media,2023,,Insufficient data,False,0.625,16,True,False,0.05079,0.15163,0.10999,0.0,0.4,0.05798,,,,,0.18862,,,-0.04243,0.06748,-3.20315,
499,Montenegro,20,Chemicals and chemical products,2023,,Insufficient data,False,0.625,16,True,False,0.06533,0.42282,0.12954,0.0,0.2,0.16585,,,,,0.17949,,,-0.02789,0.05713,-4.2435,
499,Montenegro,21,"Pharmaceuticals,medicinal chemicals, etc.",2023,,Insufficient data,False,0.625,16,True,False,0.03846,0.31707,0.14967,0.0,0.4,0.09005,,,,,0.12763,,,-0.05475,0.01437,-4.2248,
499,Montenegro,22,Rubber and plastics products,2023,,Insufficient data,False,0.625,16,True,False,0.10448,0.26857,0.06223,0.0,0.2,0.13379,,,,,0.33641,,,0.01126,0.09594,-4.19741,
499,Montenegro,23,Other non-metallic mineral products,2023,,Insufficient data,False,0.625,16,True,False,-0.01734,0.10104,0.05222,1.0,0.4,0.03204,,,,,-0.08847,,,-0.11055,-0.01135,-2.85485,
499,Montenegro,24,Basic metals,2023,,Insufficient data,False,0.625,16,True,False,-0.15367,-0.50668,0.14491,4.0,0.8,-0.41499,,,,,0.05515,,,-0.24688,-0.1595,-3.68929,
499,Montenegro,25,"Fabricated metal products, except machinery",2023,,Insufficient data,False,0.625,16,True,False,0.28012,0.40728,0.13392,0.0,0.4,0.22079,,,,,0.45538,,,0.18691,0.26683,-2.44938,
499,Montenegro,26,"Computer, electronic and optical products",2023,,Insufficient data,False,0.562,16,True,False,0.16216,0.43333,0.05686,0.0,0.0,0.22897,,,,,,,,0.06895,0.144,-5.83888,
499,Montenegro,27,Electrical equipment,2023,,Insufficient data,False,0.562,16,True,False,0.125,0.61538,0.119,0.0,0.4,0.24318,,,,,,,,0.03179,0.10413,-5.45695,
499,Montenegro,28,Machinery and equipment n.e.c.,2023,,Insufficient data,False,0.562,16,True,False,-0.03879,-0.00889,0.04944,2.0,0.6,-0.04043,,,,,,,,-0.13201,-0.05016,-4.19291,
499,Montenegro,30,Other transport equipment,2023,,Insufficient data,False,0.562,16,True,False,0.25926,1.0,0.18893,0.0,0.2,0.3996,,,,,,,,0.16605,0.20892,-6.07372,
499,Montenegro,31,Furniture,2023,,Insufficient data,False,0.625,16,True,False,0.17587,0.52642,0.09708,0.0,0.2,0.23183,,,,,0.20308,,,0.08266,0.20695,-2.90428,
499,Montenegro,32,Other manufacturing,2023,,Insufficient data,False,0.625,16,True,False,0.09506,0.35211,0.06402,0.0,0.0,0.17899,,,,,0.06029,,,0.00184,0.07765,-3.93712,
499,Montenegro,33,Repair and installation of machinery/equipment,2023,,Insufficient data,False,0.625,16,True,False,0.24517,0.72922,0.12979,0.0,0.2,0.31227,,,,,0.68042,,,0.15196,0.22457,-3.13083,
504,Morocco,10,Food products,2023,,Insufficient data,False,0.188,16,False,False,,,,0.0,,,0.69209,0.30502,,,,,,,,,
504,Morocco,13,Textiles,2023,,Insufficient data,False,0.188,16,False,False,,,,0.0,,,5.4579,0.12052,,,,,,,,,
504,Morocco,16,"Wood products, excluding furniture",2023,,Insufficient data,False,0.188,16,False,False,,,,0.0,,,3.85303,-0.03729,,,,,,,,,
504,Morocco,19,Coke and refined petroleum products,2023,,Insufficient data,False,0.188,16,False,False,,,,0.0,,,-0.82278,-0.60801,,,,,,,,,
504,Morocco,20,Chemicals and chemical products,2023,,Insufficient data,False,0.188,16,False,False,,,,0.0,,,-0.08341,0.43556,,,,,,,,,
504,Morocco,21,"Pharmaceuticals,medicinal chemicals, etc.",2023,,Insufficient data,False,0.188,16,False,False,,,,0.0,,,0.04912,0.01116,,,,,,,,,
504,Morocco,22,Rubber and plastics products,2023,,Insufficient data,False,0.188,16,False,False,,,,0.0,,,4.82426,-0.06747,,,,,,,,,
504,Morocco,24,Basic metals,2023,,Insufficient data,False,0.188,16,False,False,,,,0.0,,,2.06448,-0.01618,,,,,,,,,
504,Morocco,26,"Computer, electronic and optical products",2023,,Insufficient data,False,0.188,16,False,False,,,,0.0,,,-0.18347,0.51247,,,,,,,,,
504,Morocco,27,Electrical equipment,2023,,Insufficient data,False,0.188,16,False,False,,,,0.0,,,-0.32302,0.67613,,,,,,,,,
504,Morocco,28,Machinery and equipment n.e.c.,2023,,Insufficient data,False,0.188,16,False,False,,,,0.0,,,1.72669,-0.02716,,,,,,,,,
504,Morocco,29,"Motor vehicles, trailers and semi-trailers",2023,,Insufficient data,False,0.188,16,False,False,,,,0.0,,,-0.15525,0.87902,,,,,,,,,
504,Morocco,31,Furniture,2023,,Insufficient data,False,0.188,16,False,False,,,,0.0,,,12.90947,0.04274,,,,,,,,,
512,Oman,10,Food products,2023,0.1385,Elevated,True,1.0,16,True,False,0.40803,0.28478,0.19558,0.0,0.4,0.17571,0.56616,0.45817,0.18392,0.54421,0.10595,0.11231,0.27514,0.4296,0.39411,-2.0294,vol_emp_5;g_out_1;g_prod_1
512,Oman,11,Beverages,2023,0.0227,Low,True,1.0,16,True,False,0.0963,0.15984,0.04983,0.0,0.2,0.09358,0.31032,0.28253,-0.1076,0.02393,0.00094,0.19522,0.39545,0.11787,0.07329,-3.34125,g_wages_1;g_out_3;g_out_1;g_va_3
512,Oman,13,Textiles,2023,0.117,Elevated,True,1.0,16,True,False,0.57453,0.75433,0.23509,0.0,0.2,0.37861,-0.8553,-0.86865,0.5013,0.79413,1.29554,-0.9081,12.90122,0.5961,0.58858,-5.37685,wage_share;log_emp_share_ctry;vol_emp_5;g_va_3
512,Oman,14,Wearing apparel,2023,0.294,High,True,1.0,16,True,False,0.22388,0.148,0.21376,0.0,0.4,0.13842,-0.32146,0.24101,0.03557,0.50592,0.94306,-0.44558,0.54847,0.24545,0.23326,-5.25273,log_emp_share_ctry;vol_emp_5;wage_share;g_prod_1
512,Oman,15,Leather and related products,2023,0.1385,Elevated,True,1.0,16,True,False,-0.28272,-0.25137,0.12754,1.0,0.6,-0.25164,0.08562,0.25899,-0.11546,0.21933,-0.00366,0.51353,0.60138,-0.26115,-0.24695,-6.68538,g_emp_1;log_emp_share_ctry;g_emp_1_rel_ctry;wage_share
512,Oman,16,"Wood products, excluding furniture",2023,0.294,High,True,1.0,16,True,False,-0.53454,0.42006,1.04015,2.0,0.8,-0.65656,-0.07865,1.5706,-0.33213,0.85583,-0.48774,0.97944,0.51277,-0.51297,-0.50905,-4.72087,vol_emp_5;g_emp_1;g_emp_1_rel_ctry;share_decline_5
512,Oman,17,Paper and paper products,2023,0.1772,Elevated,True,1.0,16,True,False,0.19185,0.22064,0.1312,0.0,0.4,0.11621,0.02655,0.05668,-0.09386,0.12379,0.29499,-0.1387,0.40991,0.21343,0.17641,-4.59144,log_emp_share_ctry;vol_emp_5;g_va_3;g_out_3
512,Oman,18,Printing and reproduction of recorded media,2023,0.294,High,True,1.0,16,True,False,-0.20783,-0.23849,0.09774,2.0,0.75,-0.27267,0.11137,0.24555,-0.11463,0.00132,-0.02547,0.40295,0.71347,-0.18626,-0.19115,-5.01506,g_emp_1;wage_share;share_decline_5;log_emp_share_ctry
512,Oman,19,Coke and refined petroleum products,2023,0.0653,Watch,True,0.875,16,True,False,-0.17025,-0.24402,0.09413,1.0,0.4,-0.17301,-0.61526,-0.49513,,,-0.2389,-0.53632,0.19975,-0.14868,-0.17363,-3.55689,g_emp_1;g_emp_1_rel_ctry;g_wages_1;g_va_3
512,Oman,20,Chemicals and chemical products,2023,,Insufficient data,False,0.875,16,True,False,0.01152,0.11836,0.08656,0.0,0.4,0.0691,-0.04036,1.63534,-0.21531,0.41853,,-0.0513,,0.03309,0.00333,-2.79983,
512,Oman,21,"Pharmaceuticals,medicinal chemicals, etc.",2023,0.294,High,True,1.0,16,True,False,-0.31978,-0.29296,0.13674,2.0,0.4,-0.30731,-0.42969,-0.27973,-0.29139,-0.25231,-0.20652,-0.16157,0.58699,-0.29821,-0.34388,-5.38676,g_emp_1;g_emp_1_rel_ctry;log_emp_share_ctry;wage_share
512,Oman,22,Rubber and plastics products,2023,0.1385,Elevated,True,1.0,16,True,False,-0.10917,-0.11031,0.08156,2.0,0.6,-0.14463,-0.29449,-0.25793,-0.15671,0.03975,-0.14229,-0.20804,0.4514,-0.0876,-0.1177,-3.45633,g_emp_1;g_wages_1;g_emp_1_rel_ctry;share_decline_5
512,Oman,23,Other non-metallic mineral products,2023,,Insufficient data,False,0.875,16,True,False,1.54133,1.59145,0.63464,0.0,0.4,0.64625,0.95963,0.6885,0.67644,0.79308,,-0.2289,,1.5629,1.54732,-1.25898,
512,Oman,24,Basic metals,2023,0.2136,High,True,1.0,16,True,False,-0.26537,-0.22609,0.13533,2.0,0.4,-0.23133,0.39148,0.96521,0.09492,0.57839,0.05081,0.89412,0.08503,-0.2438,-0.2712,-2.91203,g_emp_1;g_emp_1_rel_ctry;emp_dev5;vol_emp_5
512,Oman,25,"Fabricated metal products, except machinery",2023,0.294,High,True,1.0,16,True,False,2.77323,1.91665,1.18098,0.0,0.8,0.74764,0.62925,1.45656,0.77625,1.17262,1.89253,-0.56821,0.53823,2.7948,2.75995,-1.4463,vol_emp_5;share_decline_5;wage_share;g_prod_1
512,Oman,26,"Computer, electronic and optical products",2023,0.294,High,True,1.0,16,True,False,-0.19231,0.05,0.32934,1.0,0.6,-0.09097,26.78236,19.32955,6.24235,1.9039,0.59363,33.3972,0.21308,-0.17074,-0.21047,-8.56084,log_emp_share_ctry;g_emp_1;vol_emp_5;g_emp_1_rel_ctry
512,Oman,27,Electrical equipment,2023,0.0,Low,True,1.0,16,True,False,-0.01001,-0.04921,0.01887,5.0,1.0,-0.04245,0.00974,0.16182,0.14329,0.39797,0.03314,0.01994,0.2299,0.01156,-0.03087,-3.51434,share_decline_5;g_emp_1;g_wages_1;g_va_3
512,Oman,28,Machinery and equipment n.e.c.,2023,0.5,High,True,1.0,16,True,False,-0.84298,-0.85668,4.37601,1.0,0.6,-1.36886,0.38145,0.44081,-0.0311,-0.05744,-0.6787,7.79815,0.09923,-0.82141,-0.85435,-4.17169,vol_emp_5;g_emp_1;g_emp_1_rel_ctry;g_wages_1
512,Oman,29,"Motor vehicles, trailers and semi-trailers",2023,0.1385,Elevated,True,1.0,16,True,False,4.75385,2.25217,1.97455,0.0,0.6,0.96141,-0.82795,-0.4879,1.3033,2.98565,5.20261,-0.9701,6.95348,4.77542,4.74261,-5.6811,wage_share;vol_emp_5;log_emp_share_ctry;g_va_3
512,Oman,30,Other transport equipment,2023,0.117,Elevated,True,1.0,16,True,False,-0.97776,-0.97056,0.51291,1.0,0.4,-3.33336,-0.9937,-0.99045,-0.98897,-0.98052,-0.99255,-0.71673,0.60586,-0.95619,-1.02809,-7.38585,g_emp_1;g_emp_1_rel_ctry;emp_dev5;log_emp_share_ctry
512,Oman,31,Furniture,2023,0.2136,High,True,1.0,16,True,False,-0.02157,-0.54676,0.2977,3.0,0.6,-0.31418,0.49877,6.52691,0.48591,0.19312,0.11733,0.53181,0.40038,0.0,0.00951,-4.12719,vol_emp_5;log_emp_share_ctry;emp_dev5;share_decline_5
512,Oman,32,Other manufacturing,2023,0.0653,Watch,True,0.938,16,True,False,-0.86409,-0.85496,0.36276,1.0,0.6,-1.76833,2.48996,,-0.37209,0.30588,-0.85084,24.67874,0.18264,-0.84252,-0.8815,-7.05148,g_emp_1;g_emp_1_rel_ctry;log_emp_share_ctry;g_wages_1
512,Oman,33,Repair and installation of machinery/equipment,2023,0.294,High,True,1.0,16,True,False,3.99408,3.73492,1.63044,0.0,0.8,1.0011,1.83772,1.9243,2.11697,2.35798,4.93885,-0.43178,0.47654,4.01565,3.97348,-3.48091,vol_emp_5;share_decline_5;wage_share;g_prod_1
516,Namibia,10,Food products,2023,,Insufficient data,False,0.438,16,True,False,,,,0.0,,,0.06797,0.38789,0.023,0.26273,0.04414,,0.2562,,,,
516,Namibia,11,Beverages,2023,,Insufficient data,False,0.438,16,True,False,,,,0.0,,,-0.01052,0.07393,0.00609,0.19677,-0.08376,,0.19904,,,,
516,Namibia,14,Wearing apparel,2023,,Insufficient data,False,0.438,16,True,False,,,,0.0,,,-0.05722,0.26913,-0.06787,0.15688,-0.06899,,0.16423,,,,
516,Namibia,15,Leather and related products,2023,,Insufficient data,False,0.438,16,True,False,,,,0.0,,,-0.05755,0.15203,-0.07398,0.05615,-0.01592,,0.13724,,,,
516,Namibia,16,"Wood products, excluding furniture",2023,,Insufficient data,False,0.438,16,True,False,,,,0.0,,,-0.06183,0.09606,-0.00925,0.0583,-0.06136,,0.20563,,,,
516,Namibia,18,Printing and reproduction of recorded media,2023,,Insufficient data,False,0.438,16,True,False,,,,0.0,,,-0.02637,0.06506,-0.0459,0.04771,-0.01535,,0.7088,,,,
516,Namibia,20,Chemicals and chemical products,2023,,Insufficient data,False,0.438,16,True,False,,,,0.0,,,-0.03914,0.05516,-0.04153,0.07665,-0.03433,,0.18051,,,,
516,Namibia,22,Rubber and plastics products,2023,,Insufficient data,False,0.438,16,True,False,,,,0.0,,,0.00661,0.30005,-0.01795,0.2232,0.33797,,0.32932,,,,
516,Namibia,23,Other non-metallic mineral products,2023,,Insufficient data,False,0.438,16,True,False,,,,0.0,,,-0.08591,-0.03606,-0.08718,-0.06426,-0.08575,,0.43147,,,,
516,Namibia,24,Basic metals,2023,,Insufficient data,False,0.438,16,True,False,,,,0.0,,,-0.80148,-0.90801,-0.15951,-0.57603,-0.28715,,0.93233,,,,
516,Namibia,25,"Fabricated metal products, except machinery",2023,,Insufficient data,False,0.438,16,True,False,,,,0.0,,,-0.02185,0.24654,-0.03888,0.22635,-0.05911,,0.15587,,,,
516,Namibia,32,Other manufacturing,2023,,Insufficient data,False,0.438,16,True,False,,,,0.0,,,-0.11333,0.24415,-0.12169,0.24222,-0.07597,,0.11578,,,,
528,Netherlands (Kingdom of the),10,Food products,2023,0.0,Low,True,0.938,16,True,False,0.03066,0.06122,0.01916,0.0,0.2,0.03571,0.10319,0.20075,0.05267,,0.1318,0.07037,0.42962,0.02027,0.01674,-1.68291,g_va_3;g_out_1;g_prod_1;g_va_1
528,Netherlands (Kingdom of the),11,Beverages,2023,0.0517,Watch,True,0.938,16,True,False,0.05786,0.12478,0.04544,0.0,0.4,0.08436,-0.01613,0.92611,0.09065,,0.12688,-0.06994,0.2626,0.04747,0.03484,-4.31231,log_emp_share_ctry;g_prod_1;g_va_1;g_out_1
528,Netherlands (Kingdom of the),12,Tobacco products,2023,,Insufficient data,False,0.562,16,True,False,-0.24899,-0.66242,0.14608,3.0,0.8,-0.75101,,,,,,,,-0.25938,-0.2548,-7.57124,
528,Netherlands (Kingdom of the),13,Textiles,2023,0.0278,Low,True,0.938,16,True,False,-0.03494,-0.0401,0.02498,2.0,0.6,-0.02917,-0.02119,-0.00688,-0.03204,,0.06785,0.01425,0.53501,-0.04533,-0.0209,-4.20274,wage_share;log_emp_share_ctry;g_emp_1;share_decline_5
528,Netherlands (Kingdom of the),14,Wearing apparel,2023,,Insufficient data,False,0.562,16,True,False,-0.02598,-0.05344,0.04487,1.0,0.8,-0.03451,,,,,,,,-0.03637,-0.01661,-6.10221,
528,Netherlands (Kingdom of the),15,Leather and related products,2023,0.0366,Low,True,0.938,16,True,False,0.00971,0.01377,0.03082,0.0,0.2,0.01931,-0.07908,0.06187,0.03209,,0.02586,-0.08794,0.5675,-0.00068,0.04549,-6.0104,log_emp_share_ctry;wage_share;g_wages_1;g_va_3
528,Netherlands (Kingdom of the),16,"Wood products, excluding furniture",2023,0.0227,Low,True,0.938,16,True,False,0.00884,0.11309,0.01665,0.0,0.0,0.06526,-0.01321,0.13186,0.03419,,0.0875,-0.02186,0.44974,-0.00155,0.03433,-3.83743,log_emp_share_ctry;g_emp_1_rel_ctry;g_va_3;g_va_1
528,Netherlands (Kingdom of the),17,Paper and paper products,2023,0.0227,Low,True,0.938,16,True,False,0.03253,0.01887,0.01967,0.0,0.4,0.01766,-0.09491,-0.20341,-0.09861,,0.09527,-0.12343,0.53433,0.02214,0.01708,-3.65481,wage_share;g_va_3;g_prod_1;g_va_1
528,Netherlands (Kingdom of the),18,Printing and reproduction of recorded media,2023,0.0227,Low,True,0.938,16,True,False,-0.0296,-0.04991,0.02716,1.0,0.8,-0.0444,-0.0162,0.03213,-0.03887,,0.00766,0.01381,0.5125,-0.03999,-0.01291,-3.90381,share_decline_5;wage_share;g_emp_1;g_emp_1_rel_ctry
528,Netherlands (Kingdom of the),19,Coke and refined petroleum products,2023,0.1385,Elevated,True,0.875,16,True,False,0.04209,-0.01399,0.02724,0.0,0.6,0.0054,-0.379,,-0.2118,,0.14667,-0.40408,0.24419,0.0317,0.0387,-4.87548,log_emp_share_ctry;share_decline_5;g_prod_1;g_va_1
528,Netherlands (Kingdom of the),20,Chemicals and chemical products,2023,0.0653,Watch,True,0.938,16,True,False,0.04263,0.07166,0.02416,0.0,0.4,0.04579,-0.22482,-0.26806,-0.20251,,0.10426,-0.25652,0.56471,0.03224,0.03443,-2.70774,wage_share;g_va_3;g_prod_1;g_va_1
528,Netherlands (Kingdom of the),21,"Pharmaceuticals,medicinal chemicals, etc.",2023,0.038,Low,True,0.938,16,True,False,0.08004,0.29984,0.03052,0.0,0.0,0.16518,0.18017,2.28642,0.1496,,0.14278,0.09271,0.15972,0.06965,0.05595,-3.6453,log_emp_share_ctry;g_out_1;g_prod_1
528,Netherlands (Kingdom of the),22,Rubber and plastics products,2023,0.0227,Low,True,0.938,16,True,False,-0.00634,0.02249,0.01189,1.0,0.2,0.01379,-0.01861,0.0633,-0.07183,,0.04909,-0.01235,0.49755,-0.01673,-0.01487,-3.05713,wage_share;g_emp_1_rel_ctry;g_emp_1;g_va_3
528,Netherlands (Kingdom of the),23,Other non-metallic mineral products,2023,0.0366,Low,True,0.938,16,True,False,-0.01727,-0.01548,0.01208,1.0,0.4,-0.00878,0.04634,0.04041,0.02927,,0.0823,0.06473,0.48865,-0.02766,-0.01128,-3.50325,wage_share;g_emp_1;g_emp_1_rel_ctry;g_va_3
528,Netherlands (Kingdom of the),24,Basic metals,2023,0.0366,Low,True,0.938,16,True,False,0.01107,-0.00704,0.0224,0.0,0.4,-0.00161,-0.41845,-0.049,-0.29006,,0.056,-0.42481,0.82648,0.00068,0.00523,-3.56092,wage_share;g_va_3;g_va_1;g_prod_1
528,Netherlands (Kingdom of the),25,"Fabricated metal products, except machinery",2023,0.0,Low,True,0.938,16,True,False,-0.00133,-0.00402,0.00974,1.0,0.4,-0.00018,0.0334,0.21718,0.0039,,0.06941,0.03477,0.46831,-0.01172,-0.01461,-2.10199,g_emp_1_rel_ctry;wage_share;g_emp_1;g_va_3
528,Netherlands (Kingdom of the),26,"Computer, electronic and optical products",2023,0.0,Low,True,0.938,16,True,False,0.03226,0.05811,0.02858,0.0,0.2,0.03357,-0.01408,0.2589,0.19625,,0.06811,-0.04489,0.34698,0.02187,0.0141,-3.24413,g_prod_1;g_va_1;g_wages_1;g_va_3
528,Netherlands (Kingdom of the),27,Electrical equipment,2023,0.0,Low,True,0.938,16,True,False,0.0396,0.09864,0.02031,0.0,0.2,0.07226,0.14912,0.21876,0.40405,,0.10794,0.10534,0.44277,0.02921,0.01873,-3.35173,g_va_3;g_prod_1
528,Netherlands (Kingdom of the),28,Machinery and equipment n.e.c.,2023,0.0,Low,True,0.938,16,True,False,0.0635,0.13164,0.01653,0.0,0.0,0.08658,0.12947,0.27837,0.13576,,0.11685,0.06203,0.34246,0.05311,0.05214,-1.94284,g_out_1;g_prod_1;g_va_3;g_va_1
528,Netherlands (Kingdom of the),29,"Motor vehicles, trailers and semi-trailers",2023,0.0227,Low,True,0.938,16,True,False,-0.00161,-0.07744,0.04576,1.0,0.6,-0.03904,0.26135,0.37195,0.19506,,0.08688,0.26339,0.36593,-0.012,-0.01285,-3.4492,share_decline_5;g_emp_1_rel_ctry;g_emp_1;g_emp_3
528,Netherlands (Kingdom of the),30,Other transport equipment,2023,0.0227,Low,True,0.938,16,True,False,0.0478,0.0242,0.03697,0.0,0.4,0.02459,0.03304,0.17434,0.16404,,0.05974,-0.01408,0.56042,0.03741,-0.00254,-3.66891,wage_share;g_va_3;g_wages_1;log_emp_share_ctry
528,Netherlands (Kingdom of the),31,Furniture,2023,0.0227,Low,True,0.938,16,True,False,-0.01279,0.05162,0.0221,1.0,0.4,0.02749,0.01937,0.09083,-0.00676,,0.05026,0.03257,0.45679,-0.02318,0.01829,-3.61153,g_emp_1;g_emp_1_rel_ctry;g_va_3;g_wages_1
528,Netherlands (Kingdom of the),32,Other manufacturing,2023,0.0227,Low,True,0.938,16,True,False,-0.00142,0.06193,0.01741,1.0,0.4,0.0288,0.07639,0.02545,-0.05664,,0.0581,0.07792,0.53314,-0.01181,-0.01883,-3.71218,wage_share;g_emp_1_rel_ctry;g_va_3;g_emp_1
528,Netherlands (Kingdom of the),33,Repair and installation of machinery/equipment,2023,0.0227,Low,True,0.938,16,True,False,0.01255,-0.00559,0.0268,0.0,0.4,-0.00313,0.19712,0.36545,0.35043,,0.13187,0.18228,0.49619,0.00216,-0.00806,-2.83341,wage_share;g_emp_1_rel_ctry;g_emp_3
554,New Zealand,10,Food products,2023,0.0227,Low,True,1.0,16,True,False,0.02057,0.01477,0.01159,0.0,0.2,0.01876,0.39266,0.24433,0.08214,0.16859,0.05366,0.36458,0.53923,0.00984,0.00665,-1.04772,wage_share;g_wages_1;g_out_3;g_emp_1_rel_ctry
554,New Zealand,11,Beverages,2023,0.0177,Low,True,1.0,16,True,True,0.03738,0.03738,0.01771,0.0,0.4,0.02555,0.05862,-0.15256,0.09312,0.03141,0.05468,0.02048,0.31056,0.02665,0.01437,-3.13278,g_va_3;g_out_3;g_wages_1;g_out_1
554,New Zealand,12,Tobacco products,2023,,Insufficient data,False,0.375,16,True,True,,-0.98571,0.48187,0.0,0.75,-3.57655,,,,,,,,,,-11.34887,
554,New Zealand,13,Textiles,2023,0.0227,Low,True,1.0,16,True,False,0.00929,0.07952,0.02898,0.0,0.2,0.03791,0.07779,0.21448,0.04273,0.07207,0.02879,0.06787,0.59825,-0.00144,0.02334,-3.84779,wage_share;log_emp_share_ctry;g_wages_1;g_out_3
554,New Zealand,14,Wearing apparel,2023,,Insufficient data,False,0.562,16,True,False,-0.05128,-0.02632,0.05616,1.0,0.8,-0.02667,,,,,,,,-0.06202,-0.04191,-4.92454,
554,New Zealand,15,Leather and related products,2023,,Insufficient data,False,0.562,16,True,False,0.01105,-0.07576,0.16803,0.0,0.6,-0.12613,,,,,,,,0.00032,0.04682,-5.62856,
554,New Zealand,16,"Wood products, excluding furniture",2023,0.0227,Low,True,1.0,16,True,False,-0.02747,0.00568,0.02444,1.0,0.4,0.0,0.10998,0.37745,0.04549,0.21995,0.03765,0.14134,0.52059,-0.03821,-0.00198,-2.66616,wage_share;g_emp_1;g_emp_1_rel_ctry;g_wages_1
554,New Zealand,17,Paper and paper products,2023,0.0227,Low,True,1.0,16,True,True,0.01887,0.0,0.01657,0.0,0.4,0.0,0.14375,0.22088,0.07325,0.01943,-0.01937,0.12257,0.58625,0.00813,0.00342,-3.85333,wage_share;g_wages_1;log_emp_share_ctry;g_out_3
554,New Zealand,18,Printing and reproduction of recorded media,2023,0.0366,Low,True,1.0,16,True,True,-0.03333,-0.14706,0.02215,5.0,1.0,-0.09217,-0.00102,-0.05735,0.03392,-0.07893,-0.03147,0.03343,0.58079,-0.04407,-0.01664,-3.78187,share_decline_5;wage_share;g_emp_1;g_emp_1_rel_ctry
554,New Zealand,19,Coke and refined petroleum products,2023,0.038,Low,True,1.0,16,True,False,-0.95556,-0.95294,0.41251,1.0,0.4,-2.81541,-0.94049,-0.95877,-0.97465,-0.97921,-0.93947,0.33891,0.12931,-0.96629,-0.95894,-7.37231,g_emp_1;g_emp_1_rel_ctry;emp_dev5;log_emp_share_ctry
554,New Zealand,20,Chemicals and chemical products,2023,0.0227,Low,True,1.0,16,True,False,0.0082,-0.04651,0.03082,0.0,0.4,-0.01453,-0.03213,0.01631,-0.00726,0.12385,0.04606,-0.03999,0.55608,-0.00254,0.0,-3.72327,wage_share;g_va_3;g_emp_1_rel_ctry;g_wages_1
554,New Zealand,21,"Pharmaceuticals,medicinal chemicals, etc.",2023,,Insufficient data,False,0.562,16,True,True,0.01471,0.0,0.03876,0.0,0.2,0.00873,,,,,,,,0.00397,-0.00939,-4.30135,
554,New Zealand,22,Rubber and plastics products,2023,0.0517,Watch,True,1.0,16,True,True,-0.02439,-0.02439,0.01912,1.0,0.8,-0.0198,0.06742,-0.11676,0.05172,0.08627,0.05269,0.0941,0.59264,-0.03512,-0.03293,-3.05482,share_decline_5;wage_share;g_emp_1;g_emp_1_rel_ctry
554,New Zealand,23,Other non-metallic mineral products,2023,0.0177,Low,True,1.0,16,True,False,0.00971,-0.00952,0.01458,0.0,0.4,-0.00192,0.04325,0.19676,0.07641,0.17023,0.04924,0.03322,0.46112,-0.00102,0.0157,-3.19792,g_emp_1_rel_ctry;g_wages_1;wage_share;g_out_3
554,New Zealand,24,Basic metals,2023,0.038,Low,True,1.0,16,True,True,0.01042,0.0,0.03012,0.0,0.4,0.00828,0.14163,1.09219,0.07145,0.3248,-0.0031,0.12986,0.39955,-0.00032,0.00458,-3.96075,log_emp_share_ctry;g_wages_1;g_emp_1_rel_ctry;g_out_1
554,New Zealand,25,"Fabricated metal products, except machinery",2023,0.0227,Low,True,1.0,16,True,False,0.01455,0.06897,0.02519,0.0,0.4,0.04471,0.18329,0.19382,0.14639,0.23761,0.05554,0.16633,0.53585,0.00381,0.00126,-2.2111,wage_share;g_emp_1_rel_ctry;g_wages_1;g_va_3
554,New Zealand,26,"Computer, electronic and optical products",2023,0.0227,Low,True,1.0,16,True,False,0.00948,0.21714,0.04564,0.0,0.0,0.0955,0.00046,0.19127,0.04994,0.27138,0.04686,-0.00893,0.50573,-0.00125,-0.00868,-3.17417,wage_share;g_emp_1_rel_ctry;g_wages_1;g_va_3
554,New Zealand,27,Electrical equipment,2023,,Insufficient data,False,0.562,16,True,False,0.05435,0.12791,0.02531,0.0,0.2,0.0749,,,,,,,,0.04361,0.03348,-3.96075,
554,New Zealand,28,Machinery and equipment n.e.c.,2023,,Insufficient data,False,0.562,16,True,False,0.02319,0.06006,0.04061,0.0,0.4,0.04283,,,,,,,,0.01246,0.01183,-2.66899,
554,New Zealand,29,"Motor vehicles, trailers and semi-trailers",2023,0.0227,Low,True,1.0,16,True,True,0.01124,0.03448,0.03032,0.0,0.2,0.02931,0.12201,-0.1353,0.14744,-0.02274,0.06132,0.10954,0.71934,0.0005,0.0,-4.03565,wage_share;log_emp_share_ctry;g_va_3;g_out_3
554,New Zealand,30,Other transport equipment,2023,,Insufficient data,False,0.562,16,True,False,0.01961,0.01961,0.03313,0.0,0.2,0.02532,,,,,,,,0.00887,-0.03073,-3.89107,
554,New Zealand,31,Furniture,2023,0.038,Low,True,1.0,16,True,True,-0.03175,0.0339,0.02664,1.0,0.2,0.00988,0.04967,0.14566,0.07234,0.24426,0.05831,0.08409,0.54906,-0.04248,-0.00067,-3.73144,wage_share;g_emp_1;g_emp_1_rel_ctry;log_emp_share_ctry
554,New Zealand,32,Other manufacturing,2023,,Insufficient data,False,0.562,16,True,False,0.01562,0.06557,0.02656,0.0,0.2,0.03762,,,,,,,,0.00489,-0.00179,-4.36107,
578,Norway,10,Food products,2023,0.0177,Low,True,0.938,16,True,False,0.01207,0.03171,0.01557,0.0,0.6,0.01875,0.04124,0.0803,-0.02245,,-0.03952,0.02882,0.51084,-0.00129,-0.00185,-1.47515,wage_share;share_decline_5;g_wages_1;g_va_3
578,Norway,11,Beverages,2023,0.0,Low,True,0.938,16,True,False,0.02241,0.04148,0.04173,0.0,0.6,0.01593,-0.11663,-0.16893,-0.00916,,0.00291,-0.13599,0.51386,0.00906,-0.0006,-4.19962,log_emp_share_ctry;wage_share;share_decline_5;g_va_3
578,Norway,13,Textiles,2023,0.0227,Low,True,0.938,16,True,False,-0.02621,0.01533,0.05336,1.0,0.4,0.01762,-0.07376,-0.03563,-0.1265,,-0.06755,-0.04882,0.54903,-0.03957,-0.01217,-4.26105,wage_share;log_emp_share_ctry;g_wages_1;g_emp_1
578,Norway,14,Wearing apparel,2023,0.0653,Watch,True,0.938,16,True,False,0.02086,0.05547,0.08185,0.0,0.6,0.03129,-0.05539,0.01174,-0.05348,,0.03818,-0.0747,0.54168,0.00751,0.03024,-5.06007,log_emp_share_ctry;wage_share;share_decline_5;g_va_3
578,Norway,16,"Wood products, excluding furniture",2023,0.0653,Watch,True,0.938,16,True,False,-0.05738,-0.01688,0.02916,1.0,0.6,-0.02684,-0.30615,-0.15236,-0.3138,,-0.13348,-0.26391,0.69398,-0.07073,-0.03189,-2.82434,wage_share;g_emp_1;g_wages_1;g_emp_1_rel_ctry
578,Norway,17,Paper and paper products,2023,0.0227,Low,True,0.938,16,True,False,-0.02481,-0.04565,0.01447,1.0,0.6,-0.02652,-0.00746,0.4573,-0.07359,,-0.04505,0.01778,0.39334,-0.03816,-0.04025,-4.40638,log_emp_share_ctry;share_decline_5;g_emp_1;g_wages_1
578,Norway,18,Printing and reproduction of recorded media,2023,0.0227,Low,True,0.938,16,True,False,-0.01669,-0.04411,0.04102,1.0,0.8,-0.04308,-0.06038,0.00961,-0.09889,,-0.05137,-0.04443,0.66332,-0.03004,0.0,-4.04754,share_decline_5;wage_share;log_emp_share_ctry;g_wages_1
578,Norway,20,Chemicals and chemical products,2023,0.0177,Low,True,0.938,16,True,False,0.00654,-0.04405,0.0276,0.0,0.4,-0.01563,-0.3447,-0.02645,-0.26363,,-0.05605,-0.34896,0.37045,-0.00682,-0.00166,-3.0718,g_wages_1;g_va_3;g_emp_1_rel_ctry;g_va_1
578,Norway,22,Rubber and plastics products,2023,0.0227,Low,True,0.938,16,True,False,0.01695,0.03289,0.01902,0.0,0.4,0.02602,-0.06462,0.05728,-0.15373,,-0.07006,-0.08021,0.55595,0.0036,0.00842,-3.8318,wage_share;g_wages_1;log_emp_share_ctry;g_va_3
578,Norway,23,Other non-metallic mineral products,2023,0.0227,Low,True,0.938,16,True,False,-0.00523,-0.03369,0.03065,1.0,0.6,-0.00894,0.05257,0.19153,-0.0664,,-0.06258,0.0581,0.49081,-0.01858,0.00076,-2.99136,share_decline_5;g_wages_1;wage_share;g_emp_1_rel_ctry
578,Norway,24,Basic metals,2023,0.0227,Low,True,0.938,16,True,False,0.01464,-0.00333,0.03056,0.0,0.6,0.00828,-0.37632,0.52609,-0.19116,,-0.05218,-0.38532,0.29533,0.00129,0.00881,-3.05377,share_decline_5;g_wages_1;g_va_1;g_prod_1
578,Norway,25,"Fabricated metal products, except machinery",2023,0.0,Low,True,0.938,16,True,False,0.05056,0.08077,0.02275,0.0,0.0,0.05656,0.03786,0.2411,0.04377,,0.01665,-0.01209,0.58932,0.0372,0.03727,-2.16694,wage_share;g_wages_1;g_out_1;g_prod_1
578,Norway,26,"Computer, electronic and optical products",2023,0.0227,Low,True,0.938,16,True,False,0.04538,0.24274,0.01511,0.0,0.0,0.11973,-0.09911,0.21504,-0.00387,,-0.01816,-0.13822,0.61136,0.03202,0.02721,-3.11479,wage_share;g_wages_1;g_prod_1;g_va_1
578,Norway,27,Electrical equipment,2023,0.0227,Low,True,0.938,16,True,False,0.07418,0.23881,0.0559,0.0,0.0,0.1383,-0.08214,-0.0211,0.0692,,0.08094,-0.14553,0.80832,0.06083,0.05331,-3.27123,wage_share;g_va_3;g_prod_1;g_va_1
578,Norway,28,Machinery and equipment n.e.c.,2023,0.0227,Low,True,0.938,16,True,False,0.00446,-0.13255,0.05794,0.0,0.4,-0.06358,-0.05183,0.00728,-0.04471,,-0.03033,-0.05604,0.61878,-0.00889,-0.0069,-2.64657,wage_share;g_wages_1;g_va_3;g_emp_1_rel_ctry
578,Norway,29,"Motor vehicles, trailers and semi-trailers",2023,0.1385,Elevated,True,0.938,16,True,False,-0.06207,0.05621,0.05801,1.0,0.4,-0.00656,-0.1326,0.08103,-0.23403,,-0.14586,-0.0752,0.59707,-0.07542,-0.0733,-4.32546,wage_share;g_emp_1;log_emp_share_ctry;g_wages_1
578,Norway,30,Other transport equipment,2023,0.0227,Low,True,0.938,16,True,False,0.01513,-0.21287,0.0718,0.0,0.6,-0.14199,-0.04054,-0.06983,0.05126,,-0.01552,-0.05483,0.72005,0.00177,-0.03521,-2.67365,wage_share;share_decline_5;g_wages_1;g_va_3
578,Norway,31,Furniture,2023,0.2477,High,True,0.875,16,True,False,-0.23914,0.01062,0.16614,1.0,0.6,-0.07049,-0.21878,,-0.22713,,-0.13883,0.02676,0.66116,-0.2525,-0.20807,-3.83565,g_emp_1;wage_share;g_emp_1_rel_ctry;g_wages_1
578,Norway,32,Other manufacturing,2023,0.0227,Low,True,0.938,16,True,False,0.0273,0.07161,0.01955,0.0,0.2,0.03696,-0.12936,0.36132,-0.16291,,0.00062,-0.15249,0.66325,0.01394,0.00989,-4.05954,wage_share;log_emp_share_ctry;g_wages_1;g_va_1
578,Norway,33,Repair and installation of machinery/equipment,2023,0.0227,Low,True,0.938,16,True,False,0.04122,0.06537,0.02654,0.0,0.4,0.05528,0.25509,0.19659,0.04607,,0.0034,0.2054,0.62969,0.02786,0.02061,-2.3801,wage_share;g_wages_1;g_va_3;g_out_1
586,Pakistan,11,Beverages,2023,,Insufficient data,False,0.062,16,True,True,,,,0.0,,,,,,,,,,,,,
586,Pakistan,12,Tobacco products,2023,,Insufficient data,False,0.062,16,True,True,,,,0.0,,,,,,,,,,,,,
586,Pakistan,13,Textiles,2023,,Insufficient data,False,0.062,16,True,True,,,,0.0,,,,,,,,,,,,,
586,Pakistan,14,Wearing apparel,2023,,Insufficient data,False,0.062,16,True,True,,,,0.0,,,,,,,,,,,,,
586,Pakistan,15,Leather and related products,2023,,Insufficient data,False,0.062,16,True,True,,,,0.0,,,,,,,,,,,,,
586,Pakistan,16,"Wood products, excluding furniture",2023,,Insufficient data,False,0.062,16,True,True,,,,0.0,,,,,,,,,,,,,
586,Pakistan,17,Paper and paper products,2023,,Insufficient data,False,0.062,16,True,True,,,,0.0,,,,,,,,,,,,,
586,Pakistan,18,Printing and reproduction of recorded media,2023,,Insufficient data,False,0.062,16,True,True,,,,0.0,,,,,,,,,,,,,
586,Pakistan,19,Coke and refined petroleum products,2023,,Insufficient data,False,0.062,16,True,True,,,,0.0,,,,,,,,,,,,,
586,Pakistan,20,Chemicals and chemical products,2023,,Insufficient data,False,0.062,16,True,True,,,,0.0,,,,,,,,,,,,,
586,Pakistan,21,"Pharmaceuticals,medicinal chemicals, etc.",2023,,Insufficient data,False,0.062,16,True,True,,,,0.0,,,,,,,,,,,,,
586,Pakistan,22,Rubber and plastics products,2023,,Insufficient data,False,0.062,16,True,True,,,,0.0,,,,,,,,,,,,,
586,Pakistan,23,Other non-metallic mineral products,2023,,Insufficient data,False,0.062,16,True,True,,,,0.0,,,,,,,,,,,,,
586,Pakistan,24,Basic metals,2023,,Insufficient data,False,0.062,16,True,True,,,,0.0,,,,,,,,,,,,,
586,Pakistan,25,"Fabricated metal products, except machinery",2023,,Insufficient data,False,0.062,16,True,True,,,,0.0,,,,,,,,,,,,,
586,Pakistan,26,"Computer, electronic and optical products",2023,,Insufficient data,False,0.062,16,True,True,,,,0.0,,,,,,,,,,,,,
586,Pakistan,27,Electrical equipment,2023,,Insufficient data,False,0.062,16,True,True,,,,0.0,,,,,,,,,,,,,
586,Pakistan,28,Machinery and equipment n.e.c.,2023,,Insufficient data,False,0.062,16,True,True,,,,0.0,,,,,,,,,,,,,
586,Pakistan,29,"Motor vehicles, trailers and semi-trailers",2023,,Insufficient data,False,0.062,16,True,True,,,,0.0,,,,,,,,,,,,,
586,Pakistan,30,Other transport equipment,2023,,Insufficient data,False,0.062,16,True,True,,,,0.0,,,,,,,,,,,,,
586,Pakistan,31,Furniture,2023,,Insufficient data,False,0.062,16,True,True,,,,0.0,,,,,,,,,,,,,
586,Pakistan,32,Other manufacturing,2023,,Insufficient data,False,0.062,16,True,True,,,,0.0,,,,,,,,,,,,,
586,Pakistan,33,Repair and installation of machinery/equipment,2023,,Insufficient data,False,0.062,16,True,False,,,,0.0,,,,,,,,,,,,,
591,Panama,10,Food products,2023,,Insufficient data,False,0.75,16,True,False,0.14492,0.01406,0.10538,0.0,0.6,0.04681,,,0.20552,0.34482,0.17266,,,0.0325,0.131,-0.45103,
591,Panama,11,Beverages,2023,,Insufficient data,False,0.75,16,True,False,0.91105,1.05028,0.40754,0.0,0.6,0.46788,,,0.43466,1.20633,0.9656,,,0.79862,0.88803,-2.41799,
591,Panama,13,Textiles,2023,,Insufficient data,False,0.75,16,True,False,0.40426,1.09827,0.34479,0.0,0.4,0.26104,,,0.82637,1.98918,0.37158,,,0.29183,0.4183,-4.12348,
591,Panama,14,Wearing apparel,2023,,Insufficient data,False,0.75,16,True,False,0.32121,1.50575,0.44729,0.0,0.4,0.28891,,,0.13837,1.41499,0.42791,,,0.20879,0.33059,-4.63339,
591,Panama,15,Leather and related products,2023,,Insufficient data,False,0.75,16,True,False,-0.02721,0.07519,0.12184,1.0,0.6,0.02981,,,-0.13429,1.0881,0.03648,,,-0.13964,0.00856,-5.74819,
591,Panama,16,"Wood products, excluding furniture",2023,,Insufficient data,False,0.75,16,True,False,0.19672,0.6044,0.29593,0.0,0.6,0.1207,,,-0.07628,0.78576,0.36565,,,0.0843,0.22221,-5.72743,
591,Panama,17,Paper and paper products,2023,,Insufficient data,False,0.75,16,True,False,0.02681,0.43719,0.1949,0.0,0.4,0.17306,,,0.00472,0.54031,0.03555,,,-0.08562,0.01136,-3.92998,
591,Panama,18,Printing and reproduction of recorded media,2023,,Insufficient data,False,0.75,16,True,False,0.1031,0.15641,0.16199,0.0,0.6,0.0164,,,0.08823,0.57712,-0.04177,,,-0.00932,0.11979,-3.52868,
591,Panama,20,Chemicals and chemical products,2023,,Insufficient data,False,0.75,16,True,False,-0.04306,-0.02422,0.03999,1.0,0.6,-0.03686,,,-0.1033,0.16253,-0.09435,,,-0.15548,-0.05126,-3.54941,
591,Panama,22,Rubber and plastics products,2023,,Insufficient data,False,0.75,16,True,False,0.12109,0.287,0.22051,0.0,0.6,0.11613,,,0.0283,0.62802,0.18237,,,0.00867,0.11256,-3.95294,
591,Panama,23,Other non-metallic mineral products,2023,,Insufficient data,False,0.75,16,True,False,0.00461,-0.00254,0.15565,0.0,0.6,-0.02687,,,0.07885,1.1155,0.17352,,,-0.10782,0.0106,-3.12982,
591,Panama,24,Basic metals,2023,,Insufficient data,False,0.75,16,True,False,-0.0338,1.2129,0.45405,1.0,0.6,0.17477,,,0.07554,2.02518,0.27037,,,-0.14623,-0.03963,-4.8733,
591,Panama,25,"Fabricated metal products, except machinery",2023,,Insufficient data,False,0.75,16,True,False,0.24846,0.89853,0.28333,0.0,0.4,0.28515,,,0.16307,1.97064,0.29468,,,0.13604,0.23518,-3.45121,
591,Panama,27,Electrical equipment,2023,,Insufficient data,False,0.75,16,True,False,-0.24252,0.55102,0.32099,1.0,0.66667,-0.1737,,,-0.01542,1.18536,0.13724,,,-0.35495,-0.26339,-5.28169,
591,Panama,31,Furniture,2023,,Insufficient data,False,0.75,16,True,False,-0.0899,0.71462,0.4162,1.0,0.6,0.06427,,,-0.23038,1.24463,0.1021,,,-0.20233,-0.05882,-4.10574,
591,Panama,32,Other manufacturing,2023,,Insufficient data,False,0.75,16,True,False,0.93396,2.84375,0.53707,0.0,0.6,0.64428,,,1.13541,4.63135,1.18868,,,0.82154,0.91655,-3.59626,
591,Panama,33,Repair and installation of machinery/equipment,2023,,Insufficient data,False,0.75,16,True,False,0.11243,-0.02083,0.17859,0.0,0.6,-0.05854,,,0.19655,0.47523,0.22361,,,0.0,0.09182,-4.37598,
600,Paraguay,10,Food products,2023,,Insufficient data,False,0.312,16,True,False,,,,0.0,,,0.0613,0.44059,0.05815,0.30789,,,,,,,
600,Paraguay,11,Beverages,2023,,Insufficient data,False,0.312,16,True,False,,,,0.0,,,0.0722,-0.05738,0.07628,0.13,,,,,,,
600,Paraguay,13,Textiles,2023,,Insufficient data,False,0.312,16,True,False,,,,0.0,,,0.04293,0.14159,0.04296,0.14613,,,,,,,
600,Paraguay,15,Leather and related products,2023,,Insufficient data,False,0.312,16,True,False,,,,0.0,,,-0.14711,0.23684,-0.08511,0.36074,,,,,,,
600,Paraguay,16,"Wood products, excluding furniture",2023,,Insufficient data,False,0.312,16,True,False,,,,0.0,,,0.00267,0.15015,-0.00654,0.18324,,,,,,,
600,Paraguay,17,Paper and paper products,2023,,Insufficient data,False,0.312,16,True,False,,,,0.0,,,-0.02352,0.21922,-0.01128,0.28688,,,,,,,
600,Paraguay,19,Coke and refined petroleum products,2023,,Insufficient data,False,0.312,16,True,False,,,,0.0,,,-0.00832,0.26117,0.00618,0.39953,,,,,,,
600,Paraguay,23,Other non-metallic mineral products,2023,,Insufficient data,False,0.312,16,True,False,,,,0.0,,,0.03532,0.09109,-0.01046,0.17655,,,,,,,
600,Paraguay,24,Basic metals,2023,,Insufficient data,False,0.312,16,True,False,,,,0.0,,,0.06471,0.37745,0.12276,0.38464,,,,,,,
600,Paraguay,25,"Fabricated metal products, except machinery",2023,,Insufficient data,False,0.312,16,True,False,,,,0.0,,,-0.19277,0.06246,-0.11202,0.12146,,,,,,,
600,Paraguay,26,"Computer, electronic and optical products",2023,,Insufficient data,False,0.312,16,True,False,,,,0.0,,,0.05463,0.17829,0.0622,0.18997,,,,,,,
600,Paraguay,31,Furniture,2023,,Insufficient data,False,0.312,16,True,False,,,,0.0,,,0.03212,0.12443,0.01466,0.12285,,,,,,,
604,Peru,10,Food products,2023,0.1385,Elevated,True,1.0,16,True,False,0.33662,0.22918,0.158,0.0,0.4,0.15909,0.09257,0.13722,-0.00791,0.1809,0.3281,-0.18259,0.23911,0.00165,0.3227,-0.62389,vol_emp_5;g_va_3;g_emp_1_rel_ctry;g_prod_1
604,Peru,11,Beverages,2023,0.0227,Low,True,1.0,16,True,False,0.03722,-0.08511,0.04877,0.0,0.4,-0.03673,0.16577,0.24123,0.10516,0.41951,0.11579,0.12394,0.07605,-0.29775,0.01421,-4.07227,g_emp_1_rel_ctry;log_emp_share_ctry;g_emp_3;g_va_3
604,Peru,13,Textiles,2023,0.294,High,True,1.0,16,True,False,0.62225,0.40033,0.32089,0.0,0.4,0.19931,0.00948,0.26523,-0.12734,0.26778,0.6623,-0.37773,0.28623,0.28727,0.63629,-2.98281,vol_emp_5;g_prod_1;g_out_1;g_va_1
604,Peru,14,Wearing apparel,2023,0.1385,Elevated,True,1.0,16,True,False,0.19986,-0.58447,0.38897,0.0,0.4,-0.32775,-0.02589,0.12531,-0.17134,0.28474,0.39246,-0.18815,0.23005,-0.13511,0.20924,-2.95355,vol_emp_5;g_emp_1_rel_ctry;emp_dev5;g_emp_3
604,Peru,15,Leather and related products,2023,0.4773,High,True,1.0,16,True,False,0.46546,0.6441,0.82489,0.0,0.6,-0.08776,0.03471,0.07549,-0.0591,0.13107,0.5121,-0.29393,0.08797,0.13048,0.50123,-5.12807,vol_emp_5;log_emp_share_ctry;share_decline_5;g_va_3
604,Peru,16,"Wood products, excluding furniture",2023,0.4773,High,True,1.0,16,True,False,1.05455,1.43064,0.60924,0.0,0.4,0.30925,-0.24286,0.06903,-0.18965,0.1368,0.76786,-0.63148,0.10318,0.71958,1.08004,-4.54923,vol_emp_5;log_emp_share_ctry;g_prod_1;g_va_3
604,Peru,17,Paper and paper products,2023,0.1385,Elevated,True,1.0,16,True,False,0.12405,0.03448,0.15144,0.0,0.4,-0.00951,-0.11494,-0.33055,-0.10818,-0.12557,0.71448,-0.21261,0.13405,-0.21093,0.1086,-4.40936,g_emp_1_rel_ctry;log_emp_share_ctry;vol_emp_5;g_va_3
604,Peru,18,Printing and reproduction of recorded media,2023,0.2136,High,True,1.0,16,True,False,1.056,-0.26783,0.53985,0.0,0.6,-0.0317,0.1299,-0.08531,0.04363,0.02622,0.83872,-0.45044,0.11533,0.72103,1.07269,-4.28476,vol_emp_5;log_emp_share_ctry;share_decline_5;g_va_3
604,Peru,19,Coke and refined petroleum products,2023,0.294,High,True,1.0,16,True,False,-0.76253,-0.70659,0.3622,1.0,0.4,-1.18292,0.46622,1.61528,0.25087,1.4238,-0.74736,5.17445,0.00394,-1.09751,-0.76592,-6.39398,g_emp_1;g_emp_1_rel_ctry;log_emp_share_ctry;g_wages_1
604,Peru,20,Chemicals and chemical products,2023,0.0653,Watch,True,1.0,16,True,False,0.26976,0.11477,0.15793,0.0,0.6,0.06606,0.14682,0.19817,0.00653,0.27374,0.12535,-0.09682,0.14734,-0.06521,0.26156,-3.23518,g_emp_1_rel_ctry;vol_emp_5;share_decline_5;g_va_3
604,Peru,21,"Pharmaceuticals,medicinal chemicals, etc.",2023,0.038,Low,True,1.0,16,True,False,0.07538,0.10051,0.11007,0.0,0.6,0.00974,0.12346,-0.15073,0.05896,0.05177,0.19591,0.04471,0.43714,-0.25959,0.05129,-4.13848,g_emp_1_rel_ctry;log_emp_share_ctry;share_decline_5;g_va_3
604,Peru,22,Rubber and plastics products,2023,0.1772,Elevated,True,1.0,16,True,False,0.33497,0.12181,0.17656,0.0,0.4,0.09213,0.1452,0.28232,-0.07579,0.17778,0.35689,-0.14215,0.22253,0.0,0.32644,-2.95034,vol_emp_5;g_emp_1_rel_ctry;g_out_3;g_prod_1
604,Peru,23,Other non-metallic mineral products,2023,0.038,Low,True,1.0,16,True,False,0.02093,0.03025,0.0455,0.0,0.6,0.01125,0.07779,0.28371,-0.02362,0.45783,0.01568,0.05569,0.12188,-0.31404,0.02692,-3.40664,g_emp_1_rel_ctry;share_decline_5;g_wages_1;g_out_1
604,Peru,24,Basic metals,2023,0.294,High,True,1.0,16,True,False,-0.35122,-0.22488,0.35976,1.0,0.6,-0.22142,-0.14128,0.86381,-0.09037,0.66825,-0.53009,0.3236,0.0341,-0.68619,-0.35705,-4.39991,g_emp_1;g_emp_1_rel_ctry;vol_emp_5;g_wages_1
604,Peru,25,"Fabricated metal products, except machinery",2023,0.294,High,True,1.0,16,True,False,0.61632,-0.03647,0.34483,0.0,0.6,0.01356,-0.04992,0.27435,-0.15264,0.32602,0.77275,-0.4122,0.17026,0.28134,0.60303,-2.99661,vol_emp_5;share_decline_5;g_prod_1;g_out_1
604,Peru,26,"Computer, electronic and optical products",2023,0.1772,Elevated,True,1.0,16,True,False,0.0819,0.81227,0.34899,0.0,0.4,0.09086,-0.08585,-0.03244,-0.21262,-0.00977,-0.3075,-0.15505,0.05366,-0.25308,0.06373,-7.32529,log_emp_share_ctry;vol_emp_5;g_emp_1_rel_ctry;g_wages_1
604,Peru,27,Electrical equipment,2023,0.2136,High,True,1.0,16,True,False,0.3121,0.08977,0.17578,0.0,0.6,0.07671,0.04676,0.18854,-0.16644,0.3789,0.39349,-0.20222,0.21384,-0.02288,0.29123,-4.64389,log_emp_share_ctry;vol_emp_5;share_decline_5;g_emp_1_rel_ctry
604,Peru,28,Machinery and equipment n.e.c.,2023,0.0517,Watch,True,1.0,16,True,False,0.36906,0.02964,0.22394,0.0,0.4,0.03098,0.23019,0.52127,0.06959,0.46997,0.29965,-0.10143,0.10107,0.03408,0.35769,-4.39384,vol_emp_5;log_emp_share_ctry;g_prod_1;g_out_1
604,Peru,29,"Motor vehicles, trailers and semi-trailers",2023,,Insufficient data,False,0.625,16,True,False,0.89333,0.17662,0.55341,0.0,0.6,-0.01091,,,,,0.83263,,,0.55836,0.8821,-4.95048,
604,Peru,30,Other transport equipment,2023,0.294,High,True,1.0,16,True,False,0.17179,0.2396,0.20501,0.0,0.4,0.05049,0.03145,0.62772,-0.02062,0.59462,0.18586,-0.11977,0.01693,-0.16318,0.12146,-5.62745,log_emp_share_ctry;g_emp_1_rel_ctry;vol_emp_5;g_prod_1
604,Peru,31,Furniture,2023,0.4773,High,True,1.0,16,True,False,1.99237,1.13719,0.88161,0.0,0.4,0.46397,0.2197,0.01968,0.02796,-0.0019,0.8985,-0.5924,0.04673,1.6574,2.02345,-4.10594,vol_emp_5;log_emp_share_ctry;g_prod_1;g_va_3
604,Peru,32,Other manufacturing,2023,0.294,High,True,1.0,16,True,False,0.60235,0.28138,0.27882,0.0,0.8,0.22534,0.04953,0.18973,0.01124,0.27601,0.60456,-0.34501,0.03608,0.26737,0.58494,-4.11659,share_decline_5;vol_emp_5;log_emp_share_ctry;g_prod_1
604,Peru,33,Repair and installation of machinery/equipment,2023,,Insufficient data,False,0.625,16,True,False,0.71899,0.02669,0.78486,0.0,0.6,0.33861,,,,,0.46826,,,0.38402,0.69838,-3.47075,
616,Poland,10,Food products,2023,0.0517,Watch,True,0.938,16,True,False,-0.01398,0.02197,0.0235,2.0,0.6,-0.00396,0.30117,0.52544,0.06829,,0.18763,0.31962,0.38195,-0.00435,-0.0279,-1.8402,share_decline_5;g_emp_1;g_emp_1_rel_ctry;g_out_1
616,Poland,11,Beverages,2023,0.0227,Low,True,0.938,16,True,False,0.0039,-0.04306,0.0432,0.0,0.4,-0.03714,0.2478,0.1086,0.12195,,0.16952,0.24296,0.29904,0.01353,-0.01912,-4.7221,log_emp_share_ctry;g_va_3;g_emp_1;g_emp_3
616,Poland,12,Tobacco products,2023,0.0227,Low,True,0.938,16,True,False,0.06748,0.15675,0.04501,0.0,0.2,0.09616,0.16266,0.00613,0.14781,,0.33623,0.08917,0.43631,0.07711,0.06167,-5.46792,log_emp_share_ctry;g_va_3;g_out_1;g_prod_1
616,Poland,13,Textiles,2023,0.1385,Elevated,True,0.938,16,True,False,-0.05805,-0.0787,0.04139,2.0,0.6,-0.06209,0.18641,0.06445,0.05877,,0.15139,0.25952,0.49795,-0.04841,-0.044,-3.99811,g_emp_1;share_decline_5;g_emp_1_rel_ctry;wage_share
616,Poland,14,Wearing apparel,2023,0.0653,Watch,True,0.938,16,True,False,-0.04804,-0.17806,0.02499,5.0,1.0,-0.13278,0.18254,-0.0318,0.15141,,0.18993,0.24221,0.55795,-0.0384,-0.03866,-3.82896,share_decline_5;wage_share;g_emp_1;g_emp_1_rel_ctry
616,Poland,16,"Wood products, excluding furniture",2023,0.0653,Watch,True,0.938,16,True,False,-0.07489,-0.03569,0.03807,1.0,0.4,-0.05075,-0.21704,0.14388,-0.14258,,0.07073,-0.15366,0.44444,-0.06526,-0.0494,-3.12801,g_emp_1;g_emp_1_rel_ctry;g_va_3;g_va_1
616,Poland,17,Paper and paper products,2023,0.038,Low,True,0.938,16,True,False,-0.00528,0.03743,0.03477,1.0,0.4,0.01592,-0.03984,0.05806,-0.07457,,0.18134,-0.03474,0.36623,0.00435,-0.02073,-3.62776,g_emp_1;g_va_3;g_emp_1_rel_ctry;g_out_1
616,Poland,18,Printing and reproduction of recorded media,2023,0.0366,Low,True,0.938,16,True,False,-0.0318,-0.02343,0.0235,1.0,0.4,-0.03161,0.107,0.07651,0.11271,,0.1575,0.14336,0.48499,-0.02217,-0.01511,-4.08582,g_emp_1;log_emp_share_ctry;wage_share;g_emp_1_rel_ctry
616,Poland,20,Chemicals and chemical products,2023,,Insufficient data,False,0.75,16,True,False,0.02663,,,0.0,0.0,0.02459,-0.18052,,-0.11098,,0.20783,-0.20178,0.45487,0.03626,0.01843,-3.29656,
616,Poland,21,"Pharmaceuticals,medicinal chemicals, etc.",2023,0.0227,Low,True,0.938,16,True,False,0.09803,0.21049,0.0738,0.0,0.2,0.09568,0.16381,0.35998,0.24611,,0.28502,0.05991,0.39105,0.10766,0.07394,-4.5505,log_emp_share_ctry;g_prod_1;g_out_1
616,Poland,22,Rubber and plastics products,2023,0.0366,Low,True,0.938,16,True,False,-0.02285,0.03617,0.02077,1.0,0.4,0.00909,0.09287,0.20006,-0.01169,,0.15096,0.11842,0.43989,-0.01321,-0.03138,-2.43932,g_emp_1;g_emp_1_rel_ctry;g_va_3;g_out_1
616,Poland,23,Other non-metallic mineral products,2023,0.117,Elevated,True,0.938,16,True,False,-0.05542,-0.01967,0.03978,2.0,0.6,-0.03749,0.00691,0.06768,-0.00762,,0.10167,0.06599,0.41357,-0.04579,-0.04943,-2.94382,g_emp_1;share_decline_5;g_emp_1_rel_ctry;g_va_3
616,Poland,24,Basic metals,2023,0.0517,Watch,True,0.938,16,True,False,-0.02866,-0.00681,0.03408,2.0,0.6,-0.02665,-0.34942,-0.03958,-0.19545,,0.10466,-0.33023,0.56288,-0.01902,-0.03449,-3.61149,wage_share;g_emp_1;share_decline_5;g_emp_1_rel_ctry
616,Poland,25,"Fabricated metal products, except machinery",2023,,Insufficient data,False,0.75,16,True,False,-0.0144,,,1.0,0.5,-0.00466,0.07879,,0.04634,,0.13861,0.09456,0.46332,-0.00477,-0.02769,-2.01949,
616,Poland,26,"Computer, electronic and optical products",2023,0.0227,Low,True,0.938,16,True,False,-0.0021,-0.04589,0.01876,1.0,0.8,-0.02408,0.18648,0.19471,0.02504,,0.18014,0.18898,0.46198,0.00753,-0.02027,-3.81901,share_decline_5;log_emp_share_ctry;g_emp_1;wage_share
616,Poland,27,Electrical equipment,2023,0.0227,Low,True,0.938,16,True,False,0.05766,0.19547,0.04001,0.0,0.2,0.09726,-0.06614,0.47883,0.02879,,0.30757,-0.11705,0.42182,0.06729,0.03679,-2.89502,g_prod_1;g_va_1;g_out_1
616,Poland,28,Machinery and equipment n.e.c.,2023,0.0177,Low,True,0.938,16,True,False,0.02639,0.03586,0.039,0.0,0.6,0.02309,0.16238,0.27244,0.16105,,0.22746,0.13249,0.48139,0.03602,0.01503,-2.97343,share_decline_5;wage_share;g_out_1;g_va_3
616,Poland,29,"Motor vehicles, trailers and semi-trailers",2023,0.0,Low,True,0.938,16,True,False,0.05339,0.03115,0.0359,0.0,0.4,0.02686,0.14595,0.2691,0.22152,,0.26633,0.08787,0.47561,0.06302,0.04215,-2.47221,wage_share;g_out_1;g_va_3;g_prod_1
616,Poland,30,Other transport equipment,2023,0.038,Low,True,0.938,16,True,False,0.01552,0.03305,0.04096,0.0,0.2,0.04016,0.45147,0.50551,0.19863,,0.20148,0.42929,0.46247,0.02515,-0.03482,-3.88813,log_emp_share_ctry;wage_share;g_out_1
616,Poland,31,Furniture,2023,0.1385,Elevated,True,0.938,16,True,False,-0.06525,-0.05025,0.03303,2.0,0.6,-0.05655,0.10846,0.13607,0.02857,,0.12115,0.18584,0.51403,-0.05562,-0.03418,-2.72084,g_emp_1;wage_share;g_emp_1_rel_ctry;share_decline_5
616,Poland,32,Other manufacturing,2023,0.0227,Low,True,0.938,16,True,False,-0.0153,0.00742,0.01495,2.0,0.6,-0.00596,0.15499,0.23148,0.05692,,0.22495,0.17294,0.44903,-0.00567,-0.03271,-3.9254,share_decline_5;log_emp_share_ctry;g_emp_1;g_emp_1_rel_ctry
616,Poland,33,Repair and installation of machinery/equipment,2023,0.0653,Watch,True,0.938,16,True,False,0.01294,0.03459,0.00994,0.0,0.4,0.01797,0.64742,0.44328,0.18945,,0.22899,0.62638,0.48222,0.02257,-0.00767,-3.35746,wage_share;g_out_1
620,Portugal,10,Food products,2023,0.0177,Low,True,0.938,16,True,False,0.0128,0.03635,0.04647,0.0,0.2,0.00151,0.23658,0.38217,0.11532,,0.10793,0.22096,0.41886,-0.00882,-0.00112,-2.07804,g_emp_1_rel_ctry;g_out_1
620,Portugal,11,Beverages,2023,0.0,Low,True,0.938,16,True,False,0.024,0.07718,0.02607,0.0,0.2,0.04226,0.11452,0.25814,0.09017,,0.09476,0.08839,0.34707,0.00238,0.00099,-3.72739,log_emp_share_ctry;g_emp_1_rel_ctry;g_out_1;g_va_3
620,Portugal,12,Tobacco products,2023,0.0227,Low,True,0.938,16,True,False,-0.0032,-0.05606,0.01861,4.0,0.8,-0.03098,0.04363,-0.0094,0.03905,,0.01291,0.04698,0.04395,-0.02482,-0.00901,-7.05009,log_emp_share_ctry;share_decline_5;g_emp_1_rel_ctry;g_wages_1
620,Portugal,13,Textiles,2023,0.0227,Low,True,0.938,16,True,False,0.00432,0.01932,0.01579,0.0,0.4,0.00589,0.05017,0.10783,-0.04367,,0.09759,0.04565,0.54782,-0.0173,0.01836,-2.77861,wage_share;g_emp_1_rel_ctry;g_va_3;g_out_1
620,Portugal,14,Wearing apparel,2023,0.0653,Watch,True,0.938,16,True,False,-0.04482,-0.0655,0.02406,5.0,1.0,-0.06247,0.03555,0.14317,-0.0337,,0.05222,0.08414,0.6213,-0.06644,-0.03544,-2.28853,share_decline_5;wage_share;g_emp_1;g_emp_1_rel_ctry
620,Portugal,15,Leather and related products,2023,0.2136,High,True,0.938,16,True,False,-0.05876,-0.03936,0.03662,1.0,0.8,-0.04922,-0.00148,0.21878,-0.08172,,0.02214,0.06086,0.64742,-0.08038,-0.02299,-2.81736,share_decline_5;wage_share;g_emp_1;g_emp_1_rel_ctry
620,Portugal,16,"Wood products, excluding furniture",2023,0.0,Low,True,0.938,16,True,False,0.0127,0.04977,0.01388,0.0,0.2,0.02358,0.10804,0.41723,0.02616,,0.1138,0.09415,0.41592,-0.00892,0.03819,-3.24496,g_emp_1_rel_ctry;g_out_1;g_va_1;g_prod_1
620,Portugal,17,Paper and paper products,2023,0.0227,Low,True,0.938,16,True,False,0.07089,0.21057,0.02799,0.0,0.0,0.11167,-0.18197,0.57153,-0.18288,,0.08307,-0.23612,0.27079,0.04928,0.05545,-3.85783,log_emp_share_ctry;g_prod_1;g_va_1;g_out_1
620,Portugal,18,Printing and reproduction of recorded media,2023,0.0366,Low,True,0.938,16,True,False,-0.03638,-0.06074,0.03626,1.0,0.8,-0.061,0.06286,0.2046,0.02242,,0.05451,0.10298,0.51018,-0.058,-0.01969,-4.07668,share_decline_5;g_emp_1;wage_share;g_emp_1_rel_ctry
620,Portugal,19,Coke and refined petroleum products,2023,0.0517,Watch,True,0.875,16,True,False,0.03251,0.05407,0.02388,0.0,0.4,0.03315,0.398,,-0.22517,,-0.05645,0.35398,0.23599,0.01089,0.02913,-5.89936,log_emp_share_ctry;g_wages_1;g_out_1;g_emp_1_rel_ctry
620,Portugal,20,Chemicals and chemical products,2023,0.0278,Low,True,0.938,16,True,False,0.02957,0.10113,0.02111,0.0,0.2,0.0503,-0.10169,0.13851,-0.2084,,0.14438,-0.12749,0.37813,0.00796,0.02138,-3.90398,log_emp_share_ctry;g_va_3;g_out_1;g_prod_1
620,Portugal,21,"Pharmaceuticals,medicinal chemicals, etc.",2023,0.0227,Low,True,0.938,16,True,False,0.02708,0.12162,0.02815,0.0,0.0,0.07676,0.30549,0.20973,0.19941,,0.1117,0.27106,0.33795,0.00546,0.00299,-4.26178,log_emp_share_ctry;g_emp_1_rel_ctry;g_va_3;g_out_1
620,Portugal,22,Rubber and plastics products,2023,0.0177,Low,True,0.938,16,True,False,0.03508,0.08987,0.00505,0.0,0.0,0.05804,0.08495,0.19037,0.00583,,0.12163,0.04818,0.36313,0.01346,0.02654,-3.07895,g_va_3;g_out_1;g_prod_1;g_va_1
620,Portugal,23,Other non-metallic mineral products,2023,0.0,Low,True,0.938,16,True,False,0.01323,0.0885,0.01659,0.0,0.2,0.04307,0.13563,0.43269,0.06193,,0.10824,0.1208,0.35041,-0.00839,0.01921,-2.77264,g_emp_1_rel_ctry;g_out_1;g_va_1
620,Portugal,24,Basic metals,2023,0.0227,Low,True,0.938,16,True,False,0.01589,0.04812,0.03549,0.0,0.4,0.01076,-0.23091,0.19904,-0.13799,,0.11966,-0.24293,0.38067,-0.00573,0.01005,-4.38489,log_emp_share_ctry;g_emp_1_rel_ctry;g_va_1;g_prod_1
620,Portugal,25,"Fabricated metal products, except machinery",2023,0.0,Low,True,0.938,16,True,False,0.03933,0.07834,0.01683,0.0,0.2,0.04676,0.13592,0.34554,0.05561,,0.15874,0.09293,0.51454,0.01771,0.02605,-2.02278,wage_share;g_out_1;g_prod_1;g_va_1
620,Portugal,26,"Computer, electronic and optical products",2023,0.0227,Low,True,0.938,16,True,False,0.03688,0.12098,0.02095,0.0,0.2,0.0702,0.08928,0.34883,0.02743,,0.16065,0.05053,0.55395,0.01526,0.01872,-3.99993,wage_share;log_emp_share_ctry;g_out_1;g_prod_1
620,Portugal,27,Electrical equipment,2023,0.0227,Low,True,0.938,16,True,False,0.01872,0.10091,0.04151,0.0,0.2,0.03776,0.17697,0.44864,0.12931,,0.135,0.15535,0.51616,-0.0029,-0.00215,-3.5796,wage_share;g_emp_1_rel_ctry;g_out_1
620,Portugal,28,Machinery and equipment n.e.c.,2023,0.0177,Low,True,0.938,16,True,False,0.07517,0.12961,0.02584,0.0,0.0,0.0868,0.22453,0.28282,0.15904,,0.18721,0.13892,0.49801,0.05355,0.06381,-3.23434,wage_share;g_out_1;g_va_3
620,Portugal,29,"Motor vehicles, trailers and semi-trailers",2023,0.0,Low,True,0.938,16,True,False,0.03384,-0.00727,0.02296,0.0,0.6,0.00148,0.11696,0.15778,0.09126,,0.15081,0.0804,0.49021,0.01222,0.02261,-2.82465,share_decline_5;wage_share;g_va_3;g_out_1
620,Portugal,30,Other transport equipment,2023,0.0227,Low,True,0.938,16,True,False,0.14353,0.42227,0.05882,0.0,0.2,0.20692,0.12377,0.45058,0.45365,,0.26676,-0.01728,0.50118,0.12191,0.09319,-4.37932,log_emp_share_ctry;wage_share;g_prod_1;g_va_1
620,Portugal,31,Furniture,2023,0.0227,Low,True,0.938,16,True,False,0.01923,0.09393,0.01587,0.0,0.2,0.04944,0.17107,0.34687,0.03735,,0.13976,0.14897,0.54075,-0.00238,0.05031,-3.03601,wage_share;g_emp_1_rel_ctry;g_out_1
620,Portugal,32,Other manufacturing,2023,0.0435,Low,True,0.938,16,True,False,-0.00219,0.11566,0.03334,1.0,0.6,0.05035,-0.03729,0.41395,-0.29413,,0.1189,-0.03517,0.54528,-0.02381,-0.0196,-3.89627,wage_share;share_decline_5;log_emp_share_ctry;g_emp_1_rel_ctry
620,Portugal,33,Repair and installation of machinery/equipment,2023,0.0227,Low,True,0.938,16,True,False,0.03497,0.08598,0.04074,0.0,0.2,0.03981,0.29861,0.45417,0.25867,,0.19521,0.25473,0.47848,0.01335,0.01436,-3.39625,wage_share;g_emp_1_rel_ctry;g_out_1
624,Guinea-Bissau,10,Food products,2023,,Insufficient data,False,0.188,16,True,False,,,,0.0,,,0.05938,0.50762,,,,,,,,,
630,Puerto Rico,10,Food products,2023,0.0,Low,True,0.875,16,True,False,0.0073,0.10044,0.03719,0.0,0.2,0.03521,0.17507,0.56659,,,0.05625,0.16656,0.22773,-0.02102,-0.00662,-1.79727,g_emp_1_rel_ctry;g_wages_1
630,Puerto Rico,11,Beverages,2023,0.0227,Low,True,0.875,16,True,False,0.00574,0.15568,0.03899,0.0,0.25,0.06724,0.19054,0.10841,,,0.02562,0.18374,0.47568,-0.02258,-0.01728,-3.49316,g_emp_1_rel_ctry;wage_share;g_wages_1;g_va_3
630,Puerto Rico,12,Tobacco products,2023,,Insufficient data,False,0.188,16,True,False,,,,0.0,,,-0.34842,0.16422,,,,,,,,,
630,Puerto Rico,13,Textiles,2023,0.0227,Low,True,0.875,16,True,False,0.03016,0.07238,0.0867,0.0,0.2,0.03539,0.04658,0.26766,,,0.09784,0.01593,0.04963,0.00184,0.04421,-2.51767,g_emp_1_rel_ctry;g_prod_1;g_va_1;g_va_3
630,Puerto Rico,14,Wearing apparel,2023,0.294,High,True,0.875,16,True,False,-0.03901,0.05854,0.03832,1.0,0.25,0.01462,-0.0738,-0.29296,,,0.10744,-0.0362,5.54896,-0.06733,-0.02963,-2.36104,wage_share;g_emp_1;g_emp_1_rel_ctry;g_va_3
630,Puerto Rico,15,Leather and related products,2023,,Insufficient data,False,0.062,16,True,False,,,,0.0,,,,,,,,,,,,,
630,Puerto Rico,16,"Wood products, excluding furniture",2023,0.0366,Low,True,0.875,16,True,False,0.03179,0.07692,0.08034,0.0,0.2,0.05484,-0.0453,0.05531,,,0.10705,-0.07472,0.08593,0.00347,0.05728,-3.96063,log_emp_share_ctry;g_va_3;g_emp_1_rel_ctry;g_prod_1
630,Puerto Rico,17,Paper and paper products,2023,,Insufficient data,False,0.25,16,True,False,,,,0.0,1.0,,0.06396,0.46183,,,,,,,,,
630,Puerto Rico,18,Printing and reproduction of recorded media,2023,,Insufficient data,False,0.188,16,True,False,,,,0.0,,,-0.45524,-0.51794,,,,,,,,,
630,Puerto Rico,19,Coke and refined petroleum products,2023,0.0517,Watch,True,0.875,16,True,False,0.04902,0.10309,0.10013,0.0,0.66667,0.00939,0.2633,0.69613,,,0.04955,0.20427,0.00021,0.0207,0.04564,-6.55183,log_emp_share_ctry;share_decline_5;g_wages_1;vol_emp_5
630,Puerto Rico,20,Chemicals and chemical products,2023,0.0,Low,True,0.875,16,True,False,-0.01557,0.05863,0.02624,1.0,0.6,0.01823,-0.06302,-0.20002,,,0.01181,-0.0482,0.0814,-0.04389,-0.02377,-1.4982,share_decline_5;g_emp_1_rel_ctry;g_emp_1;g_va_3
630,Puerto Rico,21,"Pharmaceuticals,medicinal chemicals, etc.",2023,,Insufficient data,False,0.625,16,True,False,0.06203,0.30543,0.05142,0.0,0.0,0.13912,,,,,0.1007,,,0.0337,0.03793,-1.6897,
630,Puerto Rico,22,Rubber and plastics products,2023,0.0227,Low,True,0.875,16,True,False,0.04249,0.11044,0.01666,0.0,0.2,0.06292,0.12009,0.22755,,,0.08225,0.07443,0.63049,0.01417,0.03396,-3.70714,wage_share;log_emp_share_ctry;g_va_3;g_prod_1
630,Puerto Rico,23,Other non-metallic mineral products,2023,0.0227,Low,True,0.875,16,True,False,-0.00439,0.13903,0.03987,1.0,0.4,0.05603,0.02913,0.36872,,,0.03923,0.03367,0.93284,-0.03271,0.0016,-3.31627,wage_share;g_emp_1_rel_ctry;g_emp_1;g_wages_1
630,Puerto Rico,24,Basic metals,2023,0.0653,Watch,True,0.875,16,True,False,0.06238,0.28899,0.22749,0.0,0.0,0.17346,0.74836,0.75991,,,0.14217,0.6457,0.17727,0.03406,0.05655,-4.89315,log_emp_share_ctry;vol_emp_5
630,Puerto Rico,25,"Fabricated metal products, except machinery",2023,0.117,Elevated,True,0.875,16,True,False,-0.00664,0.20183,0.07267,1.0,0.4,0.06664,0.32063,1.10101,,,0.04649,0.32946,0.45393,-0.03496,-0.01992,-2.47826,g_emp_1_rel_ctry;g_emp_1;g_wages_1;wage_share
630,Puerto Rico,27,Electrical equipment,2023,,Insufficient data,False,0.625,16,True,False,0.02648,0.00943,0.06072,0.0,0.4,-0.01145,,,,,0.07344,,,-0.00184,0.00561,-3.33295,
630,Puerto Rico,28,Machinery and equipment n.e.c.,2023,,Insufficient data,False,0.375,16,True,False,,0.21212,0.48754,0.0,0.66667,0.09157,,,,,,,,,,-7.53578,
630,Puerto Rico,29,"Motor vehicles, trailers and semi-trailers",2023,,Insufficient data,False,0.062,16,True,False,,,,0.0,,,,,,,,,,,,,
630,Puerto Rico,31,Furniture,2023,,Insufficient data,False,0.625,16,True,False,0.06093,0.43689,0.08534,0.0,0.0,0.17801,,,,,0.12184,,,0.03261,0.09201,-4.43568,
630,Puerto Rico,32,Other manufacturing,2023,,Insufficient data,False,0.062,16,True,False,,,,0.0,,,,,,,,,,,,,
630,Puerto Rico,33,Repair and installation of machinery/equipment,2023,,Insufficient data,False,0.062,16,True,False,,,,0.0,,,,,,,,,,,,,
642,Romania,10,Food products,2023,0.038,Low,True,1.0,16,True,False,0.03038,0.05468,0.02479,0.0,0.6,0.03182,-0.06416,0.23225,0.03144,0.401,0.16571,-0.09175,0.87445,0.03177,0.01646,-1.87419,wage_share;share_decline_5;g_prod_1;g_va_1
642,Romania,11,Beverages,2023,0.0227,Low,True,1.0,16,True,False,-0.00621,-0.04031,0.00873,4.0,0.8,-0.0236,0.34885,0.23253,0.16496,0.36396,0.18203,0.35727,0.41947,-0.00482,-0.02922,-4.00783,share_decline_5;log_emp_share_ctry;g_emp_1;g_emp_1_rel_ctry
642,Romania,12,Tobacco products,2023,0.0366,Low,True,1.0,16,True,False,0.04786,0.23269,0.04891,0.0,0.0,0.13226,0.15366,0.33817,0.25396,0.35923,0.28937,0.10097,0.39448,0.04925,0.04205,-5.87963,log_emp_share_ctry;g_out_1;g_prod_1
642,Romania,13,Textiles,2023,0.294,High,True,1.0,16,True,False,-0.0645,-0.1221,0.02127,5.0,1.0,-0.10304,0.05085,0.27354,0.01484,0.1863,0.17716,0.1233,0.65027,-0.06311,-0.05046,-3.76374,share_decline_5;wage_share;g_emp_1;g_emp_1_rel_ctry
642,Romania,14,Wearing apparel,2023,0.1772,Elevated,True,1.0,16,True,False,-0.04839,-0.21231,0.05011,5.0,1.0,-0.16993,0.1211,0.21813,0.05263,0.132,0.13798,0.1781,0.80477,-0.047,-0.03901,-2.64509,share_decline_5;wage_share;g_emp_1;g_emp_1_rel_ctry
642,Romania,15,Leather and related products,2023,0.294,High,True,1.0,16,True,False,-0.08858,-0.146,0.06801,1.0,0.8,-0.15251,0.11766,0.26516,-0.03323,0.24772,0.03768,0.22629,0.76929,-0.08719,-0.05281,-3.59074,wage_share;share_decline_5;g_emp_1;g_emp_1_rel_ctry
642,Romania,16,"Wood products, excluding furniture",2023,0.294,High,True,1.0,16,True,False,-0.06438,-0.05341,0.03805,2.0,0.8,-0.06485,-0.23804,0.01711,-0.16769,0.1548,0.12473,-0.1856,0.63712,-0.06299,-0.03889,-3.19953,share_decline_5;wage_share;g_emp_1;g_emp_1_rel_ctry
642,Romania,17,Paper and paper products,2023,0.1385,Elevated,True,1.0,16,True,False,-0.01963,0.0191,0.0278,2.0,0.8,-0.00914,-0.00913,0.39149,-0.05148,0.42768,0.20224,0.01071,0.5525,-0.01824,-0.03507,-4.31468,share_decline_5;wage_share;log_emp_share_ctry;g_emp_1
642,Romania,18,Printing and reproduction of recorded media,2023,0.0227,Low,True,1.0,16,True,False,0.01653,-0.03628,0.02252,0.0,0.8,-0.02337,0.02934,0.37238,0.03963,0.33855,0.08087,0.01261,0.42328,0.01792,0.03321,-4.32263,share_decline_5;log_emp_share_ctry;g_out_1;g_va_1
642,Romania,19,Coke and refined petroleum products,2023,,Insufficient data,False,0.688,16,True,False,0.00278,3.35684,1.47189,0.0,0.4,0.62178,,,-0.31694,2.87117,,,,0.00417,-0.0006,-4.72393,
642,Romania,20,Chemicals and chemical products,2023,,Insufficient data,False,0.688,16,True,False,-0.05408,-0.07878,0.01534,5.0,1.0,-0.06388,,,-0.07729,0.26941,,,,-0.05269,-0.06228,-4.04635,
642,Romania,21,"Pharmaceuticals,medicinal chemicals, etc.",2023,0.0227,Low,True,1.0,16,True,False,0.02735,0.03426,0.01726,0.0,0.2,0.03496,0.22764,0.24873,0.18213,0.34428,0.19676,0.19496,0.4284,0.02874,0.00325,-4.63201,log_emp_share_ctry;g_va_3;g_out_1
642,Romania,22,Rubber and plastics products,2023,0.0227,Low,True,1.0,16,True,False,0.00942,0.0374,0.02061,0.0,0.4,0.01199,0.01357,0.28987,0.03144,0.40834,0.21808,0.00411,0.54698,0.01081,0.00089,-2.73125,wage_share;g_out_1;g_va_1;g_emp_1_rel_ctry
642,Romania,23,Other non-metallic mineral products,2023,0.0227,Low,True,1.0,16,True,False,-0.00635,0.00028,0.02165,2.0,0.6,-0.00918,0.0717,0.18221,0.02979,0.30907,0.18538,0.07854,0.421,-0.00496,-0.00036,-3.28487,share_decline_5;g_emp_1;g_emp_1_rel_ctry;g_va_3
642,Romania,24,Basic metals,2023,0.1772,Elevated,True,1.0,16,True,False,-0.01862,-0.07439,0.03478,1.0,0.6,-0.04919,-0.58349,-0.11232,-0.19723,0.23945,0.17037,-0.57559,1.43675,-0.01723,-0.02445,-3.71,wage_share;share_decline_5;g_emp_1;g_va_3
642,Romania,25,"Fabricated metal products, except machinery",2023,0.0227,Low,True,1.0,16,True,False,0.01288,0.00071,0.01738,0.0,0.8,-0.00526,0.09099,0.43515,0.0166,0.4612,0.20694,0.07711,0.58895,0.01427,-0.00041,-2.51588,share_decline_5;wage_share;g_out_1;g_va_1
642,Romania,26,"Computer, electronic and optical products",2023,0.0227,Low,True,1.0,16,True,False,0.00693,0.01592,0.04348,0.0,0.2,-0.00644,0.2189,0.48097,0.14809,0.3872,0.20631,0.21052,0.69229,0.00832,-0.01123,-3.40328,wage_share;g_emp_1_rel_ctry;g_out_1;g_emp_1
642,Romania,27,Electrical equipment,2023,0.0227,Low,True,1.0,16,True,False,-0.00149,0.11675,0.03885,1.0,0.4,0.04264,0.18125,0.43945,0.04368,0.42146,0.13765,0.18302,0.57779,-0.0001,-0.02236,-2.97122,wage_share;g_emp_1;g_emp_1_rel_ctry;g_out_1
642,Romania,28,Machinery and equipment n.e.c.,2023,0.0366,Low,True,1.0,16,True,False,-0.02921,-0.08125,0.02974,5.0,1.0,-0.07136,0.0776,0.34452,0.0453,0.23311,0.13831,0.11002,0.5909,-0.02781,-0.04057,-3.16778,share_decline_5;wage_share;g_emp_1;g_emp_1_rel_ctry
642,Romania,29,"Motor vehicles, trailers and semi-trailers",2023,0.0177,Low,True,1.0,16,True,False,-0.00129,-0.04452,0.02754,5.0,1.0,-0.04052,0.22988,0.29755,0.12542,0.32451,0.20368,0.23146,0.62021,0.0001,-0.01252,-1.89476,share_decline_5;wage_share;g_emp_1;g_emp_1_rel_ctry
642,Romania,30,Other transport equipment,2023,0.0366,Low,True,1.0,16,True,False,0.05215,-0.0565,0.05041,0.0,0.6,-0.02347,0.41549,0.40222,0.13244,0.26852,0.13535,0.34533,0.64834,0.05354,0.00181,-3.67686,wage_share;share_decline_5;log_emp_share_ctry;g_emp_3
642,Romania,31,Furniture,2023,0.294,High,True,1.0,16,True,False,-0.06137,-0.10207,0.0291,2.0,0.8,-0.09102,0.04666,0.16559,-0.03091,0.17803,0.09334,0.11509,0.74256,-0.05998,-0.03029,-3.0243,wage_share;share_decline_5;g_emp_1;g_emp_1_rel_ctry
642,Romania,32,Other manufacturing,2023,0.0227,Low,True,1.0,16,True,False,0.01895,0.02764,0.02718,0.0,0.6,0.00483,0.03661,0.40533,0.11138,0.37081,0.11883,0.01734,0.5699,0.02034,0.00154,-4.04295,wage_share;share_decline_5;log_emp_share_ctry;g_va_1
642,Romania,33,Repair and installation of machinery/equipment,2023,0.0227,Low,True,1.0,16,True,False,0.01333,0.00722,0.02027,0.0,0.4,-0.00267,0.10772,0.43135,0.23389,0.37205,0.17213,0.09315,0.61697,0.01472,-0.00728,-3.7292,wage_share;log_emp_share_ctry;g_out_1;g_va_1
643,Russian Federation,10,Food products,2023,0.0366,Low,True,1.0,16,True,False,0.00424,-0.03242,0.00992,0.0,0.8,-0.01903,-0.16661,0.2067,-0.1366,0.23073,0.19728,-0.17013,0.35707,-0.0132,-0.00968,-1.96923,share_decline_5;g_emp_1_rel_ctry;g_va_1;g_prod_1
643,Russian Federation,11,Beverages,2023,0.0227,Low,True,1.0,16,True,False,0.01158,-0.01681,0.0176,0.0,0.8,-0.01213,-0.27077,0.1501,-0.20136,0.18416,-0.0476,-0.27911,0.19516,-0.00585,-0.01143,-4.0565,share_decline_5;log_emp_share_ctry;g_wages_1;g_emp_1_rel_ctry
643,Russian Federation,12,Tobacco products,2023,0.0366,Low,True,1.0,16,True,False,0.01088,0.06955,0.06168,0.0,0.4,0.01275,-0.08402,0.46321,-0.03335,0.07729,-0.08154,-0.09388,0.08323,-0.00655,0.00508,-6.8653,log_emp_share_ctry;g_wages_1;g_emp_1_rel_ctry;g_out_3
643,Russian Federation,13,Textiles,2023,0.0227,Low,True,1.0,16,True,False,0.01488,0.07858,0.05718,0.0,0.2,0.04536,-0.12988,0.29108,-0.05083,0.38462,-0.02455,-0.14264,0.41354,-0.00255,0.02893,-4.31163,log_emp_share_ctry;g_wages_1;g_emp_1_rel_ctry;g_va_1
643,Russian Federation,14,Wearing apparel,2023,0.0227,Low,True,1.0,16,True,False,0.03293,0.00831,0.0212,0.0,0.6,0.01577,-0.13233,0.55157,-0.02991,0.47113,0.10774,-0.15999,0.30166,0.01549,0.0423,-3.7547,share_decline_5;log_emp_share_ctry;g_prod_1;g_va_1
643,Russian Federation,15,Leather and related products,2023,0.0278,Low,True,1.0,16,True,False,0.05156,0.00138,0.05521,0.0,0.6,-0.00261,-0.05425,0.28595,-0.01976,0.51235,-0.17454,-0.10062,0.29735,0.03412,0.08733,-5.1453,log_emp_share_ctry;g_wages_1;share_decline_5;g_prod_1
643,Russian Federation,16,"Wood products, excluding furniture",2023,0.0653,Watch,True,1.0,16,True,False,-0.08335,-0.09444,0.03648,1.0,0.8,-0.08754,-0.29582,0.03717,-0.22095,0.08831,-0.2044,-0.23179,0.27553,-0.10078,-0.05786,-3.6364,share_decline_5;g_emp_1;g_wages_1;g_emp_1_rel_ctry
643,Russian Federation,17,Paper and paper products,2023,0.0227,Low,True,1.0,16,True,False,0.02727,0.0639,0.01478,0.0,0.2,0.04776,-0.28321,0.2738,-0.19705,0.25268,-0.60009,-0.30224,0.10746,0.00983,0.01182,-3.98359,g_wages_1;log_emp_share_ctry;g_va_1;g_prod_1
643,Russian Federation,18,Printing and reproduction of recorded media,2023,0.0227,Low,True,1.0,16,True,False,0.01253,-0.10631,0.03653,0.0,0.8,-0.06792,-0.08395,0.49418,-0.03887,0.36807,0.05622,-0.09528,0.3364,-0.0049,0.02922,-4.60165,share_decline_5;log_emp_share_ctry;g_emp_1_rel_ctry;g_wages_1
643,Russian Federation,19,Coke and refined petroleum products,2023,0.0653,Watch,True,1.0,16,True,False,-0.00623,-0.00625,0.02871,1.0,0.4,0.00318,0.75012,0.56206,-0.11864,0.53765,-0.33276,0.76108,0.03864,-0.02366,-0.00961,-3.92927,g_wages_1;log_emp_share_ctry;g_emp_1_rel_ctry;g_emp_1
643,Russian Federation,20,Chemicals and chemical products,2023,0.038,Low,True,1.0,16,True,False,0.03642,0.07394,0.01148,0.0,0.0,0.04618,-0.26093,0.57998,-0.22866,0.41083,0.24579,-0.2869,0.25317,0.01898,0.02822,-2.86018,g_prod_1;g_va_1;g_out_1
643,Russian Federation,21,"Pharmaceuticals,medicinal chemicals, etc.",2023,0.0227,Low,True,1.0,16,True,False,0.00736,0.16119,0.02952,0.0,0.0,0.0779,-0.19453,0.24449,-0.16127,0.11735,-0.23866,-0.20042,0.1856,-0.01007,-0.01673,-4.20947,g_wages_1;log_emp_share_ctry;g_emp_1_rel_ctry;g_out_3
643,Russian Federation,22,Rubber and plastics products,2023,0.0653,Watch,True,1.0,16,True,False,0.01998,0.06563,0.01135,0.0,0.2,0.03611,-0.15946,0.71968,-0.09804,0.5242,0.59172,-0.17592,0.54945,0.00255,0.01144,-3.26942,wage_share;g_emp_1_rel_ctry;g_va_1;g_prod_1
643,Russian Federation,23,Other non-metallic mineral products,2023,0.1385,Elevated,True,1.0,16,True,False,-0.08977,-0.11216,0.05813,1.0,0.6,-0.06817,-0.18827,0.47347,-0.09859,0.42634,-0.18443,-0.10822,0.29174,-0.1072,-0.08378,-2.83388,g_emp_1;g_wages_1;g_emp_1_rel_ctry;share_decline_5
643,Russian Federation,24,Basic metals,2023,0.0227,Low,True,1.0,16,True,False,0.01419,0.05027,0.01959,0.0,0.4,0.02654,-0.18894,0.04372,-0.12997,0.20758,-0.21883,-0.20029,0.11245,-0.00324,0.00836,-2.68088,g_wages_1;g_va_3;g_emp_1_rel_ctry;g_va_1
643,Russian Federation,25,"Fabricated metal products, except machinery",2023,0.0227,Low,True,1.0,16,True,False,0.1025,0.13127,0.0384,0.0,0.2,0.09264,-0.05267,0.54054,-0.00019,0.54464,0.00945,-0.14075,0.36237,0.08507,0.08922,-2.21421,g_wages_1;g_prod_1;g_va_1;g_out_1
643,Russian Federation,26,"Computer, electronic and optical products",2023,0.0227,Low,True,1.0,16,True,False,0.06919,0.09966,0.03307,0.0,0.4,0.05916,0.0886,0.50324,0.08475,0.40197,-0.32205,0.01815,0.27529,0.05176,0.05103,-2.74985,g_wages_1;g_out_1;g_prod_1;g_va_1
643,Russian Federation,27,Electrical equipment,2023,0.0,Low,True,1.0,16,True,False,0.05132,0.06955,0.02675,0.0,0.6,0.05086,0.05639,0.77449,0.0931,0.74063,0.06212,0.00482,0.45993,0.03389,0.03046,-3.27011,share_decline_5;wage_share;g_wages_1;g_prod_1
643,Russian Federation,28,Machinery and equipment n.e.c.,2023,0.0227,Low,True,1.0,16,True,False,0.04766,0.04922,0.02701,0.0,0.6,0.04103,-0.04193,0.40286,0.00469,0.497,0.08002,-0.08551,0.50441,0.03022,0.03629,-2.79981,wage_share;share_decline_5;g_prod_1;g_va_1
643,Russian Federation,29,"Motor vehicles, trailers and semi-trailers",2023,0.0278,Low,True,1.0,16,True,False,-0.02711,-0.06147,0.01495,5.0,1.0,-0.05078,0.04306,0.04325,0.00508,-0.17325,0.14516,0.07213,0.44961,-0.04454,-0.03835,-3.26282,share_decline_5;g_emp_1;g_emp_1_rel_ctry;g_out_3
643,Russian Federation,30,Other transport equipment,2023,0.0,Low,True,1.0,16,True,False,-0.00032,-0.02609,0.00585,5.0,1.0,-0.01438,0.03647,0.12141,0.06159,0.21321,-0.23976,0.0368,0.42597,-0.01775,-0.05065,-2.4567,share_decline_5;g_wages_1;g_emp_1_rel_ctry;g_va_3
643,Russian Federation,31,Furniture,2023,0.0366,Low,True,1.0,16,True,False,0.04767,0.08782,0.03956,0.0,0.6,0.03905,-0.15741,0.62098,-0.04248,0.39608,0.24164,-0.19574,0.3704,0.03023,0.07874,-3.98958,share_decline_5;log_emp_share_ctry;g_prod_1;g_va_1
643,Russian Federation,32,Other manufacturing,2023,0.0227,Low,True,1.0,16,True,False,0.05369,0.19027,0.05428,0.0,0.4,0.08901,-0.07969,0.62134,0.08301,0.49457,-0.26888,-0.12659,0.25493,0.03626,0.03628,-4.32941,g_wages_1;log_emp_share_ctry;g_prod_1;g_va_1
643,Russian Federation,33,Repair and installation of machinery/equipment,2023,0.0227,Low,True,1.0,16,True,False,0.02161,-0.04395,0.02572,0.0,0.8,-0.02019,-0.19932,0.22037,-0.18355,0.0948,-0.12122,-0.21626,0.43115,0.00418,0.001,-2.81893,share_decline_5;g_wages_1;g_out_3;g_va_1
646,Rwanda,10,Food products,2023,,Insufficient data,False,0.5,16,True,False,,0.26011,,0.0,,0.10893,0.10005,1.04637,0.16643,0.75812,,,,,,-0.87894,
646,Rwanda,11,Beverages,2023,,Insufficient data,False,0.5,16,True,False,,4.00409,,0.0,,0.51096,0.08688,0.41799,0.07025,0.36769,,,,,,-1.92403,
646,Rwanda,12,Tobacco products,2023,,Insufficient data,False,0.375,16,True,False,,-0.02857,,0.0,,-0.0146,,,0.26213,0.66513,,,,,,-7.29958,
646,Rwanda,13,Textiles,2023,,Insufficient data,False,0.5,16,True,False,,0.18627,,0.0,,0.08177,0.15572,0.35655,0.13804,0.50431,,,,,,-3.50442,
646,Rwanda,14,Wearing apparel,2023,,Insufficient data,False,0.25,16,True,False,,0.13659,,0.0,,0.06197,,,,,,,,,,-1.67896,
646,Rwanda,15,Leather and related products,2023,,Insufficient data,False,0.25,16,True,False,,0.67213,,0.0,,0.22437,,,,,,,,,,-4.25506,
646,Rwanda,16,"Wood products, excluding furniture",2023,,Insufficient data,False,0.5,16,True,False,,4.50298,,0.0,,0.52618,0.07038,0.16923,0.09169,0.43507,,,,,,-3.99669,
646,Rwanda,17,Paper and paper products,2023,,Insufficient data,False,0.25,16,True,False,,7.15517,,0.0,,0.57748,,,,,,,,,,-4.66684,
646,Rwanda,18,Printing and reproduction of recorded media,2023,,Insufficient data,False,0.25,16,True,False,,0.31587,,0.0,,0.12786,,,,,,,,,,-4.79887,
646,Rwanda,20,Chemicals and chemical products,2023,,Insufficient data,False,0.5,16,True,False,,0.59356,,0.0,,0.20609,-0.13145,0.39946,0.09529,0.72153,,,,,,-3.3982,
646,Rwanda,22,Rubber and plastics products,2023,,Insufficient data,False,0.25,16,True,False,,1.11765,,0.0,,0.30637,,,,,,,,,,-4.71669,
646,Rwanda,23,Other non-metallic mineral products,2023,,Insufficient data,False,0.5,16,True,False,,0.06857,,0.0,,0.03261,-0.03615,0.24772,0.02221,0.41749,,,,,,-3.26352,
646,Rwanda,24,Basic metals,2023,,Insufficient data,False,0.5,16,True,False,,4.3089,,0.0,,0.52057,-0.00152,0.04437,-0.00152,0.04437,,,,,,-3.90428,
646,Rwanda,25,"Fabricated metal products, except machinery",2023,,Insufficient data,False,0.25,16,True,False,,-0.1968,,0.0,,-0.11557,,,,,,,,,,-3.88814,
646,Rwanda,26,"Computer, electronic and optical products",2023,,Insufficient data,False,0.25,16,True,False,,57.16667,,0.0,,0.6761,,,,,,,,,,-5.66401,
646,Rwanda,27,Electrical equipment,2023,,Insufficient data,False,0.25,16,True,False,,0.52609,,0.0,,0.18918,,,,,,,,,,-5.6583,
646,Rwanda,28,Machinery and equipment n.e.c.,2023,,Insufficient data,False,0.25,16,True,False,,2.14286,,0.0,,0.41689,,,,,,,,,,-7.04175,
646,Rwanda,31,Furniture,2023,,Insufficient data,False,0.5,16,True,False,,-0.31663,,0.0,,-0.20837,-0.08245,0.23339,-0.07779,0.22645,,,,,,-3.36516,
646,Rwanda,32,Other manufacturing,2023,,Insufficient data,False,0.25,16,True,False,,-0.67996,,0.0,,-0.72382,,,,,,,,,,-5.11883,
646,Rwanda,33,Repair and installation of machinery/equipment,2023,,Insufficient data,False,0.25,16,True,False,,1.23611,,0.0,,0.32351,,,,,,,,,,-6.43768,
682,Saudi Arabia,10,Food products,2023,,Insufficient data,False,0.25,16,True,False,,,,0.0,,,,,0.06305,0.24381,0.1239,,,,,,
682,Saudi Arabia,11,Beverages,2023,,Insufficient data,False,0.25,16,True,False,,,,0.0,,,,,0.13579,0.30232,0.20322,,,,,,
682,Saudi Arabia,13,Textiles,2023,,Insufficient data,False,0.25,16,True,False,,,,0.0,,,,,0.0791,0.26271,0.11288,,,,,,
682,Saudi Arabia,14,Wearing apparel,2023,,Insufficient data,False,0.25,16,True,False,,,,0.0,,,,,0.34057,0.96302,0.36125,,,,,,
682,Saudi Arabia,15,Leather and related products,2023,,Insufficient data,False,0.25,16,True,False,,,,0.0,,,,,0.10708,0.24684,0.17999,,,,,,
682,Saudi Arabia,16,"Wood products, excluding furniture",2023,,Insufficient data,False,0.25,16,True,False,,,,0.0,,,,,0.11323,0.58113,0.14929,,,,,,
682,Saudi Arabia,17,Paper and paper products,2023,,Insufficient data,False,0.25,16,True,False,,,,0.0,,,,,0.15817,0.47184,0.17108,,,,,,
682,Saudi Arabia,18,Printing and reproduction of recorded media,2023,,Insufficient data,False,0.25,16,True,False,,,,0.0,,,,,0.23837,0.83908,0.27125,,,,,,
682,Saudi Arabia,19,Coke and refined petroleum products,2023,,Insufficient data,False,0.25,16,True,False,,,,0.0,,,,,-0.0366,1.43878,0.11782,,,,,,
682,Saudi Arabia,20,Chemicals and chemical products,2023,,Insufficient data,False,0.25,16,True,False,,,,0.0,,,,,-0.00573,0.54842,-0.03955,,,,,,
682,Saudi Arabia,21,"Pharmaceuticals,medicinal chemicals, etc.",2023,,Insufficient data,False,0.25,16,True,False,,,,0.0,,,,,0.11349,0.58693,0.16342,,,,,,
682,Saudi Arabia,22,Rubber and plastics products,2023,,Insufficient data,False,0.25,16,True,False,,,,0.0,,,,,0.1172,0.47344,0.13255,,,,,,
682,Saudi Arabia,23,Other non-metallic mineral products,2023,,Insufficient data,False,0.25,16,True,False,,,,0.0,,,,,0.01036,0.29246,-0.00154,,,,,,
682,Saudi Arabia,24,Basic metals,2023,,Insufficient data,False,0.25,16,True,False,,,,0.0,,,,,0.06135,0.19435,0.09011,,,,,,
682,Saudi Arabia,25,"Fabricated metal products, except machinery",2023,,Insufficient data,False,0.25,16,True,False,,,,0.0,,,,,0.09847,0.43382,0.12688,,,,,,
682,Saudi Arabia,26,"Computer, electronic and optical products",2023,,Insufficient data,False,0.25,16,True,False,,,,0.0,,,,,0.09383,0.35102,0.13276,,,,,,
682,Saudi Arabia,27,Electrical equipment,2023,,Insufficient data,False,0.25,16,True,False,,,,0.0,,,,,0.07559,0.28698,0.14401,,,,,,
682,Saudi Arabia,28,Machinery and equipment n.e.c.,2023,,Insufficient data,False,0.25,16,True,False,,,,0.0,,,,,0.12659,0.48357,0.16275,,,,,,
682,Saudi Arabia,29,"Motor vehicles, trailers and semi-trailers",2023,,Insufficient data,False,0.25,16,True,False,,,,0.0,,,,,0.07758,0.44522,0.09449,,,,,,
682,Saudi Arabia,30,Other transport equipment,2023,,Insufficient data,False,0.25,16,True,False,,,,0.0,,,,,0.20034,0.62815,0.20071,,,,,,
682,Saudi Arabia,31,Furniture,2023,,Insufficient data,False,0.25,16,True,False,,,,0.0,,,,,0.12673,0.79889,0.16236,,,,,,
682,Saudi Arabia,32,Other manufacturing,2023,,Insufficient data,False,0.25,16,True,False,,,,0.0,,,,,0.11147,0.38122,0.13275,,,,,,
682,Saudi Arabia,33,Repair and installation of machinery/equipment,2023,,Insufficient data,False,0.25,16,True,False,,,,0.0,,,,,0.13811,0.69773,0.16981,,,,,,
686,Senegal,10,Food products,2023,,Insufficient data,False,0.438,16,True,False,,,,0.0,,,0.31835,0.45304,0.05011,0.395,0.0894,,0.41712,,,,
686,Senegal,11,Beverages,2023,,Insufficient data,False,0.438,16,True,False,,,,0.0,,,0.09448,0.16528,0.08171,0.38439,0.08293,,0.62494,,,,
686,Senegal,12,Tobacco products,2023,,Insufficient data,False,0.438,16,True,False,,,,0.0,,,0.03755,-0.23146,0.21452,-0.00284,0.33714,,0.96574,,,,
686,Senegal,13,Textiles,2023,,Insufficient data,False,0.438,16,True,False,,,,0.0,,,-0.43819,-0.55104,-0.12618,-0.36753,0.64102,,0.71671,,,,
686,Senegal,14,Wearing apparel,2023,,Insufficient data,False,0.375,16,True,False,,,,0.0,,,0.5414,,0.40926,0.42949,-0.18611,,2.59131,,,,
686,Senegal,15,Leather and related products,2023,,Insufficient data,False,0.438,16,True,False,,,,0.0,,,0.08585,0.3998,0.07115,0.21749,0.06485,,0.74463,,,,
686,Senegal,16,"Wood products, excluding furniture",2023,,Insufficient data,False,0.438,16,True,False,,,,0.0,,,-0.10163,-0.25462,-0.20919,-0.1884,0.0949,,0.66494,,,,
686,Senegal,17,Paper and paper products,2023,,Insufficient data,False,0.438,16,True,False,,,,0.0,,,0.61634,0.75048,0.08427,0.35681,0.05607,,0.38654,,,,
686,Senegal,18,Printing and reproduction of recorded media,2023,,Insufficient data,False,0.438,16,True,False,,,,0.0,,,-0.04383,0.24818,-0.02879,0.31504,0.0238,,0.76198,,,,
686,Senegal,19,Coke and refined petroleum products,2023,,Insufficient data,False,0.375,16,True,False,,,,0.0,,,0.01763,,0.53841,1.87411,-0.01388,,0.24934,,,,
686,Senegal,20,Chemicals and chemical products,2023,,Insufficient data,False,0.438,16,True,False,,,,0.0,,,-0.46071,0.36605,-0.2596,0.45452,0.11107,,0.31102,,,,
686,Senegal,21,"Pharmaceuticals,medicinal chemicals, etc.",2023,,Insufficient data,False,0.438,16,True,False,,,,0.0,,,0.22234,0.19115,0.11182,0.14284,0.12212,,0.41806,,,,
686,Senegal,22,Rubber and plastics products,2023,,Insufficient data,False,0.438,16,True,False,,,,0.0,,,-0.00417,0.2341,-0.02882,0.27149,0.06193,,0.63119,,,,
686,Senegal,23,Other non-metallic mineral products,2023,,Insufficient data,False,0.438,16,True,False,,,,0.0,,,0.61706,-0.04421,0.16296,0.41605,0.16306,,0.27011,,,,
686,Senegal,24,Basic metals,2023,,Insufficient data,False,0.438,16,True,False,,,,0.0,,,0.15389,4.51268,-0.11218,1.03689,0.64403,,0.50626,,,,
686,Senegal,25,"Fabricated metal products, except machinery",2023,,Insufficient data,False,0.438,16,True,False,,,,0.0,,,0.10439,0.0905,0.08472,0.13158,0.17472,,0.53771,,,,
686,Senegal,26,"Computer, electronic and optical products",2023,,Insufficient data,False,0.438,16,True,False,,,,0.0,,,-0.1231,0.16781,0.00252,0.31642,0.07928,,0.69241,,,,
686,Senegal,27,Electrical equipment,2023,,Insufficient data,False,0.438,16,True,False,,,,0.0,,,0.31657,0.40036,0.11189,0.71943,-0.00346,,0.44317,,,,
686,Senegal,28,Machinery and equipment n.e.c.,2023,,Insufficient data,False,0.375,16,True,False,,,,0.0,,,-1.40173,-1.32157,-0.09879,-0.56652,0.05715,,,,,,
686,Senegal,29,"Motor vehicles, trailers and semi-trailers",2023,,Insufficient data,False,0.438,16,True,False,,,,0.0,,,-0.31982,-0.32975,-0.01603,0.23907,-0.27286,,1.14561,,,,
686,Senegal,30,Other transport equipment,2023,,Insufficient data,False,0.438,16,True,False,,,,0.0,,,0.51949,0.72088,0.05058,0.41785,0.12857,,0.47704,,,,
686,Senegal,31,Furniture,2023,,Insufficient data,False,0.375,16,True,False,,,,0.0,,,-0.1195,,-0.71343,-0.71796,-0.80643,,1.68312,,,,
686,Senegal,32,Other manufacturing,2023,,Insufficient data,False,0.438,16,True,False,,,,0.0,,,0.26272,1.35052,1.05718,3.26209,0.60595,,0.63984,,,,
686,Senegal,33,Repair and installation of machinery/equipment,2023,,Insufficient data,False,0.438,16,True,False,,,,0.0,,,0.29589,0.35834,0.48947,0.40326,0.37957,,0.91493,,,,
688,Serbia,10,Food products,2023,,Insufficient data,False,0.875,16,True,False,-0.01457,0.05396,0.04614,1.0,0.4,0.03003,0.27729,0.48946,0.15317,0.38312,,0.29618,,-0.01522,-0.02849,-1.75644,
688,Serbia,11,Beverages,2023,,Insufficient data,False,0.875,16,True,False,-0.04082,-0.16814,0.10549,1.0,0.6,-0.06387,0.10328,0.28464,0.11782,0.29276,,0.15022,,-0.04147,-0.06383,-3.99193,
688,Serbia,12,Tobacco products,2023,,Insufficient data,False,0.875,16,True,False,-0.37209,0.03846,0.34755,1.0,0.4,-0.18232,0.09261,-0.00291,0.21839,0.13533,,0.74008,,-0.37274,-0.3779,-5.23939,
688,Serbia,13,Textiles,2023,,Insufficient data,False,0.875,16,True,False,0.24324,-0.02817,0.18695,0.0,0.6,0.01607,0.14214,0.05947,0.14578,0.06856,,-0.08132,,0.24259,0.25729,-3.60798,
688,Serbia,14,Wearing apparel,2023,,Insufficient data,False,0.875,16,True,False,-0.05682,-0.02924,0.05395,2.0,0.8,-0.04649,0.08222,-0.09168,0.07495,-0.06282,,0.14741,,-0.05747,-0.04744,-2.73009,
688,Serbia,15,Leather and related products,2023,,Insufficient data,False,0.875,16,True,False,-0.14815,-0.29878,0.04816,5.0,1.0,-0.24686,-0.12472,0.09572,-0.1171,0.10168,,0.0275,,-0.1488,-0.11237,-3.7903,
688,Serbia,16,"Wood products, excluding furniture",2023,,Insufficient data,False,0.875,16,True,False,-0.23188,-0.01242,0.20708,2.0,0.6,-0.12627,-0.01685,0.13108,-0.00625,0.16792,,0.27995,,-0.23253,-0.20639,-3.46633,
688,Serbia,17,Paper and paper products,2023,,Insufficient data,False,0.875,16,True,False,0.36709,0.4026,0.15323,0.0,0.2,0.23713,-0.02327,0.20253,-0.05511,0.1848,,-0.28554,,0.36644,0.35164,-3.8531,
688,Serbia,18,Printing and reproduction of recorded media,2023,,Insufficient data,False,0.875,16,True,False,0.0274,-0.33628,0.14872,0.0,0.4,-0.16664,-0.04725,-0.19217,-0.0578,-0.17068,,-0.07266,,0.02675,0.04409,-4.21774,
688,Serbia,19,Coke and refined petroleum products,2023,,Insufficient data,False,0.875,16,True,False,0.14286,0.10345,0.12275,0.0,0.4,0.03175,-0.34979,0.60756,-0.18935,0.85141,,-0.43106,,0.14221,0.13948,-4.37635,
688,Serbia,20,Chemicals and chemical products,2023,,Insufficient data,False,0.875,16,True,False,-0.02206,0.09917,0.08245,1.0,0.6,0.02128,-0.04626,0.15823,-0.05612,0.15347,,-0.02475,,-0.02271,-0.03026,-3.64488,
688,Serbia,21,"Pharmaceuticals,medicinal chemicals, etc.",2023,,Insufficient data,False,0.875,16,True,False,-0.2549,-0.08434,0.23964,2.0,0.6,-0.22944,0.17874,0.2486,0.1978,0.30284,,0.58199,,-0.25555,-0.279,-4.2045,
688,Serbia,22,Rubber and plastics products,2023,,Insufficient data,False,0.875,16,True,False,0.07006,0.11258,0.07107,0.0,0.4,0.0376,0.08095,0.20837,0.06623,0.23138,,0.01018,,0.06941,0.06153,-2.71812,
688,Serbia,23,Other non-metallic mineral products,2023,,Insufficient data,False,0.875,16,True,False,0.01807,0.29008,0.14829,0.0,0.4,0.12999,0.0702,0.29051,0.08632,0.27851,,0.0512,,0.01742,0.02406,-3.40533,
688,Serbia,24,Basic metals,2023,,Insufficient data,False,0.875,16,True,False,0.16794,-0.06135,0.13895,0.0,0.4,0.05647,0.33333,0.61268,0.0569,0.24727,,0.14161,,0.16729,0.16211,-3.50479,
688,Serbia,25,"Fabricated metal products, except machinery",2023,,Insufficient data,False,0.875,16,True,False,-0.08651,-0.12583,0.08279,3.0,0.6,-0.06454,0.06047,0.12236,0.04333,0.12557,,0.1609,,-0.08715,-0.09979,-2.26613,
688,Serbia,26,"Computer, electronic and optical products",2023,,Insufficient data,False,0.875,16,True,False,0.52542,0.55172,0.20975,0.0,0.2,0.31319,0.57087,0.86105,0.60084,0.96254,,0.02979,,0.52477,0.50726,-4.03542,
688,Serbia,27,Electrical equipment,2023,,Insufficient data,False,0.875,16,True,False,-0.10496,0.08099,0.16826,1.0,0.4,-0.0477,0.17569,0.43125,0.01228,0.23731,,0.31355,,-0.10561,-0.12582,-2.80838,
688,Serbia,28,Machinery and equipment n.e.c.,2023,,Insufficient data,False,0.875,16,True,False,-0.04828,-0.03497,0.04982,2.0,0.6,-0.06182,0.15252,0.52649,0.13015,0.46918,,0.21098,,-0.04893,-0.05964,-3.60798,
688,Serbia,29,"Motor vehicles, trailers and semi-trailers",2023,,Insufficient data,False,0.875,16,True,False,-0.09184,0.11774,0.14636,1.0,0.4,0.08497,0.36407,0.49937,0.30176,0.44596,,0.50201,,-0.09249,-0.10307,-1.96715,
688,Serbia,30,Other transport equipment,2023,,Insufficient data,False,0.875,16,True,False,0.01587,0.82857,0.32796,0.0,0.2,0.17361,0.17527,2.39747,0.26522,2.60804,,0.15691,,0.01522,-0.03446,-4.37635,
688,Serbia,31,Furniture,2023,,Insufficient data,False,0.875,16,True,False,0.31792,0.05069,0.17874,0.0,0.2,0.08224,0.03714,-0.11206,0.02525,-0.09405,,-0.21304,,0.31727,0.349,-3.10588,
688,Serbia,32,Other manufacturing,2023,,Insufficient data,False,0.875,16,True,False,0.21569,0.24,0.21647,0.0,0.4,0.23124,0.00898,-0.00857,0.01794,0.00898,,-0.17003,,0.21504,0.19828,-4.4081,
688,Serbia,33,Repair and installation of machinery/equipment,2023,,Insufficient data,False,0.875,16,True,False,0.22353,-0.06306,0.22222,0.0,0.6,-0.02281,0.12145,0.05758,0.13123,0.10269,,-0.08343,,0.22288,0.20292,-3.89084,
702,Singapore,10,Food products,2023,,Insufficient data,False,0.438,16,True,False,,,,0.0,,,-0.0615,0.10678,-0.02415,0.22691,0.08698,,0.4683,,,,
702,Singapore,11,Beverages,2023,,Insufficient data,False,0.438,16,True,False,,,,0.0,,,-0.18801,-0.08423,0.02209,0.32456,0.13481,,0.24034,,,,
702,Singapore,13,Textiles,2023,,Insufficient data,False,0.438,16,True,False,,,,0.0,,,0.4576,0.75029,0.05294,0.23224,-0.12757,,0.75687,,,,
702,Singapore,14,Wearing apparel,2023,,Insufficient data,False,0.438,16,True,False,,,,0.0,,,-0.21559,0.03979,-0.27107,0.20602,-0.10311,,0.38701,,,,
702,Singapore,15,Leather and related products,2023,,Insufficient data,False,0.438,16,True,False,,,,0.0,,,-0.01514,0.35219,0.07758,0.75815,-0.0099,,0.54945,,,,
702,Singapore,16,"Wood products, excluding furniture",2023,,Insufficient data,False,0.438,16,True,False,,,,0.0,,,-0.07578,0.5086,-0.06949,0.48454,0.11494,,0.67679,,,,
702,Singapore,17,Paper and paper products,2023,,Insufficient data,False,0.438,16,True,False,,,,0.0,,,0.02262,-0.02028,-0.09411,0.05079,0.01285,,0.60098,,,,
702,Singapore,18,Printing and reproduction of recorded media,2023,,Insufficient data,False,0.438,16,True,False,,,,0.0,,,-0.05341,-0.18515,0.02074,-0.08555,0.12477,,1.17818,,,,
702,Singapore,19,Coke and refined petroleum products,2023,,Insufficient data,False,0.438,16,True,False,,,,0.0,,,0.32934,5.16531,-0.16443,1.0161,0.13249,,0.08686,,,,
702,Singapore,20,Chemicals and chemical products,2023,,Insufficient data,False,0.438,16,True,False,,,,0.0,,,-0.2316,0.00558,-0.17597,0.26554,0.05321,,0.21266,,,,
702,Singapore,21,"Pharmaceuticals,medicinal chemicals, etc.",2023,,Insufficient data,False,0.438,16,True,False,,,,0.0,,,0.01809,0.02698,0.00187,0.11962,0.08943,,0.14431,,,,
702,Singapore,22,Rubber and plastics products,2023,,Insufficient data,False,0.438,16,True,False,,,,0.0,,,0.00793,0.18135,-0.03442,0.17053,0.03151,,0.5855,,,,
702,Singapore,23,Other non-metallic mineral products,2023,,Insufficient data,False,0.438,16,True,False,,,,0.0,,,0.1573,0.85312,0.10238,0.7331,0.16261,,0.50187,,,,
702,Singapore,24,Basic metals,2023,,Insufficient data,False,0.438,16,True,False,,,,0.0,,,-0.11268,0.32429,-0.11075,0.33851,0.00757,,0.55329,,,,
702,Singapore,25,"Fabricated metal products, except machinery",2023,,Insufficient data,False,0.438,16,True,False,,,,0.0,,,-0.04384,0.18003,-0.072,0.17984,0.02191,,0.63295,,,,
702,Singapore,26,"Computer, electronic and optical products",2023,,Insufficient data,False,0.438,16,True,False,,,,0.0,,,-0.33463,0.16482,-0.10923,0.27822,0.00292,,0.15555,,,,
702,Singapore,27,Electrical equipment,2023,,Insufficient data,False,0.438,16,True,False,,,,0.0,,,-0.07214,0.12511,-0.09514,0.14717,0.09233,,0.50377,,,,
702,Singapore,28,Machinery and equipment n.e.c.,2023,,Insufficient data,False,0.438,16,True,False,,,,0.0,,,-0.08943,0.60849,-0.00681,0.50827,0.02555,,0.29989,,,,
702,Singapore,29,"Motor vehicles, trailers and semi-trailers",2023,,Insufficient data,False,0.438,16,True,False,,,,0.0,,,0.05814,0.03566,0.1309,0.26703,0.09396,,0.43675,,,,
702,Singapore,30,Other transport equipment,2023,,Insufficient data,False,0.438,16,True,False,,,,0.0,,,0.11437,0.44741,0.22574,0.62995,0.13973,,0.44857,,,,
702,Singapore,31,Furniture,2023,,Insufficient data,False,0.438,16,True,False,,,,0.0,,,0.06799,0.14344,0.05127,0.30139,0.12207,,0.9624,,,,
702,Singapore,32,Other manufacturing,2023,,Insufficient data,False,0.438,16,True,False,,,,0.0,,,0.01985,-0.0425,-0.00259,0.23633,0.10528,,0.25788,,,,
702,Singapore,33,Repair and installation of machinery/equipment,2023,,Insufficient data,False,0.438,16,True,False,,,,0.0,,,0.09105,0.4079,0.15382,0.53338,0.04517,,0.67728,,,,
703,Slovakia,10,Food products,2023,0.0177,Low,True,0.938,16,True,False,0.05802,0.10031,0.02801,0.0,0.4,0.05892,0.04658,0.31089,0.15092,,0.17107,-0.01081,0.48261,0.07833,0.0441,-2.37711,wage_share;g_prod_1;g_va_1;g_out_1
703,Slovakia,11,Beverages,2023,0.0177,Low,True,0.938,16,True,False,-0.00951,-0.00082,0.03072,1.0,0.66667,-0.00966,0.15436,0.29067,0.17915,,0.08724,0.16544,0.36332,0.0108,-0.03252,-4.43275,share_decline_5;log_emp_share_ctry;g_emp_1;g_emp_1_rel_ctry
703,Slovakia,12,Tobacco products,2023,,Insufficient data,False,0.125,16,True,False,,,,0.0,,,,,,,,,,,,-12.23558,
703,Slovakia,13,Textiles,2023,0.0227,Low,True,0.938,16,True,False,-0.03208,-0.13613,0.0425,1.0,0.8,-0.08714,0.03175,0.08836,0.06512,,0.05902,0.06594,0.48163,-0.01177,-0.01804,-4.42807,share_decline_5;log_emp_share_ctry;g_emp_1;wage_share
703,Slovakia,14,Wearing apparel,2023,0.1385,Elevated,True,0.938,16,True,False,-0.0682,-0.1463,0.03277,5.0,1.0,-0.12141,0.10073,0.16004,0.10486,,0.05879,0.1813,0.57375,-0.04789,-0.05882,-3.77157,share_decline_5;wage_share;g_emp_1;g_emp_1_rel_ctry
703,Slovakia,15,Leather and related products,2023,0.0653,Watch,True,0.938,16,True,False,-0.02031,-0.03391,0.05949,1.0,0.8,-0.04304,0.11181,0.05228,-0.27207,,0.10552,0.13486,0.66538,0.0,0.01547,-3.9588,share_decline_5;wage_share;g_emp_1;log_emp_share_ctry
703,Slovakia,16,"Wood products, excluding furniture",2023,0.0517,Watch,True,0.938,16,True,False,-0.051,-0.02769,0.03293,1.0,0.6,-0.02522,-0.15021,0.07117,-0.10356,,0.0464,-0.10454,0.41351,-0.03069,-0.02551,-3.40664,g_emp_1;share_decline_5;g_emp_1_rel_ctry;g_va_3
703,Slovakia,17,Paper and paper products,2023,0.0517,Watch,True,0.938,16,True,False,-0.01923,0.01787,0.01394,1.0,0.2,0.00423,-0.28176,0.09462,-0.12918,,0.10213,-0.26768,0.46491,0.00108,-0.03468,-4.03419,log_emp_share_ctry;g_emp_1;g_va_3;wage_share
703,Slovakia,18,Printing and reproduction of recorded media,2023,0.0227,Low,True,0.938,16,True,False,-0.04044,-0.05891,0.02174,5.0,1.0,-0.05466,-0.02862,0.04664,-0.01373,,0.04502,0.01231,0.5227,-0.02013,-0.02375,-4.62028,share_decline_5;log_emp_share_ctry;wage_share;g_emp_1
703,Slovakia,20,Chemicals and chemical products,2023,0.0227,Low,True,0.938,16,True,False,-0.00978,0.01655,0.02776,1.0,0.6,-0.00264,-0.42887,-0.05387,-0.26829,,0.06714,-0.42323,0.55574,0.01053,-0.01797,-3.96697,wage_share;share_decline_5;log_emp_share_ctry;g_emp_1
703,Slovakia,22,Rubber and plastics products,2023,0.0366,Low,True,0.938,16,True,False,-0.04,-0.1034,0.01974,4.0,0.8,-0.07859,0.02898,0.08445,-0.0047,,0.09108,0.07185,0.41184,-0.01969,-0.04854,-2.61741,share_decline_5;g_emp_1;g_emp_1_rel_ctry;g_va_3
703,Slovakia,23,Other non-metallic mineral products,2023,0.0653,Watch,True,0.938,16,True,False,-0.048,-0.01844,0.04199,1.0,0.6,-0.02562,-0.01914,0.22986,-0.01813,,0.08409,0.03032,0.41487,-0.02769,-0.04201,-3.26045,g_emp_1;share_decline_5;g_emp_1_rel_ctry;g_out_1
703,Slovakia,24,Basic metals,2023,0.0366,Low,True,0.938,16,True,False,-0.04749,-0.08604,0.02322,3.0,0.6,-0.05849,-0.55112,-0.03416,-0.20129,,-0.02277,-0.52874,0.63761,-0.02718,-0.05332,-2.92802,wage_share;g_emp_1;share_decline_5;g_wages_1
703,Slovakia,25,"Fabricated metal products, except machinery",2023,0.0227,Low,True,0.938,16,True,False,-0.01529,0.00589,0.03765,1.0,0.8,-0.01863,0.12902,0.3532,0.05515,,0.10433,0.14656,0.37333,0.00502,-0.02858,-2.15037,share_decline_5;g_emp_1;g_emp_1_rel_ctry;g_out_1
703,Slovakia,26,"Computer, electronic and optical products",2023,0.0653,Watch,True,0.938,16,True,False,-0.04583,-0.16166,0.06206,1.0,0.8,-0.10893,0.08217,-0.22281,-0.13426,,0.09723,0.13415,0.53047,-0.02552,-0.06399,-3.62553,share_decline_5;wage_share;g_emp_1;g_va_3
703,Slovakia,27,Electrical equipment,2023,0.0227,Low,True,0.938,16,True,False,0.03821,0.10335,0.0432,0.0,0.6,0.04128,0.08362,0.34922,0.26112,,0.16863,0.04374,0.55956,0.05852,0.01734,-2.44196,wage_share;share_decline_5;g_prod_1;g_va_1
703,Slovakia,28,Machinery and equipment n.e.c.,2023,0.0366,Low,True,0.938,16,True,False,-0.03341,0.02493,0.03151,1.0,0.6,-0.00778,0.00661,0.17475,0.01374,,0.07735,0.04141,0.57345,-0.0131,-0.04477,-2.2427,wage_share;g_emp_1;share_decline_5;g_emp_1_rel_ctry
703,Slovakia,29,"Motor vehicles, trailers and semi-trailers",2023,0.0177,Low,True,0.938,16,True,False,0.01009,-0.03126,0.0203,0.0,0.6,-0.02251,0.11532,0.4224,0.17125,,0.17343,0.10418,0.39365,0.0304,-0.00115,-1.69284,share_decline_5;g_emp_3;g_out_1;g_va_1
703,Slovakia,30,Other transport equipment,2023,0.0227,Low,True,0.938,16,True,False,0.01617,0.13163,0.0387,0.0,0.0,0.08196,0.38031,0.59531,0.20955,,0.17112,0.35835,0.43427,0.03648,-0.03417,-4.48389,log_emp_share_ctry;g_out_1
703,Slovakia,31,Furniture,2023,0.1772,Elevated,True,0.938,16,True,False,-0.11345,-0.18618,0.02822,5.0,1.0,-0.16325,-0.13381,-0.09216,-0.109,,0.00304,-0.02296,0.70872,-0.09314,-0.08237,-3.78185,share_decline_5;wage_share;g_emp_1;g_emp_1_rel_ctry
703,Slovakia,32,Other manufacturing,2023,0.0177,Low,True,0.938,16,True,False,0.00439,0.01084,0.02573,0.0,0.4,0.01098,0.05276,0.26645,0.07592,,0.12516,0.04816,0.47734,0.0247,-0.01302,-4.06242,log_emp_share_ctry;wage_share;g_emp_1;g_out_1
703,Slovakia,33,Repair and installation of machinery/equipment,2023,0.0227,Low,True,0.938,16,True,False,0.00834,-0.02576,0.05633,0.0,0.66667,-0.04817,0.15022,0.25208,0.1663,,0.15168,0.14071,0.49254,0.02865,-0.01227,-3.67907,share_decline_5;wage_share;log_emp_share_ctry;emp_dev5
704,Viet Nam,10,Food products,2023,0.0,Low,True,0.875,16,True,False,0.00079,0.05056,0.01468,0.0,0.4,0.02592,0.03388,0.3186,,,-0.0042,0.03306,0.26153,-0.0084,-0.01313,-2.5974,g_wages_1;g_emp_1_rel_ctry;g_emp_1;g_va_1
704,Viet Nam,11,Beverages,2023,0.0366,Low,True,0.875,16,True,False,0.02361,-0.01418,0.05489,0.0,0.6,-0.00268,-0.09585,0.17,,,0.12627,-0.11671,0.23728,0.01442,0.0006,-5.06705,log_emp_share_ctry;share_decline_5;g_va_3;g_va_1
704,Viet Nam,12,Tobacco products,2023,0.0366,Low,True,0.875,16,True,False,0.00073,-0.05269,0.0404,0.0,0.6,-0.03536,-0.02166,0.25596,,,0.00211,-0.02238,0.28266,-0.00846,-0.00508,-6.67358,log_emp_share_ctry;share_decline_5;g_wages_1;g_emp_1_rel_ctry
704,Viet Nam,13,Textiles,2023,0.0177,Low,True,0.875,16,True,False,0.02867,-0.04143,0.03527,0.0,0.4,-0.0004,-0.06337,0.17829,,,-0.01575,-0.08947,0.42704,0.01948,0.04271,-3.17269,g_wages_1;g_va_3;g_prod_1;g_va_1
704,Viet Nam,14,Wearing apparel,2023,0.117,Elevated,True,0.875,16,True,False,-0.06147,-0.03289,0.04862,1.0,0.4,-0.05884,-0.10986,0.13645,,,-0.07426,-0.05156,1.08077,-0.07066,-0.05209,-1.68575,wage_share;g_emp_1;g_emp_1_rel_ctry;g_wages_1
704,Viet Nam,15,Leather and related products,2023,0.117,Elevated,True,0.875,16,True,False,-0.05822,0.00899,0.0492,1.0,0.4,-0.0293,-0.14115,0.17644,,,-0.07312,-0.08805,1.07964,-0.06742,-0.02245,-1.76207,wage_share;g_emp_1;g_emp_1_rel_ctry;g_wages_1
704,Viet Nam,16,"Wood products, excluding furniture",2023,0.0177,Low,True,0.875,16,True,False,0.02686,-0.00586,0.04605,0.0,0.4,-0.0063,-0.09875,0.29736,,,-0.07534,-0.12232,0.22733,0.01767,0.05235,-3.95472,g_wages_1;log_emp_share_ctry;g_va_1;g_prod_1
704,Viet Nam,17,Paper and paper products,2023,0.0026,Low,True,0.875,16,True,False,0.04363,0.04639,0.03739,0.0,0.2,0.04792,-0.01873,0.17927,,,0.03869,-0.05975,0.35148,0.03444,0.02818,-3.93867,log_emp_share_ctry;g_wages_1;g_va_3;g_prod_1
704,Viet Nam,18,Printing and reproduction of recorded media,2023,0.0227,Low,True,0.875,16,True,False,0.00882,-0.05877,0.04126,0.0,0.6,-0.04067,-0.06916,0.04253,,,-0.03247,-0.07729,0.43374,-0.00037,0.02551,-4.63039,log_emp_share_ctry;share_decline_5;g_wages_1;g_va_3
704,Viet Nam,19,Coke and refined petroleum products,2023,0.1772,Elevated,True,0.875,16,True,False,-0.16118,-0.27638,0.11719,2.0,0.6,-0.21841,-0.17689,0.94335,,,-0.05615,-0.01873,0.01509,-0.17037,-0.16456,-7.22575,log_emp_share_ctry;g_emp_1;g_emp_1_rel_ctry;share_decline_5
704,Viet Nam,20,Chemicals and chemical products,2023,0.0227,Low,True,0.875,16,True,False,0.00418,0.06591,0.04819,0.0,0.4,0.05191,-0.07268,0.44653,,,0.01938,-0.07654,0.25567,-0.00501,-0.00402,-3.89965,log_emp_share_ctry;g_wages_1;g_emp_1_rel_ctry;g_va_1
704,Viet Nam,21,"Pharmaceuticals,medicinal chemicals, etc.",2023,0.0075,Low,True,0.875,16,True,False,0.00812,0.05355,0.03007,0.0,0.4,0.04359,-0.00911,0.18745,,,-0.01445,-0.01709,0.42442,-0.00108,-0.01598,-4.88818,log_emp_share_ctry;g_wages_1;g_emp_1_rel_ctry;g_va_3
704,Viet Nam,22,Rubber and plastics products,2023,0.0227,Low,True,0.875,16,True,False,0.04115,0.10265,0.01031,0.0,0.0,0.07073,-0.03517,0.30628,,,0.00577,-0.0733,0.42918,0.03196,0.03261,-2.95342,g_wages_1;g_prod_1;g_va_1
704,Viet Nam,23,Other non-metallic mineral products,2023,0.0227,Low,True,0.875,16,True,False,-0.04499,-0.06778,0.02732,1.0,0.8,-0.04703,-0.0562,0.09851,,,-0.0474,-0.01173,0.27006,-0.05418,-0.039,-3.42357,share_decline_5;g_emp_1;g_emp_1_rel_ctry;g_wages_1
704,Viet Nam,24,Basic metals,2023,0.0177,Low,True,0.875,16,True,False,0.00956,0.03516,0.03851,0.0,0.2,0.03285,-0.15136,0.17553,,,0.00468,-0.1594,0.12312,0.00037,0.00373,-4.11624,log_emp_share_ctry;g_wages_1;g_emp_1_rel_ctry;g_va_3
704,Viet Nam,25,"Fabricated metal products, except machinery",2023,0.0177,Low,True,0.875,16,True,False,0.03208,0.09795,0.02825,0.0,0.2,0.05132,-0.08193,0.36752,,,0.0446,-0.11047,0.40137,0.02289,0.01879,-2.92961,g_wages_1;g_prod_1;g_va_1
704,Viet Nam,26,"Computer, electronic and optical products",2023,0.0,Low,True,0.875,16,True,False,0.02111,0.0026,0.05066,0.0,0.2,0.02395,-0.03826,0.15113,,,-0.01136,-0.05815,0.20997,0.01192,0.00295,-2.19009,g_wages_1;g_va_3;g_va_1;g_prod_1
704,Viet Nam,27,Electrical equipment,2023,0.0177,Low,True,0.875,16,True,False,0.09328,0.10069,0.05747,0.0,0.2,0.08087,0.07543,0.5852,,,0.0696,-0.01633,0.27815,0.08409,0.07242,-3.36979,g_prod_1;g_wages_1;g_va_1
704,Viet Nam,28,Machinery and equipment n.e.c.,2023,0.0653,Watch,True,0.875,16,True,False,-0.06055,-0.06484,0.09122,2.0,0.4,-0.01856,-0.11998,0.1724,,,-0.11868,-0.06326,0.40409,-0.06974,-0.07191,-4.36233,g_emp_1;log_emp_share_ctry;g_wages_1;g_emp_1_rel_ctry
704,Viet Nam,29,"Motor vehicles, trailers and semi-trailers",2023,0.0,Low,True,0.875,16,True,False,0.08354,0.23985,0.03756,0.0,0.2,0.13233,-0.00983,0.26653,,,0.12256,-0.08616,0.3959,0.07434,0.0723,-3.70373,log_emp_share_ctry;g_prod_1;g_va_1;g_va_3
704,Viet Nam,30,Other transport equipment,2023,0.0653,Watch,True,0.875,16,True,False,-0.10475,-0.13521,0.03866,1.0,0.8,-0.11548,-0.14919,0.06136,,,-0.10193,-0.04964,0.34564,-0.11394,-0.15509,-4.4293,share_decline_5;g_emp_1;g_emp_1_rel_ctry;log_emp_share_ctry
704,Viet Nam,31,Furniture,2023,0.0227,Low,True,0.875,16,True,False,-0.01818,-0.17286,0.09617,3.0,0.6,-0.07044,-0.14939,-0.0344,,,-0.11918,-0.13364,0.50245,-0.02737,0.0129,-3.0146,g_wages_1;wage_share;share_decline_5;g_emp_1
704,Viet Nam,32,Other manufacturing,2023,0.0366,Low,True,0.875,16,True,False,0.03911,0.11204,0.07055,0.0,0.2,0.06726,-0.05331,0.36561,,,0.05045,-0.08894,0.54748,0.02992,0.0217,-3.35846,wage_share;g_wages_1;g_prod_1;g_va_1
704,Viet Nam,33,Repair and installation of machinery/equipment,2023,0.117,Elevated,True,0.875,16,True,False,0.13044,0.28779,0.11555,0.0,0.2,0.11845,0.15774,0.47996,,,0.14842,0.02415,0.46625,0.12125,0.10983,-4.79874,log_emp_share_ctry;vol_emp_5;wage_share;g_prod_1
705,Slovenia,10,Food products,2023,0.0227,Low,True,0.938,16,True,False,0.01354,0.07298,0.01544,0.0,0.2,0.03983,-0.01402,0.14402,0.09762,,0.14268,-0.0272,0.6128,0.0289,-0.00038,-2.55079,wage_share;g_va_3;g_va_1;g_prod_1
705,Slovenia,11,Beverages,2023,,Insufficient data,False,0.438,16,True,False,,,,0.0,0.5,,-0.03219,0.15666,0.0605,,0.1175,,0.49235,,,,
705,Slovenia,13,Textiles,2023,0.0366,Low,True,0.938,16,True,False,-0.02751,-0.00207,0.03293,1.0,0.6,-0.02615,0.15948,0.20061,0.07891,,0.16851,0.19228,0.54093,-0.01215,-0.01346,-4.27876,wage_share;log_emp_share_ctry;g_emp_1;share_decline_5
705,Slovenia,14,Wearing apparel,2023,0.2136,High,True,0.625,16,True,False,0.02616,-0.07106,0.04773,0.0,0.8,-0.04789,,,,,,,0.53868,0.04152,0.03554,-4.66967,share_decline_5;log_emp_share_ctry;wage_share;g_emp_3
705,Slovenia,15,Leather and related products,2023,,Insufficient data,False,0.562,16,True,False,-0.10781,-0.32585,0.06571,5.0,1.0,-0.28923,,,,,,,,-0.09245,-0.07203,-4.77158,
705,Slovenia,16,"Wood products, excluding furniture",2023,0.0517,Watch,True,0.938,16,True,False,-0.01536,0.05988,0.02243,1.0,0.2,0.03017,-0.07433,0.27022,-0.0909,,0.09042,-0.05989,0.53695,0.0,0.01013,-3.24609,wage_share;g_emp_1;g_emp_1_rel_ctry;g_va_1
705,Slovenia,17,Paper and paper products,2023,0.1772,Elevated,True,0.938,16,True,False,-0.05548,-0.0506,0.02547,1.0,0.6,-0.04234,-0.14253,-0.07655,-0.16593,,0.04561,-0.09216,0.59209,-0.04012,-0.07093,-3.90281,wage_share;g_emp_1;share_decline_5;g_emp_1_rel_ctry
705,Slovenia,18,Printing and reproduction of recorded media,2023,0.1385,Elevated,True,0.875,16,True,False,0.01725,0.03767,0.01977,0.0,0.2,0.01673,-0.01732,,0.01835,,0.122,-0.03398,0.54022,0.03261,0.03394,-4.01499,wage_share;log_emp_share_ctry;g_va_1;g_prod_1
705,Slovenia,20,Chemicals and chemical products,2023,0.0227,Low,True,0.938,16,True,False,0.00575,0.05684,0.01005,0.0,0.0,0.02947,-0.29534,-0.15558,-0.12499,,0.13386,-0.29937,0.64589,0.02111,-0.00244,-3.3985,wage_share;g_va_3;g_va_1;g_prod_1
705,Slovenia,21,"Pharmaceuticals,medicinal chemicals, etc.",2023,,Insufficient data,False,0.188,16,True,False,,,,0.0,,,,,,,,,0.43645,,,-2.78628,
705,Slovenia,22,Rubber and plastics products,2023,0.0653,Watch,True,0.938,16,True,False,-0.017,0.01825,0.02487,2.0,0.8,-0.00588,0.033,0.17125,-0.01133,,0.1224,0.05087,0.57629,-0.00165,-0.02554,-2.57693,share_decline_5;wage_share;g_emp_1;g_emp_1_rel_ctry
705,Slovenia,23,Other non-metallic mineral products,2023,0.038,Low,True,0.938,16,True,False,-0.02564,0.05524,0.04356,1.0,0.6,0.00554,0.06289,0.28034,0.02397,,0.12917,0.09087,0.49268,-0.01029,-0.01966,-3.42048,share_decline_5;g_emp_1;wage_share;g_emp_1_rel_ctry
705,Slovenia,24,Basic metals,2023,0.1385,Elevated,True,0.938,16,True,False,-0.02716,0.07952,0.09284,2.0,0.6,-0.01188,-0.30411,0.12063,-0.1667,,0.06932,-0.28469,0.68722,-0.0118,-0.03299,-2.97185,wage_share;share_decline_5;g_emp_1;g_emp_1_rel_ctry
705,Slovenia,25,"Fabricated metal products, except machinery",2023,0.0227,Low,True,0.938,16,True,False,0.02991,0.14174,0.03063,0.0,0.2,0.07076,0.00739,0.32612,0.01864,,0.13802,-0.02186,0.60628,0.04527,0.01662,-1.75716,wage_share;g_out_1;g_prod_1;g_va_1
705,Slovenia,26,"Computer, electronic and optical products",2023,,Insufficient data,False,0.562,16,True,False,-0.08835,0.10201,0.07688,1.0,0.4,0.00809,,,,,,,,-0.07299,-0.10651,-3.55387,
705,Slovenia,27,Electrical equipment,2023,0.0366,Low,True,0.938,16,True,False,-0.01637,0.03668,0.04993,1.0,0.4,-0.0069,0.04265,0.16408,0.02654,,0.10529,0.06,0.60649,-0.00101,-0.03724,-2.21225,wage_share;g_emp_1;g_emp_1_rel_ctry;g_va_3
705,Slovenia,28,Machinery and equipment n.e.c.,2023,0.0227,Low,True,0.938,16,True,False,0.01667,0.08019,0.02851,0.0,0.2,0.0456,0.03945,0.34373,0.08619,,0.13859,0.02241,0.56181,0.03203,0.00531,-2.48407,wage_share;g_out_1;g_va_1;g_prod_1
705,Slovenia,29,"Motor vehicles, trailers and semi-trailers",2023,0.0227,Low,True,0.938,16,True,False,-0.00198,-0.07428,0.04937,4.0,0.8,-0.04353,0.22436,0.25609,0.0845,,0.12961,0.22679,0.5344,0.01338,-0.01321,-2.59169,share_decline_5;wage_share;g_emp_1;g_emp_3
705,Slovenia,30,Other transport equipment,2023,,Insufficient data,False,0.188,16,True,False,,,,0.0,,,,0.35582,,,,,0.65287,,,,
705,Slovenia,31,Furniture,2023,0.1385,Elevated,True,0.938,16,True,False,-0.12849,-0.09315,0.05577,1.0,0.6,-0.10137,-0.00451,0.06443,-0.07062,,-0.03099,0.14226,0.61817,-0.11313,-0.09741,-3.78688,g_emp_1;wage_share;g_emp_1_rel_ctry;share_decline_5
705,Slovenia,32,Other manufacturing,2023,0.0517,Watch,True,0.938,16,True,False,0.02384,-0.05405,0.04601,0.0,0.4,-0.01789,-0.11098,0.25011,0.01596,,0.17918,-0.13168,0.62311,0.0392,0.00643,-3.91641,wage_share;log_emp_share_ctry;g_va_1;g_prod_1
705,Slovenia,33,Repair and installation of machinery/equipment,2023,0.0227,Low,True,0.938,16,True,False,0.02672,0.06667,0.01968,0.0,0.2,0.04212,0.12737,0.20947,0.11952,,0.14851,0.09803,0.64137,0.04208,0.00611,-3.06483,wage_share;g_va_3;g_out_1;g_prod_1
724,Spain,10,Food products,2023,0.0177,Low,True,0.938,16,True,False,0.01574,0.09343,0.01702,0.0,0.0,0.04925,0.23843,0.24365,0.09223,,0.10165,0.21923,0.44194,-0.0006,0.00183,-1.5838,g_emp_1_rel_ctry;g_va_3;g_out_1
724,Spain,11,Beverages,2023,0.0,Low,True,0.938,16,True,False,0.03254,0.07776,0.02268,0.0,0.2,0.04297,0.10729,0.28371,0.10076,,0.11543,0.07239,0.37012,0.0162,0.00953,-3.53135,g_out_1;g_prod_1;g_va_1;g_va_3
724,Spain,12,Tobacco products,2023,,Insufficient data,False,0.75,16,True,False,-0.03461,,,1.0,0.5,-0.02277,0.11778,,0.11641,,-0.04462,0.15785,0.2434,-0.05096,-0.04042,-7.1983,
724,Spain,13,Textiles,2023,0.0227,Low,True,0.938,16,True,False,-0.0152,0.00066,0.05164,2.0,0.6,-0.02312,0.16188,0.18767,-0.00294,,0.05437,0.17981,0.52717,-0.03154,-0.00116,-3.88428,wage_share;share_decline_5;g_emp_1_rel_ctry;g_emp_1
724,Spain,14,Wearing apparel,2023,0.0366,Low,True,0.938,16,True,False,-0.00292,-0.09607,0.02528,5.0,1.0,-0.06831,0.03441,0.092,-0.16555,,0.0817,0.03744,0.59847,-0.01927,0.00645,-4.23587,share_decline_5;wage_share;log_emp_share_ctry;g_emp_1_rel_ctry
724,Spain,15,Leather and related products,2023,,Insufficient data,False,0.5,16,True,False,,0.19411,0.07197,0.0,0.66667,0.08538,,0.35651,,,,,0.5841,,,-3.99659,
724,Spain,16,"Wood products, excluding furniture",2023,0.0227,Low,True,0.938,16,True,False,-0.00443,0.04587,0.02313,2.0,0.6,0.01299,0.03786,0.39211,-0.04622,,0.06286,0.04247,0.45137,-0.02077,0.02106,-3.72933,share_decline_5;g_emp_1_rel_ctry;g_emp_1;log_emp_share_ctry
724,Spain,17,Paper and paper products,2023,0.0177,Low,True,0.938,16,True,False,0.00617,0.08302,0.01601,0.0,0.2,0.04077,0.16171,0.26838,-0.10509,,0.07629,0.15459,0.37395,-0.01018,-0.00928,-3.72564,g_emp_1_rel_ctry;log_emp_share_ctry;g_out_1;g_va_3
724,Spain,18,Printing and reproduction of recorded media,2023,0.0227,Low,True,0.938,16,True,False,-0.00655,-0.09101,0.04993,2.0,0.6,-0.07244,0.12471,0.16258,-0.00356,,0.0609,0.13213,0.5448,-0.0229,0.01014,-3.78576,wage_share;share_decline_5;g_emp_1_rel_ctry;g_emp_1
724,Spain,19,Coke and refined petroleum products,2023,,Insufficient data,False,0.25,16,True,False,,,,0.0,,-0.1195,,,,,,,0.1645,,,-5.4736,
724,Spain,20,Chemicals and chemical products,2023,0.0227,Low,True,0.938,16,True,False,0.01694,0.07049,0.01766,0.0,0.2,0.03619,0.03072,0.07941,-0.12013,,0.07373,0.01354,0.40842,0.0006,0.00874,-2.99023,g_va_3;g_emp_1_rel_ctry;g_out_1;g_va_1
724,Spain,21,"Pharmaceuticals,medicinal chemicals, etc.",2023,0.0227,Low,True,0.938,16,True,False,0.08433,0.15601,0.02605,0.0,0.0,0.10787,0.1343,0.10136,-0.10774,,0.16778,0.04608,0.39461,0.06799,0.06024,-3.55273,g_va_3;g_out_1;g_prod_1;g_va_1
724,Spain,22,Rubber and plastics products,2023,0.0227,Low,True,0.938,16,True,False,-0.03778,0.02948,0.03903,2.0,0.6,-0.01012,0.06931,0.15218,-0.06904,,0.04311,0.11129,0.44477,-0.05412,-0.04632,-3.01115,g_emp_1;g_emp_1_rel_ctry;share_decline_5;g_wages_1
724,Spain,23,Other non-metallic mineral products,2023,0.0227,Low,True,0.938,16,True,False,-0.00573,0.05657,0.03403,2.0,0.6,0.0146,0.21002,0.38256,-0.00571,,0.06412,0.21699,0.35071,-0.02207,0.00026,-2.99569,share_decline_5;g_emp_1_rel_ctry;g_emp_1;g_wages_1
724,Spain,24,Basic metals,2023,0.0227,Low,True,0.938,16,True,False,-0.00021,0.05152,0.02924,2.0,0.6,0.01187,-0.05027,0.36971,-0.16128,,0.05006,-0.05007,0.44297,-0.01655,-0.00604,-3.50195,share_decline_5;g_emp_1_rel_ctry;g_emp_1;g_wages_1
724,Spain,25,"Fabricated metal products, except machinery",2023,0.0177,Low,True,0.938,16,True,False,0.0141,0.03961,0.01239,0.0,0.2,0.01892,0.1118,0.28356,0.0031,,0.09361,0.09634,0.51876,-0.00224,0.00081,-2.13082,wage_share;g_emp_1_rel_ctry;g_out_1;g_va_1
724,Spain,26,"Computer, electronic and optical products",2023,0.0177,Low,True,0.938,16,True,False,0.04763,0.12731,0.04073,0.0,0.2,0.06499,0.16774,0.30397,0.14063,,0.128,0.11466,0.54183,0.03128,0.02946,-4.14392,wage_share;log_emp_share_ctry;g_out_1;g_prod_1
724,Spain,27,Electrical equipment,2023,0.0227,Low,True,0.938,16,True,False,0.0694,0.13969,0.03905,0.0,0.2,0.07227,0.28981,0.36548,0.13407,,0.16693,0.2061,0.50966,0.05306,0.04853,-3.2776,wage_share;g_out_1
724,Spain,28,Machinery and equipment n.e.c.,2023,0.0177,Low,True,0.938,16,True,False,0.03279,0.04855,0.02147,0.0,0.2,0.0309,0.18027,0.21122,0.11448,,0.14723,0.1428,0.54863,0.01645,0.02143,-2.82827,wage_share;g_va_3;g_out_1
724,Spain,29,"Motor vehicles, trailers and semi-trailers",2023,0.0177,Low,True,0.938,16,True,False,0.02216,-0.02011,0.01623,0.0,0.8,-0.00597,0.20208,0.26819,0.21525,,0.10373,0.17602,0.43547,0.00582,0.01092,-2.57843,share_decline_5;g_emp_1_rel_ctry;g_emp_3;g_out_1
724,Spain,30,Other transport equipment,2023,0.0177,Low,True,0.938,16,True,False,0.10805,0.12046,0.04539,0.0,0.4,0.09489,0.20271,0.26722,0.21539,,0.16044,0.08542,0.49577,0.09171,0.05772,-3.60743,wage_share;g_out_1;g_va_3;g_prod_1
724,Spain,31,Furniture,2023,0.0177,Low,True,0.938,16,True,False,0.02107,0.0552,0.02926,0.0,0.4,0.02732,0.20269,0.30644,0.06436,,0.1042,0.17787,0.54447,0.00473,0.05215,-3.59546,wage_share;g_emp_1_rel_ctry;g_out_1
724,Spain,32,Other manufacturing,2023,0.0,Low,True,0.938,16,True,False,0.03609,0.06619,0.01555,0.0,0.2,0.03877,0.07037,0.31748,0.07481,,0.10067,0.03308,0.5205,0.01975,0.01868,-4.01439,wage_share;log_emp_share_ctry;g_out_1;g_prod_1
724,Spain,33,Repair and installation of machinery/equipment,2023,0.0177,Low,True,0.938,16,True,False,0.03834,0.08474,0.01411,0.0,0.0,0.05144,0.13812,0.28982,0.15279,,0.13452,0.0961,0.59306,0.02199,0.01773,-3.03359,wage_share;g_out_1;g_prod_1;g_va_1
752,Sweden,10,Food products,2023,0.0227,Low,True,0.938,16,True,False,-0.00244,0.18881,0.0887,1.0,0.6,0.04651,0.04918,-0.04088,0.00634,,-0.01553,0.05174,0.46961,-0.01758,-0.01636,-2.46206,share_decline_5;g_wages_1;g_emp_1_rel_ctry;g_va_3
752,Sweden,11,Beverages,2023,0.0653,Watch,True,0.938,16,True,False,0.05002,0.36906,0.10225,0.0,0.2,0.15287,0.02331,-0.27942,0.07647,,0.00453,-0.02544,0.46858,0.03488,0.027,-4.50198,log_emp_share_ctry;g_va_3;g_wages_1;wage_share
752,Sweden,12,Tobacco products,2023,0.0653,Watch,True,0.938,16,True,False,0.10884,0.14092,0.07097,0.0,0.5,0.07303,0.03014,-0.02005,-0.00895,,0.06944,-0.07098,0.21656,0.0937,0.10303,-5.5033,log_emp_share_ctry;g_va_3;g_prod_1;g_out_1
752,Sweden,13,Textiles,2023,0.0177,Low,True,0.938,16,True,False,0.01291,0.09952,0.03578,0.0,0.4,0.04196,-0.0193,0.01845,-0.01231,,0.00544,-0.0318,0.46194,-0.00223,0.02695,-4.86501,log_emp_share_ctry;g_wages_1;g_va_3;g_emp_1_rel_ctry
752,Sweden,14,Wearing apparel,2023,,Insufficient data,False,0.75,16,True,False,-0.01187,,,1.0,0.5,0.02462,-0.10087,,0.00529,,-0.01764,-0.09007,0.49127,-0.02701,-0.0025,-6.24463,
752,Sweden,15,Leather and related products,2023,,Insufficient data,False,0.812,16,True,False,-0.04755,,0.05875,1.0,0.33333,-0.01502,-0.00639,,0.04169,,-0.02296,0.04321,0.48974,-0.06269,-0.01178,-6.81135,
752,Sweden,16,"Wood products, excluding furniture",2023,0.0366,Low,True,0.938,16,True,False,-0.07255,-0.01787,0.04883,1.0,0.6,-0.05281,-0.32877,-0.1135,-0.20412,,-0.0785,-0.27627,0.46092,-0.08769,-0.04706,-2.99779,g_emp_1;g_emp_1_rel_ctry;g_wages_1;share_decline_5
752,Sweden,17,Paper and paper products,2023,0.0177,Low,True,0.938,16,True,False,0.01988,0.09017,0.02093,0.0,0.2,0.05056,-0.40014,-0.0207,-0.14729,,0.00946,-0.41184,0.3783,0.00474,0.00443,-2.90284,g_wages_1;g_va_3;g_va_1;g_prod_1
752,Sweden,18,Printing and reproduction of recorded media,2023,0.0653,Watch,True,0.938,16,True,False,-0.09179,-0.00658,0.09055,1.0,0.6,-0.07126,-0.10544,-0.10248,-0.11643,,-0.09957,-0.01503,0.5333,-0.10694,-0.07511,-4.37593,g_emp_1;g_emp_1_rel_ctry;log_emp_share_ctry;wage_share
752,Sweden,19,Coke and refined petroleum products,2023,0.0653,Watch,True,0.938,16,True,False,0.04473,0.15852,0.05454,0.0,0.25,0.07705,-0.33991,1.76866,-0.19194,,0.02433,-0.36817,0.13219,0.02959,0.04135,-5.22704,log_emp_share_ctry;g_wages_1;g_prod_1;g_va_1
752,Sweden,20,Chemicals and chemical products,2023,0.0366,Low,True,0.938,16,True,False,0.02877,0.19961,0.10264,0.0,0.2,0.04805,-0.03146,0.10647,-0.05782,,-0.01458,-0.05854,0.31321,0.01363,0.02057,-3.38609,g_wages_1;g_va_3;vol_emp_5;g_out_1
752,Sweden,21,"Pharmaceuticals,medicinal chemicals, etc.",2023,0.0,Low,True,0.938,16,True,False,0.05119,0.1928,0.00892,0.0,0.0,0.08097,0.08651,0.25105,0.11069,,0.02742,0.0336,0.13899,0.03605,0.02709,-3.4962,g_wages_1;g_out_1;g_va_3;g_prod_1
752,Sweden,22,Rubber and plastics products,2023,0.0177,Low,True,0.938,16,True,False,0.01737,0.08776,0.04283,0.0,0.4,0.03569,0.03969,-0.05922,-0.06979,,-0.05227,0.02194,0.4392,0.00223,0.00883,-3.32679,g_wages_1;g_va_3;g_emp_1_rel_ctry;g_out_1
752,Sweden,23,Other non-metallic mineral products,2023,0.117,Elevated,True,0.938,16,True,False,-0.18252,-0.12183,0.10725,1.0,0.4,-0.14793,-0.21249,-0.2071,-0.22451,,-0.18533,-0.03666,0.46294,-0.19766,-0.17653,-3.68067,g_emp_1;g_emp_1_rel_ctry;g_wages_1;g_va_3
752,Sweden,24,Basic metals,2023,0.0177,Low,True,0.938,16,True,False,0.00636,-0.08129,0.05004,0.0,0.6,-0.03736,-0.26169,-0.07608,-0.06442,,-0.00531,-0.26635,0.3739,-0.00878,0.00053,-2.94847,share_decline_5;g_wages_1;g_va_3;g_emp_1_rel_ctry
752,Sweden,25,"Fabricated metal products, except machinery",2023,,Insufficient data,False,0.562,16,True,False,0.02699,0.20968,0.11286,0.0,0.2,0.0492,,,,,,,,0.01185,0.0137,-2.10391,
752,Sweden,26,"Computer, electronic and optical products",2023,,Insufficient data,False,0.562,16,True,False,0.01816,0.07755,0.03396,0.0,0.2,0.04731,,,,,,,,0.00302,0.0,-3.61227,
752,Sweden,27,Electrical equipment,2023,0.1385,Elevated,True,0.688,16,True,False,0.05671,0.3663,0.10401,0.0,0.2,0.13545,,0.25604,,,,,0.70371,0.04157,0.03584,-3.08298,wage_share;vol_emp_5;g_va_3
752,Sweden,28,Machinery and equipment n.e.c.,2023,0.0,Low,True,0.938,16,True,False,0.03255,0.1896,0.05126,0.0,0.4,0.08195,0.03355,0.28978,0.09646,,0.02825,0.00096,0.36526,0.01741,0.02119,-1.94005,g_wages_1;g_prod_1;g_out_1;g_va_1
752,Sweden,29,"Motor vehicles, trailers and semi-trailers",2023,0.0227,Low,True,0.938,16,True,False,0.00795,0.14508,0.06703,0.0,0.4,0.03995,0.25757,0.59529,0.23468,,0.05845,0.24764,0.38499,-0.00719,-0.00328,-1.94108,g_emp_1_rel_ctry;g_wages_1;g_out_1
752,Sweden,30,Other transport equipment,2023,0.0653,Watch,True,0.688,16,True,False,0.07312,0.25732,0.06631,0.0,0.4,0.13484,,0.33699,,,,,0.55143,0.05798,0.02278,-3.25427,wage_share
752,Sweden,31,Furniture,2023,0.0227,Low,True,0.938,16,True,False,-0.03775,0.04737,0.053,1.0,0.6,-0.00762,-0.06676,-0.0914,-0.08083,,-0.04215,-0.03015,0.54716,-0.05289,-0.00667,-3.80711,wage_share;g_emp_1;g_emp_1_rel_ctry;share_decline_5
752,Sweden,32,Other manufacturing,2023,0.1385,Elevated,True,0.938,16,True,False,-0.04158,-0.00604,0.02691,2.0,0.4,-0.01957,0.94007,1.2903,0.55018,,-0.02222,1.02424,0.13152,-0.05672,-0.05899,-4.10825,g_emp_1;log_emp_share_ctry;g_emp_1_rel_ctry;g_wages_1
752,Sweden,33,Repair and installation of machinery/equipment,2023,0.0653,Watch,True,0.938,16,True,False,-0.06406,0.07897,0.06173,1.0,0.6,0.00142,-0.04337,0.04789,0.0169,,-0.09121,0.0221,0.49721,-0.0792,-0.08467,-3.53583,g_emp_1;g_emp_1_rel_ctry;g_wages_1;share_decline_5
756,Switzerland,10,Food products,2023,,Insufficient data,False,0.125,16,True,False,,,,0.0,,,,,,,,,0.59642,,,,
756,Switzerland,11,Beverages,2023,,Insufficient data,False,0.375,16,True,False,,,,0.0,,,0.07113,0.04629,0.09546,,0.14608,,0.59082,,,,
756,Switzerland,12,Tobacco products,2023,,Insufficient data,False,0.062,16,True,False,,,,0.0,,,,,,,,,,,,,
756,Switzerland,13,Textiles,2023,,Insufficient data,False,0.375,16,True,False,,,,0.0,,,0.06371,0.05917,0.14945,,0.10165,,0.71357,,,,
756,Switzerland,14,Wearing apparel,2023,,Insufficient data,False,0.062,16,True,False,,,,0.0,,,,,,,,,,,,,
756,Switzerland,15,Leather and related products,2023,,Insufficient data,False,0.062,16,True,False,,,,0.0,,,,,,,,,,,,,
756,Switzerland,16,"Wood products, excluding furniture",2023,,Insufficient data,False,0.375,16,True,False,,,,0.0,,,0.06798,0.0311,0.00957,,0.08388,,0.6578,,,,
756,Switzerland,17,Paper and paper products,2023,,Insufficient data,False,0.375,16,True,False,,,,0.0,,,-0.10412,-0.02376,-0.09041,,0.0406,,0.63857,,,,
756,Switzerland,18,Printing and reproduction of recorded media,2023,,Insufficient data,False,0.25,16,True,False,,,,0.0,,,0.05828,-0.01085,0.02722,,,,,,,,
756,Switzerland,19,Coke and refined petroleum products,2023,,Insufficient data,False,0.062,16,True,False,,,,0.0,,,,,,,,,,,,,
756,Switzerland,20,Chemicals and chemical products,2023,,Insufficient data,False,0.375,16,True,False,,,,0.0,,,-0.21319,-0.0224,-0.03388,,0.03767,,0.39951,,,,
756,Switzerland,21,"Pharmaceuticals,medicinal chemicals, etc.",2023,,Insufficient data,False,0.375,16,True,False,,,,0.0,,,0.09189,0.32153,-0.00462,,0.14513,,0.20752,,,,
756,Switzerland,22,Rubber and plastics products,2023,,Insufficient data,False,0.375,16,True,False,,,,0.0,,,0.07087,0.10389,0.0147,,0.08968,,0.60875,,,,
756,Switzerland,23,Other non-metallic mineral products,2023,,Insufficient data,False,0.375,16,True,False,,,,0.0,,,0.04688,0.07666,0.08023,,0.07811,,0.58805,,,,
756,Switzerland,24,Basic metals,2023,,Insufficient data,False,0.375,16,True,False,,,,0.0,,,-0.1006,0.14494,-0.11076,,0.07415,,0.64447,,,,
756,Switzerland,25,"Fabricated metal products, except machinery",2023,,Insufficient data,False,0.062,16,True,False,,,,0.0,,,,,,,,,,,,,
756,Switzerland,26,"Computer, electronic and optical products",2023,,Insufficient data,False,0.062,16,True,False,,,,0.0,,,,,,,,,,,,,
756,Switzerland,27,Electrical equipment,2023,,Insufficient data,False,0.375,16,True,False,,,,0.0,,,0.08165,0.3445,0.09616,,0.14714,,0.54507,,,,
756,Switzerland,28,Machinery and equipment n.e.c.,2023,,Insufficient data,False,0.375,16,True,False,,,,0.0,,,0.07992,0.31179,0.06912,,0.11379,,0.61408,,,,
756,Switzerland,29,"Motor vehicles, trailers and semi-trailers",2023,,Insufficient data,False,0.062,16,True,False,,,,0.0,,,,,,,,,,,,,
756,Switzerland,30,Other transport equipment,2023,,Insufficient data,False,0.375,16,True,False,,,,0.0,,,0.30325,0.71731,0.18154,,0.22056,,0.585,,,,
756,Switzerland,31,Furniture,2023,,Insufficient data,False,0.375,16,True,False,,,,0.0,,,0.06755,0.0982,0.06515,,0.10293,,0.70965,,,,
756,Switzerland,32,Other manufacturing,2023,,Insufficient data,False,0.375,16,True,False,,,,0.0,,,0.09846,0.3453,0.08561,,0.13437,,0.47815,,,,
756,Switzerland,33,Repair and installation of machinery/equipment,2023,,Insufficient data,False,0.375,16,True,False,,,,0.0,,,0.11816,0.28881,0.16347,,0.08746,,0.68848,,,,
784,United Arab Emirates,10,Food products,2023,,Insufficient data,False,0.438,16,True,False,,,,0.0,,,0.13426,0.1391,0.18305,0.28884,0.08806,,0.38399,,,,
784,United Arab Emirates,11,Beverages,2023,,Insufficient data,False,0.438,16,True,False,,,,0.0,,,0.02635,0.28295,0.00653,0.20456,0.11283,,0.37441,,,,
784,United Arab Emirates,12,Tobacco products,2023,,Insufficient data,False,0.438,16,True,False,,,,0.0,,,0.02528,0.30636,0.34291,0.74803,0.07338,,0.13747,,,,
784,United Arab Emirates,13,Textiles,2023,,Insufficient data,False,0.438,16,True,False,,,,0.0,,,0.13659,0.26665,0.26104,0.42039,0.02642,,0.40396,,,,
784,United Arab Emirates,14,Wearing apparel,2023,,Insufficient data,False,0.438,16,True,False,,,,0.0,,,0.10373,-0.0853,0.08142,-0.12509,0.11352,,0.45361,,,,
784,United Arab Emirates,15,Leather and related products,2023,,Insufficient data,False,0.438,16,True,False,,,,0.0,,,0.13533,0.91873,0.02762,0.86726,0.20816,,0.64097,,,,
784,United Arab Emirates,16,"Wood products, excluding furniture",2023,,Insufficient data,False,0.438,16,True,False,,,,0.0,,,0.05801,0.39108,0.09169,0.33796,0.12981,,0.47641,,,,
784,United Arab Emirates,17,Paper and paper products,2023,,Insufficient data,False,0.438,16,True,False,,,,0.0,,,0.07625,1.51133,0.08343,1.20487,0.07989,,0.22078,,,,
784,United Arab Emirates,18,Printing and reproduction of recorded media,2023,,Insufficient data,False,0.438,16,True,False,,,,0.0,,,0.09488,0.12273,-0.05485,-0.12566,0.23931,,0.63355,,,,
784,United Arab Emirates,19,Coke and refined petroleum products,2023,,Insufficient data,False,0.438,16,True,False,,,,0.0,,,0.15079,2.01585,-0.15044,0.73464,0.23293,,0.3301,,,,
784,United Arab Emirates,20,Chemicals and chemical products,2023,,Insufficient data,False,0.438,16,True,False,,,,0.0,,,0.43671,0.78947,0.73636,1.14552,0.95883,,0.20749,,,,
784,United Arab Emirates,21,"Pharmaceuticals,medicinal chemicals, etc.",2023,,Insufficient data,False,0.438,16,True,False,,,,0.0,,,0.02642,0.63048,0.07734,0.65813,0.49665,,0.73816,,,,
784,United Arab Emirates,22,Rubber and plastics products,2023,,Insufficient data,False,0.438,16,True,False,,,,0.0,,,0.02165,0.14689,0.04321,0.12264,0.17734,,0.36009,,,,
784,United Arab Emirates,23,Other non-metallic mineral products,2023,,Insufficient data,False,0.438,16,True,False,,,,0.0,,,0.05632,0.21076,0.13925,0.24381,0.13683,,0.40274,,,,
784,United Arab Emirates,24,Basic metals,2023,,Insufficient data,False,0.438,16,True,False,,,,0.0,,,-0.20015,0.29444,-0.03839,0.33008,-0.02042,,0.23072,,,,
784,United Arab Emirates,25,"Fabricated metal products, except machinery",2023,,Insufficient data,False,0.438,16,True,False,,,,0.0,,,0.09586,0.36782,0.12235,0.29811,0.05624,,0.41259,,,,
784,United Arab Emirates,26,"Computer, electronic and optical products",2023,,Insufficient data,False,0.438,16,True,False,,,,0.0,,,-0.01926,0.1155,0.22357,0.17338,0.79896,,0.66921,,,,
784,United Arab Emirates,27,Electrical equipment,2023,,Insufficient data,False,0.438,16,True,False,,,,0.0,,,0.01648,-0.11614,0.16789,0.20001,0.08126,,0.31737,,,,
784,United Arab Emirates,28,Machinery and equipment n.e.c.,2023,,Insufficient data,False,0.438,16,True,False,,,,0.0,,,0.2944,-0.11388,0.44432,-0.15726,0.43957,,0.551,,,,
784,United Arab Emirates,29,"Motor vehicles, trailers and semi-trailers",2023,,Insufficient data,False,0.438,16,True,False,,,,0.0,,,0.02069,0.27764,0.39132,0.32173,0.24938,,0.32348,,,,
784,United Arab Emirates,30,Other transport equipment,2023,,Insufficient data,False,0.438,16,True,False,,,,0.0,,,0.04948,-0.1194,0.20306,-0.06868,-0.00041,,0.49671,,,,
784,United Arab Emirates,31,Furniture,2023,,Insufficient data,False,0.438,16,True,False,,,,0.0,,,0.04887,0.05972,0.06782,0.07422,0.00912,,0.52873,,,,
784,United Arab Emirates,32,Other manufacturing,2023,,Insufficient data,False,0.438,16,True,False,,,,0.0,,,-0.3959,-0.05229,0.8518,2.05682,0.00434,,0.34862,,,,
784,United Arab Emirates,33,Repair and installation of machinery/equipment,2023,,Insufficient data,False,0.438,16,True,False,,,,0.0,,,0.21617,0.372,0.21097,0.52926,0.20338,,0.54321,,,,
788,Tunisia,10,Food products,2023,0.0,Low,True,1.0,16,True,False,0.01876,0.05918,0.01448,0.0,0.2,0.03276,0.04933,0.04655,0.06721,0.07509,0.06905,0.03001,0.23224,0.0102,0.00484,-2.17494,g_va_3;g_out_3;g_emp_1_rel_ctry;g_wages_1
788,Tunisia,11,Beverages,2023,0.0177,Low,True,1.0,16,True,False,0.01445,0.02077,0.02102,0.0,0.4,0.00472,-0.00547,-0.00426,-0.00563,-0.00132,0.0482,-0.01963,0.20737,0.00588,-0.00857,-4.27683,log_emp_share_ctry;g_va_3;g_out_3;g_wages_1
788,Tunisia,12,Tobacco products,2023,0.1385,Elevated,True,1.0,16,True,False,-0.06667,-0.11017,0.02371,5.0,1.0,-0.09531,0.04913,0.18449,0.04913,0.18449,0.2786,0.12407,0.06336,-0.07523,-0.07248,-7.89977,log_emp_share_ctry;share_decline_5;g_emp_1;g_emp_1_rel_ctry
788,Tunisia,13,Textiles,2023,0.0177,Low,True,1.0,16,True,False,0.04027,0.14529,0.03664,0.0,0.2,0.08307,0.10916,0.22905,0.09418,0.21178,0.05547,0.06623,0.34342,0.0317,0.05431,-2.59642,g_wages_1;g_out_3;g_va_3;g_out_1
788,Tunisia,14,Wearing apparel,2023,0.0177,Low,True,1.0,16,True,False,0.00565,0.03235,0.03181,0.0,0.4,0.0174,0.05013,0.2771,0.05,0.2807,0.03417,0.04423,0.53221,-0.00291,0.01503,-1.45665,wage_share;g_wages_1;g_emp_1_rel_ctry;g_out_1
788,Tunisia,15,Leather and related products,2023,0.0227,Low,True,1.0,16,True,False,0.0303,0.16405,0.06971,0.0,0.6,0.07736,0.11131,0.46477,0.11164,0.46276,0.09127,0.07863,0.43572,0.02173,0.06607,-3.0233,share_decline_5;g_out_1;g_prod_1;g_va_1
788,Tunisia,16,"Wood products, excluding furniture",2023,0.0366,Low,True,1.0,16,True,False,0.00398,-0.06047,0.01784,0.0,0.8,-0.03859,-0.00151,0.06459,-0.00151,0.06459,0.01966,-0.00546,0.08986,-0.00459,0.02947,-5.23056,share_decline_5;log_emp_share_ctry;g_wages_1;g_va_3
788,Tunisia,17,Paper and paper products,2023,0.0227,Low,True,1.0,16,True,False,0.00977,0.07739,0.02009,0.0,0.0,0.04249,-0.0388,0.09806,-0.03896,0.09787,0.08345,-0.0481,0.38405,0.00121,-0.00568,-4.03414,log_emp_share_ctry;g_va_3;g_out_3;g_emp_1_rel_ctry
788,Tunisia,18,Printing and reproduction of recorded media,2023,0.0227,Low,True,1.0,16,True,False,-0.00313,0.00338,0.01826,1.0,0.8,-0.00693,0.0831,0.33065,0.08309,0.33063,0.05068,0.08651,0.23756,-0.0117,0.01356,-4.84487,share_decline_5;log_emp_share_ctry;g_emp_1_rel_ctry;g_emp_1
788,Tunisia,19,Coke and refined petroleum products,2023,0.0227,Low,True,1.0,16,True,False,-0.02381,0.14685,0.05807,1.0,0.2,0.08391,0.08697,-0.48223,-0.34606,0.64397,0.11661,0.11348,0.11892,-0.03237,-0.02719,-8.14701,log_emp_share_ctry;g_va_3;g_emp_1;g_emp_1_rel_ctry
788,Tunisia,20,Chemicals and chemical products,2023,0.038,Low,True,1.0,16,True,False,0.00064,0.04885,0.01366,0.0,0.0,0.02557,-0.2637,0.28849,-0.31962,0.39092,0.15972,-0.26417,0.35168,-0.00792,-0.00756,-3.8154,log_emp_share_ctry;g_emp_1_rel_ctry;g_va_1;g_prod_1
788,Tunisia,21,"Pharmaceuticals,medicinal chemicals, etc.",2023,0.0227,Low,True,1.0,16,True,False,0.02261,0.11864,0.01861,0.0,0.0,0.06654,0.04813,0.13897,0.04813,0.13819,0.09041,0.02495,0.34512,0.01405,-0.00148,-4.18307,log_emp_share_ctry;g_va_3;g_out_3;g_out_1
788,Tunisia,22,Rubber and plastics products,2023,0.0177,Low,True,1.0,16,True,False,0.02827,0.10816,0.05186,0.0,0.2,0.04536,0.07613,0.33051,0.07883,0.35653,0.09251,0.04655,0.33781,0.0197,0.01973,-3.1837,g_out_1;g_prod_1;g_va_1
788,Tunisia,23,Other non-metallic mineral products,2023,0.0227,Low,True,1.0,16,True,False,-0.03636,-0.02206,0.02748,2.0,0.8,-0.03606,-0.04967,0.09432,-0.0485,0.10111,0.03527,-0.0138,0.29795,-0.04493,-0.03038,-3.21513,share_decline_5;g_emp_1;g_emp_1_rel_ctry;g_wages_1
788,Tunisia,24,Basic metals,2023,0.0366,Low,True,1.0,16,True,False,0.06411,0.08012,0.03097,0.0,0.2,0.05591,-0.05224,0.63573,-0.05521,0.66716,0.09483,-0.10934,0.18279,0.05555,0.05828,-5.14429,log_emp_share_ctry;g_prod_1;g_va_1;g_out_1
788,Tunisia,25,"Fabricated metal products, except machinery",2023,0.0177,Low,True,1.0,16,True,False,0.01639,0.00078,0.02465,0.0,0.4,-0.0001,0.04287,0.25189,0.03815,0.24469,0.10097,0.02606,0.27311,0.00782,0.0031,-3.09837,g_emp_1_rel_ctry;g_out_3;g_out_1;g_va_1
788,Tunisia,26,"Computer, electronic and optical products",2023,0.0227,Low,True,1.0,16,True,False,0.01786,0.16947,0.03455,0.0,0.2,0.07783,0.14049,0.56263,0.14416,0.59245,0.11461,0.12048,0.5414,0.00929,-0.0003,-2.83225,wage_share;g_emp_1_rel_ctry;g_out_1;g_va_1
788,Tunisia,27,Electrical equipment,2023,0.0227,Low,True,1.0,16,True,False,0.01329,0.13422,0.02556,0.0,0.0,0.07194,0.20049,0.65314,0.20049,0.65314,0.12168,0.18475,0.38736,0.00472,-0.00758,-2.20354,g_emp_1_rel_ctry;g_out_1
788,Tunisia,28,Machinery and equipment n.e.c.,2023,0.0227,Low,True,1.0,16,True,False,-0.00625,0.09943,0.04892,1.0,0.4,0.02502,0.04479,0.28938,0.04479,0.28938,0.11985,0.05136,0.48544,-0.01482,-0.01761,-4.2078,log_emp_share_ctry;wage_share;g_emp_1_rel_ctry;g_emp_1
788,Tunisia,29,"Motor vehicles, trailers and semi-trailers",2023,0.0177,Low,True,1.0,16,True,False,0.11208,0.31371,0.05448,0.0,0.2,0.16989,0.19116,0.47709,0.19116,0.47709,0.23589,0.07111,0.40134,0.10352,0.10085,-2.49277,g_out_1;g_prod_1
788,Tunisia,30,Other transport equipment,2023,0.0366,Low,True,1.0,16,True,False,-0.02004,-0.01601,0.07588,1.0,0.6,-0.02952,0.14066,0.67329,0.14113,0.68235,0.10755,0.16398,0.4908,-0.0286,-0.07038,-4.47427,log_emp_share_ctry;share_decline_5;g_emp_1;wage_share
788,Tunisia,31,Furniture,2023,0.0278,Low,True,1.0,16,True,False,-0.03186,-0.08678,0.01273,5.0,1.0,-0.06943,0.0391,0.19011,0.0391,0.19011,0.03624,0.0733,0.22448,-0.04043,-0.00078,-4.184,share_decline_5;log_emp_share_ctry;g_emp_1;g_emp_1_rel_ctry
788,Tunisia,32,Other manufacturing,2023,0.0177,Low,True,1.0,16,True,False,0.00736,0.10578,0.03745,0.0,0.0,0.04445,0.09266,0.2464,0.09266,0.2464,0.04566,0.08468,0.31594,-0.00121,-0.01005,-4.35743,log_emp_share_ctry;g_emp_1_rel_ctry;g_wages_1;g_out_3
788,Tunisia,33,Repair and installation of machinery/equipment,2023,0.0227,Low,True,1.0,16,True,False,-0.02579,-0.11849,0.02407,5.0,1.0,-0.09058,0.03373,0.20432,0.0345,0.20497,-0.00207,0.06109,0.17339,-0.03435,-0.0464,-4.75541,share_decline_5;log_emp_share_ctry;g_emp_1;g_emp_1_rel_ctry
792,Türkiye,10,Food products,2023,0.1385,Elevated,True,1.0,16,True,False,0.00023,0.10371,0.02386,0.0,0.0,0.05671,0.26374,0.9206,0.12769,0.57421,0.52827,0.26345,0.35589,-0.02409,-0.01369,-2.15714,g_emp_1_rel_ctry;g_emp_1;g_out_1
792,Türkiye,11,Beverages,2023,0.2136,High,True,1.0,16,True,False,0.02089,0.09708,0.01926,0.0,0.4,0.04955,0.45535,0.93877,0.20834,0.67702,0.56394,0.42557,0.35823,-0.00343,-0.00212,-5.5302,log_emp_share_ctry;g_emp_1_rel_ctry;g_out_1
792,Türkiye,12,Tobacco products,2023,,Insufficient data,False,0.562,16,True,False,0.03585,0.26097,0.04175,0.0,0.0,0.10319,,,,,,,,0.01153,0.03004,-6.73095,
792,Türkiye,13,Textiles,2023,0.2136,High,True,1.0,16,True,False,-0.06632,0.05039,0.05216,1.0,0.4,0.00767,-0.02666,0.33052,-0.12328,0.27268,0.3791,0.04248,0.43646,-0.09064,-0.05228,-2.27938,g_emp_1;g_emp_1_rel_ctry;g_out_1;g_va_1
792,Türkiye,14,Wearing apparel,2023,0.0653,Watch,True,1.0,16,True,False,-0.04405,0.14916,0.05278,1.0,0.2,0.0667,0.15459,0.49441,0.00865,0.38773,0.38977,0.20779,0.71005,-0.06837,-0.03467,-1.92949,wage_share;g_emp_1;g_emp_1_rel_ctry;g_out_1
792,Türkiye,15,Leather and related products,2023,0.0366,Low,True,1.0,16,True,False,0.00122,0.14228,0.03787,0.0,0.2,0.07764,0.20746,0.68525,0.1072,0.64032,0.4939,0.206,0.64787,-0.0231,0.03699,-4.13665,wage_share;log_emp_share_ctry;g_emp_1_rel_ctry;g_emp_1
792,Türkiye,16,"Wood products, excluding furniture",2023,0.038,Low,True,1.0,16,True,False,0.01599,0.26,0.07418,0.0,0.2,0.11954,0.11275,0.57805,0.04708,0.80929,0.55942,0.09523,0.40206,-0.00833,0.04148,-4.06337,log_emp_share_ctry;g_emp_1_rel_ctry;g_out_1;g_va_1
792,Türkiye,17,Paper and paper products,2023,0.0366,Low,True,0.938,16,True,False,0.0177,0.18194,0.03198,0.0,0.0,0.10089,-0.07844,0.33391,,0.36251,0.56632,-0.09447,0.35825,-0.00661,0.00226,-3.90963,log_emp_share_ctry;g_emp_1_rel_ctry;g_va_1;g_prod_1
792,Türkiye,18,Printing and reproduction of recorded media,2023,0.0227,Low,True,1.0,16,True,False,0.10309,0.18413,0.05339,0.0,0.2,0.11253,0.31606,0.77933,0.05723,0.52409,0.67628,0.19306,0.4832,0.07878,0.11978,-4.57274,log_emp_share_ctry;wage_share;g_out_1
792,Türkiye,19,Coke and refined petroleum products,2023,,Insufficient data,False,0.562,16,True,False,-0.03722,-0.01413,0.02518,1.0,0.33333,-0.02265,,,,,,,,-0.06154,-0.0406,-6.17167,
792,Türkiye,20,Chemicals and chemical products,2023,0.038,Low,True,1.0,16,True,False,0.03871,0.20681,0.02446,0.0,0.0,0.1197,0.01436,0.48544,-0.08318,0.54876,0.53897,-0.02344,0.23781,0.0144,0.03052,-3.66003,g_out_1;log_emp_share_ctry;g_prod_1;g_va_1
792,Türkiye,21,"Pharmaceuticals,medicinal chemicals, etc.",2023,0.0366,Low,True,1.0,16,True,False,0.04798,0.17653,0.01963,0.0,0.0,0.11092,0.50645,0.57624,0.27368,0.34228,0.53194,0.43748,0.31556,0.02366,0.02389,-4.56041,log_emp_share_ctry;g_out_1
792,Türkiye,22,Rubber and plastics products,2023,0.0227,Low,True,1.0,16,True,False,0.04629,0.17578,0.04071,0.0,0.2,0.09549,0.16656,0.52634,0.02782,0.46261,0.58699,0.11495,0.41199,0.02197,0.03775,-2.87938,g_out_1;g_prod_1
792,Türkiye,23,Other non-metallic mineral products,2023,0.1385,Elevated,True,1.0,16,True,False,0.01899,0.20309,0.07857,0.0,0.2,0.09565,0.27671,1.1046,0.11983,1.00375,0.62048,0.25291,0.3474,-0.00532,0.02498,-2.83168,g_emp_1_rel_ctry;g_out_1
792,Türkiye,24,Basic metals,2023,0.038,Low,True,1.0,16,True,False,0.06375,0.26013,0.04428,0.0,0.2,0.13326,-0.01717,0.63348,-0.11572,0.55863,0.57376,-0.07607,0.26295,0.03943,0.05792,-3.20886,g_out_1;g_prod_1;g_va_1
792,Türkiye,25,"Fabricated metal products, except machinery",2023,0.0227,Low,True,1.0,16,True,False,0.05079,0.23486,0.0542,0.0,0.2,0.12147,0.2687,0.72589,0.14038,0.69707,0.58297,0.20737,0.42396,0.02648,0.03751,-2.4244,g_out_1
792,Türkiye,26,"Computer, electronic and optical products",2023,0.0227,Low,True,1.0,16,True,False,0.01087,0.3144,0.05235,0.0,0.0,0.14907,0.10353,0.48722,0.19198,0.73167,0.26582,0.09167,0.36499,-0.01345,-0.00729,-4.32087,log_emp_share_ctry;g_emp_1_rel_ctry;g_out_1;g_va_1
792,Türkiye,27,Electrical equipment,2023,0.0366,Low,True,1.0,16,True,False,0.01686,0.19849,0.05127,0.0,0.2,0.09898,0.35048,0.73248,0.14307,0.59757,0.5249,0.32809,0.37931,-0.00745,-0.004,-3.09048,g_emp_1_rel_ctry;g_out_1
792,Türkiye,28,Machinery and equipment n.e.c.,2023,0.0517,Watch,True,1.0,16,True,False,0.02774,0.24805,0.0532,0.0,0.2,0.12057,0.3398,0.88111,0.1931,0.77354,0.56716,0.30363,0.39793,0.00343,0.01638,-2.73538,g_emp_1_rel_ctry;g_out_1
792,Türkiye,29,"Motor vehicles, trailers and semi-trailers",2023,0.0366,Low,True,1.0,16,True,False,0.083,0.28154,0.04287,0.0,0.2,0.14808,0.37873,0.82236,0.21544,0.55164,0.58218,0.27307,0.33229,0.05868,0.07176,-2.968,g_out_1
792,Türkiye,30,Other transport equipment,2023,0.0366,Low,True,1.0,16,True,False,0.21539,0.58883,0.04163,0.0,0.0,0.29116,0.49138,1.6089,0.56239,1.51894,0.83129,0.22708,0.3218,0.19107,0.16505,-4.10703,log_emp_share_ctry
792,Türkiye,31,Furniture,2023,0.038,Low,True,1.0,16,True,False,0.00957,0.179,0.0601,0.0,0.2,0.08672,0.22246,0.64799,0.14912,0.55048,0.52097,0.21088,0.61187,-0.01475,0.04064,-3.12775,wage_share;g_emp_1_rel_ctry;g_out_1
792,Türkiye,32,Other manufacturing,2023,0.0227,Low,True,1.0,16,True,False,0.05373,0.2941,0.03416,0.0,0.0,0.15466,0.27063,0.50975,0.2061,0.86956,0.55619,0.20584,0.50222,0.02941,0.03632,-3.92705,wage_share;log_emp_share_ctry;g_out_1
792,Türkiye,33,Repair and installation of machinery/equipment,2023,0.0653,Watch,True,1.0,16,True,False,0.09001,0.34379,0.02783,0.0,0.0,0.18028,0.43384,1.05749,0.30204,0.8259,0.50453,0.31543,0.52518,0.0657,0.06941,-3.4816,wage_share;g_out_1
804,Ukraine,10,Food products,2023,0.0227,Low,True,1.0,16,True,False,-0.03647,-0.18614,0.05156,3.0,0.8,-0.12962,0.13164,0.03106,0.08912,0.00652,0.08002,0.17447,0.25061,0.05847,-0.05039,-1.44825,share_decline_5;g_emp_1;emp_dev5;g_va_3
804,Ukraine,11,Beverages,2023,0.0366,Low,True,1.0,16,True,False,-0.02474,-0.143,0.07513,2.0,0.6,-0.07854,0.22246,0.14606,0.17674,-0.1342,0.06123,0.25347,0.28025,0.0702,-0.04775,-3.56663,share_decline_5;g_emp_1;g_out_3;g_va_3
804,Ukraine,12,Tobacco products,2023,0.1385,Elevated,True,1.0,16,True,False,-0.0718,-0.11401,0.02687,5.0,1.0,-0.09036,0.45802,-0.56615,0.23496,-0.79021,0.07718,0.57081,0.32297,0.02313,-0.07761,-5.93238,share_decline_5;log_emp_share_ctry;g_emp_1;g_out_3
804,Ukraine,13,Textiles,2023,0.0653,Watch,True,1.0,16,True,False,-0.09058,-0.18584,0.04082,2.0,0.8,-0.15307,0.14669,0.09321,0.17333,0.21804,0.0331,0.2609,0.27721,0.00436,-0.07653,-4.29504,share_decline_5;g_emp_1;log_emp_share_ctry;emp_dev5
804,Ukraine,14,Wearing apparel,2023,0.0278,Low,True,1.0,16,True,False,-0.03505,-0.21106,0.03524,5.0,1.0,-0.15027,0.31877,0.42639,0.52574,0.58025,0.11863,0.36667,0.32117,0.05989,-0.02567,-3.34473,share_decline_5;g_emp_1;emp_dev5;g_emp_3
804,Ukraine,15,Leather and related products,2023,0.0653,Watch,True,1.0,16,True,False,-0.11602,-0.18348,0.04393,5.0,1.0,-0.1708,0.18729,0.41536,0.2094,0.37361,0.00665,0.34312,0.39116,-0.02108,-0.08025,-4.18263,share_decline_5;g_emp_1;log_emp_share_ctry;g_emp_1_rel_ctry
804,Ukraine,16,"Wood products, excluding furniture",2023,0.0653,Watch,True,1.0,16,True,False,-0.08271,-0.18674,0.07829,2.0,0.6,-0.12954,0.04803,0.19903,0.02262,0.26998,-0.08806,0.14252,0.23871,0.01223,-0.05721,-3.2662,g_emp_1;g_wages_1;share_decline_5;emp_dev5
804,Ukraine,17,Paper and paper products,2023,0.0227,Low,True,1.0,16,True,False,-0.0398,-0.16402,0.05812,2.0,0.6,-0.11688,0.26912,-0.09286,0.04195,-0.05883,0.06555,0.32171,0.3194,0.05514,-0.05524,-3.73461,g_emp_1;share_decline_5;g_va_3;g_out_3
804,Ukraine,18,Printing and reproduction of recorded media,2023,0.1385,Elevated,True,1.0,16,True,False,-0.0993,-0.28782,0.08529,3.0,0.8,-0.22448,0.25777,0.02717,0.36538,0.12903,0.09342,0.39644,0.28996,-0.00436,-0.08261,-4.43419,share_decline_5;g_emp_1;log_emp_share_ctry;emp_dev5
804,Ukraine,19,Coke and refined petroleum products,2023,0.2136,High,True,1.0,16,True,False,-0.31718,-0.46968,0.09456,5.0,1.0,-0.47866,-0.32712,-0.69975,-0.23946,-0.54816,-0.25952,-0.01457,0.27309,-0.22224,-0.32056,-4.97296,g_emp_1;share_decline_5;g_emp_1_rel_ctry;log_emp_share_ctry
804,Ukraine,20,Chemicals and chemical products,2023,0.1385,Elevated,True,1.0,16,True,False,-0.21482,-0.38463,0.08586,5.0,1.0,-0.35093,0.42358,-0.20131,0.11105,-0.19993,-0.0957,0.81305,0.25505,-0.11988,-0.22301,-3.25147,share_decline_5;g_emp_1;g_emp_1_rel_ctry;g_wages_1
804,Ukraine,21,"Pharmaceuticals,medicinal chemicals, etc.",2023,0.0227,Low,True,1.0,16,True,False,-0.03457,-0.1125,0.05299,2.0,0.6,-0.08215,0.15441,-0.04659,0.11252,-0.07246,0.08574,0.19574,0.35575,0.06037,-0.05866,-3.74693,g_emp_1;share_decline_5;g_va_3;g_out_3
804,Ukraine,22,Rubber and plastics products,2023,0.0653,Watch,True,1.0,16,True,False,-0.09016,-0.21451,0.06317,2.0,0.6,-0.16933,0.06781,-0.03664,0.08933,0.04447,0.0737,0.17363,0.28812,0.00478,-0.0987,-3.19603,g_emp_1;share_decline_5;emp_dev5;g_va_3
804,Ukraine,23,Other non-metallic mineral products,2023,0.1385,Elevated,True,1.0,16,True,False,-0.11447,-0.30461,0.1061,2.0,0.6,-0.25948,0.5696,-0.22007,0.42547,-0.2327,0.08584,0.7725,0.22143,-0.01954,-0.10849,-2.86913,g_emp_1;share_decline_5;emp_dev5;g_va_3
804,Ukraine,24,Basic metals,2023,0.294,High,True,1.0,16,True,False,-0.22496,-0.431,0.09626,5.0,1.0,-0.42493,0.6873,-0.79514,-0.21669,-0.5153,-0.25456,1.17705,0.7602,-0.13002,-0.23079,-2.71612,share_decline_5;g_emp_1;wage_share;g_wages_1
804,Ukraine,25,"Fabricated metal products, except machinery",2023,0.2136,High,True,1.0,16,True,False,-0.10954,-0.19508,0.05091,2.0,0.8,-0.16412,0.29446,0.21875,0.29417,0.3516,0.12172,0.45369,0.34059,-0.0146,-0.12282,-2.759,share_decline_5;g_emp_1;emp_dev5;g_emp_1_rel_ctry
804,Ukraine,26,"Computer, electronic and optical products",2023,0.0278,Low,True,1.0,16,True,False,-0.00842,-0.14263,0.04607,5.0,1.0,-0.11291,0.41226,0.54,0.59971,0.64007,0.39272,0.42425,0.37663,0.08652,-0.02658,-3.78837,share_decline_5;g_emp_1;log_emp_share_ctry;emp_dev5
804,Ukraine,27,Electrical equipment,2023,0.0517,Watch,True,1.0,16,True,False,-0.15566,-0.35695,0.07919,5.0,1.0,-0.3283,0.086,-0.10304,0.25888,-0.05656,-0.02512,0.28621,0.35194,-0.06073,-0.17653,-3.54255,share_decline_5;g_emp_1;g_emp_1_rel_ctry;emp_dev5
804,Ukraine,28,Machinery and equipment n.e.c.,2023,0.1772,Elevated,True,1.0,16,True,False,-0.14533,-0.40332,0.09738,5.0,1.0,-0.37458,0.29781,-0.34711,0.19929,-0.29813,-0.05951,0.51849,0.365,-0.05039,-0.15669,-2.66713,share_decline_5;g_emp_1;emp_dev5;g_emp_1_rel_ctry
804,Ukraine,29,"Motor vehicles, trailers and semi-trailers",2023,0.1385,Elevated,True,1.0,16,True,False,-0.17645,-0.22481,0.07061,2.0,0.8,-0.22281,0.02947,0.10897,0.28453,0.49196,-0.03193,0.25004,0.45257,-0.08152,-0.18769,-3.14609,g_emp_1;share_decline_5;g_emp_1_rel_ctry;g_wages_1
804,Ukraine,30,Other transport equipment,2023,0.0517,Watch,True,1.0,16,True,False,-0.03822,-0.26099,0.05166,5.0,1.0,-0.20474,0.57603,0.56361,0.59829,0.45386,0.21427,0.63866,0.36089,0.05672,-0.08856,-2.96321,share_decline_5;g_emp_1;emp_dev5;g_emp_3
804,Ukraine,31,Furniture,2023,0.1385,Elevated,True,1.0,16,True,False,-0.13935,-0.22624,0.09043,2.0,0.4,-0.19887,0.25527,-0.01453,0.19146,0.02655,0.04924,0.45851,0.39305,-0.04441,-0.10827,-3.53865,g_emp_1;g_emp_1_rel_ctry;emp_dev5;g_va_3
804,Ukraine,32,Other manufacturing,2023,0.0653,Watch,True,1.0,16,True,False,-0.07557,-0.26383,0.03216,5.0,1.0,-0.20918,0.22777,0.59394,0.15191,0.24692,0.05733,0.32813,0.26595,0.01937,-0.09298,-4.47641,share_decline_5;g_emp_1;log_emp_share_ctry;emp_dev5
804,Ukraine,33,Repair and installation of machinery/equipment,2023,0.1385,Elevated,True,1.0,16,True,False,-0.14902,-0.3701,0.10564,4.0,0.8,-0.33546,0.22743,-0.16904,0.17487,-0.14735,-0.06317,0.44238,0.36788,-0.05408,-0.16963,-3.134,share_decline_5;g_emp_1;emp_dev5;g_emp_1_rel_ctry
826,United Kingdom,10,Food products,2023,,Insufficient data,False,0.438,16,True,False,,,,0.0,,,0.02182,0.18293,0.09036,0.2842,0.07688,,0.556,,,,
826,United Kingdom,13,Textiles,2023,,Insufficient data,False,0.438,16,True,False,,,,0.0,,,0.02894,0.10924,0.05679,0.18839,0.06144,,0.58725,,,,
826,United Kingdom,14,Wearing apparel,2023,,Insufficient data,False,0.125,16,True,False,,,,0.0,,,,,,,,,0.50141,,,,
826,United Kingdom,15,Leather and related products,2023,,Insufficient data,False,0.438,16,True,False,,,,0.0,,,0.12632,0.7382,0.11873,0.62639,0.00436,,0.44765,,,,
826,United Kingdom,16,"Wood products, excluding furniture",2023,,Insufficient data,False,0.438,16,True,False,,,,0.0,,,-0.04796,0.30162,-0.03709,0.25277,0.04575,,0.50198,,,,
826,United Kingdom,17,Paper and paper products,2023,,Insufficient data,False,0.438,16,True,False,,,,0.0,,,-0.04186,0.19457,-0.03229,0.23164,0.05608,,0.53558,,,,
826,United Kingdom,18,Printing and reproduction of recorded media,2023,,Insufficient data,False,0.438,16,True,False,,,,0.0,,,0.00912,0.00953,0.01056,0.10384,-0.01033,,0.57352,,,,
826,United Kingdom,19,Coke and refined petroleum products,2023,,Insufficient data,False,0.375,16,True,False,,,,0.0,,,-0.43043,,-0.13154,0.94831,0.12894,,0.2566,,,,
826,United Kingdom,20,Chemicals and chemical products,2023,,Insufficient data,False,0.438,16,True,False,,,,0.0,,,-0.24864,-0.20541,-0.10633,0.08087,0.00706,,0.53561,,,,
826,United Kingdom,21,"Pharmaceuticals,medicinal chemicals, etc.",2023,,Insufficient data,False,0.438,16,True,False,,,,0.0,,,0.16042,0.1553,0.14763,0.29044,0.08663,,0.397,,,,
826,United Kingdom,22,Rubber and plastics products,2023,,Insufficient data,False,0.438,16,True,False,,,,0.0,,,0.01491,0.19785,-0.02093,0.19794,0.06662,,0.5588,,,,
826,United Kingdom,23,Other non-metallic mineral products,2023,,Insufficient data,False,0.438,16,True,False,,,,0.0,,,-0.02886,0.20722,-0.06507,0.19728,-0.00235,,0.52178,,,,
826,United Kingdom,24,Basic metals,2023,,Insufficient data,False,0.438,16,True,False,,,,0.0,,,-0.16508,0.01171,-0.09146,0.24657,0.16174,,1.04877,,,,
826,United Kingdom,25,"Fabricated metal products, except machinery",2023,,Insufficient data,False,0.438,16,True,False,,,,0.0,,,0.08277,0.27024,0.05393,0.28058,0.10502,,0.55753,,,,
826,United Kingdom,26,"Computer, electronic and optical products",2023,,Insufficient data,False,0.438,16,True,False,,,,0.0,,,0.07782,0.2991,0.1018,0.27122,0.09411,,0.57607,,,,
826,United Kingdom,27,Electrical equipment,2023,,Insufficient data,False,0.438,16,True,False,,,,0.0,,,0.01768,0.33197,0.08573,0.26745,0.07782,,0.58805,,,,
826,United Kingdom,28,Machinery and equipment n.e.c.,2023,,Insufficient data,False,0.438,16,True,False,,,,0.0,,,0.04626,0.31275,0.10478,0.30846,0.08888,,0.58664,,,,
826,United Kingdom,29,"Motor vehicles, trailers and semi-trailers",2023,,Insufficient data,False,0.438,16,True,False,,,,0.0,,,0.1471,0.45205,0.17692,0.39293,0.10025,,0.59704,,,,
826,United Kingdom,30,Other transport equipment,2023,,Insufficient data,False,0.438,16,True,False,,,,0.0,,,0.07722,0.34839,0.10496,0.21853,0.11474,,0.62284,,,,
826,United Kingdom,31,Furniture,2023,,Insufficient data,False,0.438,16,True,False,,,,0.0,,,0.01221,0.21344,0.01377,0.25043,0.00765,,0.62186,,,,
826,United Kingdom,32,Other manufacturing,2023,,Insufficient data,False,0.438,16,True,False,,,,0.0,,,-0.00688,0.08364,-0.01554,0.1518,0.1231,,0.60291,,,,
826,United Kingdom,33,Repair and installation of machinery/equipment,2023,,Insufficient data,False,0.438,16,True,False,,,,0.0,,,0.08949,0.34919,0.1434,0.33115,0.07862,,0.55821,,,,
840,United States of America,10,Food products,2023,0.1385,Elevated,True,1.0,16,True,False,0.02721,0.37568,0.13231,0.0,0.2,0.1876,0.15895,-0.23496,0.01238,0.24622,0.02675,0.12825,0.61455,0.02721,0.0133,-1.82228,wage_share;g_va_3;vol_emp_5;g_wages_1
840,United States of America,11,Beverages,2023,,Insufficient data,False,0.438,16,True,False,,,0.02574,0.0,0.66667,,0.12474,-0.01525,0.02711,0.29185,,,,,,,
840,United States of America,12,Tobacco products,2023,,Insufficient data,False,0.438,16,True,False,,,0.06916,0.0,0.66667,,0.18206,0.03944,0.06126,0.28067,,,,,,,
840,United States of America,13,Textiles,2023,0.2477,High,True,1.0,16,True,False,-0.0495,0.08902,0.07937,1.0,0.8,0.02754,-0.02994,-0.23333,-0.05964,0.04138,-0.03182,0.02058,0.77747,-0.0495,-0.03546,-4.20298,wage_share;share_decline_5;g_emp_1;log_emp_share_ctry
840,United States of America,14,Wearing apparel,2023,0.294,High,True,1.0,16,True,False,-0.02542,0.75049,0.38075,1.0,0.8,0.27887,0.0,1.49285,0.13793,1.36816,-0.00885,0.02609,0.67043,-0.02542,-0.01605,-4.71554,vol_emp_5;share_decline_5;wage_share;log_emp_share_ctry
840,United States of America,16,"Wood products, excluding furniture",2023,0.0227,Low,True,1.0,16,True,False,-0.01874,0.05985,0.03431,1.0,0.4,0.03073,-0.0356,0.12857,-0.03346,0.47064,0.01112,-0.01719,0.50793,-0.01874,0.00676,-3.42261,wage_share;g_emp_1;g_emp_1_rel_ctry;g_wages_1
840,United States of America,17,Paper and paper products,2023,0.0227,Low,True,1.0,16,True,False,-0.01096,0.09745,0.0436,1.0,0.4,0.04898,0.05136,-0.11361,0.00046,0.19618,0.02312,0.063,0.47915,-0.01096,-0.02641,-3.5716,wage_share;g_va_3;g_emp_1;g_wages_1
840,United States of America,18,Printing and reproduction of recorded media,2023,0.0366,Low,True,1.0,16,True,False,-0.02116,-0.00736,0.05134,1.0,0.8,-0.00787,0.0049,-0.06132,-0.03645,0.13985,0.01438,0.02663,0.64885,-0.02116,-0.00448,-3.54697,share_decline_5;wage_share;g_emp_1;g_emp_1_rel_ctry
840,United States of America,19,Coke and refined petroleum products,2023,0.1385,Elevated,True,1.0,16,True,False,0.02857,0.02483,0.03267,0.0,0.6,0.02757,-0.05628,2.53294,-0.17695,1.02814,0.06251,-0.08249,0.10011,0.02857,0.02519,-4.77835,log_emp_share_ctry;share_decline_5;g_out_1;g_wages_1
840,United States of America,20,Chemicals and chemical products,2023,0.1385,Elevated,True,1.0,16,True,False,0.0,0.76462,0.30035,0.0,0.2,0.29964,-0.00069,0.27909,0.00431,0.4081,0.03686,-0.00069,0.45048,0.0,-0.0082,-2.66365,vol_emp_5;g_wages_1;g_emp_1_rel_ctry;g_emp_1
840,United States of America,21,"Pharmaceuticals,medicinal chemicals, etc.",2023,,Insufficient data,False,0.438,16,True,False,,,0.02004,0.0,0.0,,0.02418,0.29912,0.05433,0.40215,,,,,,,
840,United States of America,22,Rubber and plastics products,2023,0.038,Low,True,1.0,16,True,False,-0.01736,-0.04195,0.0132,2.0,0.8,-0.03113,0.06933,-0.12392,-0.01693,0.26366,0.03061,0.08822,0.59473,-0.01736,-0.02589,-2.85925,share_decline_5;wage_share;g_emp_1;g_va_3
840,United States of America,23,Other non-metallic mineral products,2023,0.0177,Low,True,1.0,16,True,False,0.00482,0.07896,0.03627,0.0,0.6,0.04337,0.05587,0.01539,0.03895,0.30142,0.05874,0.0508,0.49497,0.00482,0.01081,-3.42739,share_decline_5;wage_share;g_va_3;g_emp_1_rel_ctry
840,United States of America,24,Basic metals,2023,0.0517,Watch,True,1.0,16,True,False,0.02192,0.07672,0.08034,0.0,0.4,0.05224,-0.02347,0.08719,-0.02964,0.52022,0.05078,-0.04442,0.48151,0.02192,0.01609,-3.5389,wage_share;g_va_3;g_wages_1;g_out_1
840,United States of America,25,"Fabricated metal products, except machinery",2023,0.0177,Low,True,1.0,16,True,False,0.0105,0.07815,0.04936,0.0,0.6,0.04684,0.07188,-0.00353,0.00464,0.31386,0.05659,0.06074,0.65236,0.0105,-0.00279,-2.1853,wage_share;share_decline_5;g_va_3;g_wages_1
840,United States of America,26,"Computer, electronic and optical products",2023,0.1385,Elevated,True,1.0,16,True,False,-0.00378,0.32374,0.1488,1.0,0.8,0.15772,0.01275,0.65328,-0.00795,0.26933,0.0297,0.0166,0.62465,-0.00378,-0.02194,-2.50013,share_decline_5;wage_share;vol_emp_5;g_wages_1
840,United States of America,27,Electrical equipment,2023,0.038,Low,True,1.0,16,True,False,0.02469,0.24106,0.07558,0.0,0.4,0.12064,0.08764,0.17648,0.10408,0.4498,0.04379,0.06144,0.5772,0.02469,0.00382,-3.4322,wage_share;g_wages_1;g_va_3;g_out_1
840,United States of America,28,Machinery and equipment n.e.c.,2023,0.0227,Low,True,1.0,16,True,False,0.01899,0.14041,0.05836,0.0,0.4,0.07594,0.1312,0.15755,0.01604,0.27143,0.05439,0.11013,0.5853,0.01899,0.00763,-2.43316,wage_share;g_wages_1;g_va_3;g_out_1
840,United States of America,29,"Motor vehicles, trailers and semi-trailers",2023,0.0177,Low,True,1.0,16,True,False,0.01816,0.08455,0.03324,0.0,0.2,0.04049,0.09664,0.14178,0.09696,0.37932,0.05677,0.07708,0.50622,0.01816,0.00693,-2.54376,wage_share;g_va_3;g_wages_1;g_out_1
840,United States of America,30,Other transport equipment,2023,0.0366,Low,True,1.0,16,True,False,0.05799,0.23561,0.07411,0.0,0.4,0.13462,0.18731,0.71109,0.17037,0.47249,0.10483,0.12223,0.52383,0.05799,0.00765,-2.84307,wage_share;g_out_1
840,United States of America,31,Furniture,2023,0.1772,Elevated,True,1.0,16,True,False,-0.05526,0.03453,0.0764,1.0,0.8,0.00863,0.0,-0.11636,-0.00239,0.18202,-0.01338,0.0585,0.72864,-0.05526,-0.02418,-3.57715,wage_share;share_decline_5;g_emp_1;g_emp_1_rel_ctry
840,United States of America,32,Other manufacturing,2023,0.0653,Watch,True,1.0,16,True,False,-0.00478,0.22145,0.09142,1.0,0.6,0.10904,0.07845,0.2206,-0.0068,0.21934,0.02869,0.08364,0.61537,-0.00478,-0.02219,-3.02433,wage_share;share_decline_5;g_wages_1;g_emp_1
858,Uruguay,10,Food products,2023,0.0366,Low,True,1.0,16,True,True,0.02997,0.07488,0.03471,0.0,0.4,0.03825,0.07087,0.44012,-0.04079,0.43358,0.18815,0.03971,0.61257,0.01677,0.01605,-0.68179,wage_share;g_out_1;g_prod_1;g_va_1
858,Uruguay,11,Beverages,2023,0.0227,Low,True,1.0,16,True,True,0.01806,-0.07607,0.02852,0.0,0.6,-0.03064,0.15687,0.51959,0.09959,0.48672,0.18974,0.13634,0.44406,0.00487,-0.00495,-3.08408,share_decline_5;g_emp_1_rel_ctry;g_emp_3;g_out_1
858,Uruguay,13,Textiles,2023,0.294,High,True,1.0,16,True,True,-0.0022,-0.08128,0.0739,1.0,0.8,-0.06532,-0.31356,-0.40204,-0.16974,0.11315,0.12967,-0.31205,1.14442,-0.01539,0.01184,-4.41014,wage_share;share_decline_5;log_emp_share_ctry;g_va_3
858,Uruguay,14,Wearing apparel,2023,0.294,High,True,1.0,16,True,True,-0.05443,0.1156,0.10319,1.0,0.6,0.02117,0.4113,1.07798,0.05007,0.84105,0.16908,0.49254,0.56898,-0.06762,-0.04506,-4.14822,wage_share;g_emp_1;g_emp_1_rel_ctry;log_emp_share_ctry
858,Uruguay,15,Leather and related products,2023,0.2477,High,True,1.0,16,True,True,-0.04215,-0.06408,0.16521,2.0,0.8,-0.18154,0.20264,0.10484,-0.08343,0.22664,0.02164,0.25556,0.93357,-0.05534,-0.00638,-3.85048,wage_share;share_decline_5;g_emp_1;vol_emp_5
858,Uruguay,16,"Wood products, excluding furniture",2023,0.2136,High,True,1.0,16,True,True,-0.05787,0.10223,0.08236,1.0,0.4,0.03449,-0.33939,1.06069,-0.09845,0.25631,0.04028,-0.29882,0.57409,-0.07106,-0.03238,-3.40925,wage_share;g_emp_1;g_emp_1_rel_ctry;g_wages_1
858,Uruguay,17,Paper and paper products,2023,0.0653,Watch,True,1.0,16,True,True,0.01319,-0.04807,0.05898,0.0,0.6,-0.0012,-0.36873,0.71728,0.02347,0.5879,0.28272,-0.37695,0.14159,0.0,-0.00226,-3.76741,share_decline_5;log_emp_share_ctry;g_va_1;g_prod_1
858,Uruguay,18,Printing and reproduction of recorded media,2023,0.2477,High,True,1.0,16,True,True,0.11219,0.15902,0.15338,0.0,0.6,0.00688,-0.04832,0.09981,0.02173,0.29593,0.13166,-0.14432,0.76991,0.099,0.12888,-3.91555,wage_share;vol_emp_5;share_decline_5;log_emp_share_ctry
858,Uruguay,19,Coke and refined petroleum products,2023,0.1385,Elevated,True,1.0,16,True,True,-0.02456,-0.08669,0.03592,4.0,0.8,-0.07166,-0.13075,1.0178,-0.0334,0.34473,0.31542,-0.10886,0.39959,-0.03775,-0.02794,-3.76913,share_decline_5;g_emp_1;g_emp_1_rel_ctry;log_emp_share_ctry
858,Uruguay,20,Chemicals and chemical products,2023,0.0517,Watch,True,1.0,16,True,True,0.0174,0.05386,0.05905,0.0,0.6,0.02919,-0.1703,0.19073,-0.1465,0.56346,0.15166,-0.18449,0.61752,0.00421,0.00921,-3.10181,wage_share;share_decline_5;g_emp_1_rel_ctry;g_va_1
858,Uruguay,21,"Pharmaceuticals,medicinal chemicals, etc.",2023,0.1385,Elevated,True,1.0,16,True,True,-0.05755,-0.16712,0.02937,3.0,0.8,-0.11334,0.0856,-0.10383,-0.03173,-0.09715,0.09372,0.1519,0.50077,-0.07074,-0.08165,-3.17327,share_decline_5;g_emp_1;g_emp_1_rel_ctry;wage_share
858,Uruguay,22,Rubber and plastics products,2023,0.0653,Watch,True,1.0,16,True,True,0.03023,0.01076,0.08306,0.0,0.4,-0.02129,0.05322,0.2218,-0.2047,0.52078,0.18423,0.02231,0.53935,0.01704,0.02169,-3.413,wage_share;g_out_1;g_va_3;g_prod_1
858,Uruguay,23,Other non-metallic mineral products,2023,0.0653,Watch,True,1.0,16,True,True,0.02373,0.18739,0.09573,0.0,0.2,0.05456,0.07777,0.4397,0.03284,0.44464,0.20252,0.05279,0.60767,0.01054,0.02972,-3.61299,wage_share;g_out_1;g_emp_1_rel_ctry;g_va_1
858,Uruguay,24,Basic metals,2023,0.1385,Elevated,True,1.0,16,True,True,-0.03027,0.22349,0.10235,1.0,0.4,0.05317,-0.08138,0.1334,0.03874,0.48284,0.25881,-0.05271,0.52835,-0.04346,-0.0361,-4.50947,log_emp_share_ctry;wage_share;g_emp_1;g_emp_1_rel_ctry
858,Uruguay,25,"Fabricated metal products, except machinery",2023,0.2136,High,True,1.0,16,True,True,-0.1027,0.01984,0.07442,1.0,0.6,-0.02319,-0.30952,-0.05462,-0.00275,0.25654,-0.02761,-0.2305,0.97172,-0.11589,-0.11598,-3.28585,wage_share;g_emp_1;g_emp_1_rel_ctry;share_decline_5
858,Uruguay,26,"Computer, electronic and optical products",2023,0.2136,High,True,1.0,16,True,True,2.24602,1.41129,0.91887,0.0,0.4,0.70825,2.78361,2.6577,4.0167,3.52756,1.82401,0.16562,0.53224,2.23283,2.22786,-4.22843,vol_emp_5;wage_share;log_emp_share_ctry
858,Uruguay,28,Machinery and equipment n.e.c.,2023,0.2136,High,True,1.0,16,True,True,0.14501,0.04093,0.1545,0.0,0.2,0.13278,0.20453,0.58135,-0.03306,0.26989,0.28718,0.05197,0.63924,0.13182,0.13365,-5.07963,wage_share;log_emp_share_ctry;vol_emp_5;g_out_1
858,Uruguay,29,"Motor vehicles, trailers and semi-trailers",2023,0.2136,High,True,1.0,16,True,True,0.04499,0.45255,0.13886,0.0,0.4,0.15201,-0.0241,2.20959,-0.08952,7.78608,0.09735,-0.06612,0.57609,0.0318,0.03375,-3.30779,wage_share;vol_emp_5;g_out_1;g_prod_1
858,Uruguay,31,Furniture,2023,0.1385,Elevated,True,1.0,16,True,True,0.19899,0.36431,0.13447,0.0,0.6,0.21269,0.32778,0.87544,0.28334,0.24994,0.70426,0.10742,0.67804,0.1858,0.23007,-4.39929,wage_share;log_emp_share_ctry;share_decline_5;vol_emp_5
858,Uruguay,32,Other manufacturing,2023,0.294,High,True,1.0,16,True,True,-0.26899,-0.29075,0.12157,2.0,0.8,-0.30284,-0.13062,-0.10658,-0.16449,-0.25973,-0.14947,0.18928,0.60556,-0.28218,-0.2864,-5.02897,g_emp_1;share_decline_5;g_emp_1_rel_ctry;log_emp_share_ctry
858,Uruguay,33,Repair and installation of machinery/equipment,2023,0.2136,High,True,1.0,16,True,True,-0.29268,0.36877,0.27217,1.0,0.4,0.0207,-0.22522,0.3644,-0.08329,0.44248,-0.05807,0.09538,0.82603,-0.30587,-0.31329,-3.54961,g_emp_1;wage_share;g_emp_1_rel_ctry;vol_emp_5
860,Uzbekistan,10,Food products,2023,0.0517,Watch,True,1.0,16,True,False,-0.08492,-0.1255,0.07857,3.0,0.6,-0.07916,0.13194,0.22251,0.06136,0.31333,-0.00185,0.23699,0.09969,-0.0984,-0.09884,-2.24704,g_emp_1;g_emp_1_rel_ctry;share_decline_5;g_wages_1
860,Uzbekistan,11,Beverages,2023,0.0653,Watch,True,1.0,16,True,False,-0.0291,0.0445,0.02664,1.0,0.2,0.01987,0.04738,1.18166,0.05122,1.07753,0.19318,0.07878,0.13534,-0.04258,-0.05211,-3.93804,g_emp_1;g_emp_1_rel_ctry;log_emp_share_ctry;g_out_1
860,Uzbekistan,12,Tobacco products,2023,0.1385,Elevated,True,1.0,16,True,False,0.03754,-0.1218,0.08688,0.0,0.2,-0.03185,0.02735,0.2924,0.04307,0.40518,0.17809,-0.00982,0.1079,0.02406,0.03173,-6.69977,log_emp_share_ctry;g_emp_3;g_out_1;g_prod_1
860,Uzbekistan,13,Textiles,2023,0.0366,Low,True,1.0,16,True,False,-0.01952,0.20657,0.0619,1.0,0.2,0.08016,0.11801,0.71596,0.07139,0.66882,0.10606,0.14027,0.18823,-0.033,-0.00548,-1.62957,g_emp_1;g_emp_1_rel_ctry;g_out_1;g_va_1
860,Uzbekistan,14,Wearing apparel,2023,0.0177,Low,True,1.0,16,True,False,0.08673,0.2157,0.05264,0.0,0.0,0.13127,-0.19716,0.08803,0.25925,0.90162,0.31786,-0.26123,0.38145,0.07325,0.09611,-2.18205,g_va_3;g_prod_1;g_va_1;g_out_1
860,Uzbekistan,15,Leather and related products,2023,0.1385,Elevated,True,1.0,16,True,False,-0.00461,-0.02667,0.02353,2.0,0.6,-0.02813,1.3223,1.73173,0.18552,0.48142,0.07705,1.33306,0.11255,-0.0181,0.03116,-4.3996,log_emp_share_ctry;share_decline_5;g_emp_1_rel_ctry;g_emp_1
860,Uzbekistan,16,"Wood products, excluding furniture",2023,0.2477,High,True,1.0,16,True,False,-0.14348,-0.21668,0.12882,3.0,0.6,-0.17943,-0.36782,-0.12722,-0.20415,0.17477,-0.26276,-0.26192,0.14386,-0.15696,-0.11799,-5.10287,g_emp_1;log_emp_share_ctry;g_emp_1_rel_ctry;g_wages_1
860,Uzbekistan,17,Paper and paper products,2023,0.0227,Low,True,1.0,16,True,False,0.05577,0.18888,0.05499,0.0,0.0,0.11616,0.12292,0.81095,0.25563,1.16354,0.23923,0.0636,0.23744,0.04229,0.04033,-4.1397,log_emp_share_ctry;g_prod_1;g_out_1;g_va_1
860,Uzbekistan,18,Printing and reproduction of recorded media,2023,0.1385,Elevated,True,1.0,16,True,False,0.0184,-0.06767,0.07924,0.0,0.6,-0.04966,-0.33165,0.46246,-0.20522,0.75685,0.02488,-0.34373,0.45108,0.00492,0.03509,-4.75286,log_emp_share_ctry;share_decline_5;g_wages_1;g_va_1
860,Uzbekistan,19,Coke and refined petroleum products,2023,0.0517,Watch,True,1.0,16,True,False,0.14119,0.05105,0.08526,0.0,0.6,0.05012,0.23484,0.83884,0.46737,0.95306,0.59066,0.08207,0.1672,0.1277,0.1378,-4.19422,log_emp_share_ctry;share_decline_5;g_prod_1
860,Uzbekistan,20,Chemicals and chemical products,2023,0.117,Elevated,True,1.0,16,True,False,0.03373,0.00883,0.09019,0.0,0.4,0.03302,-0.1025,0.28193,-0.05279,0.36668,0.1502,-0.13179,0.24062,0.02025,0.02554,-2.72654,g_prod_1;g_va_1;g_out_1;g_va_3
860,Uzbekistan,21,"Pharmaceuticals,medicinal chemicals, etc.",2023,0.0227,Low,True,1.0,16,True,False,0.13577,0.23773,0.05075,0.0,0.0,0.14418,0.2034,0.3205,0.10871,0.34928,0.67264,0.05954,0.33618,0.12229,0.11168,-4.23705,log_emp_share_ctry;g_out_1;g_prod_1
860,Uzbekistan,22,Rubber and plastics products,2023,0.0653,Watch,True,1.0,16,True,False,0.02322,-0.0276,0.10788,0.0,0.4,0.00314,-0.05974,0.11328,0.11435,0.34985,0.17673,-0.08108,0.21138,0.00973,0.01468,-3.55905,g_va_3;vol_emp_5;g_va_1;g_prod_1
860,Uzbekistan,23,Other non-metallic mineral products,2023,0.2136,High,True,1.0,16,True,False,-0.07115,-0.14304,0.09071,3.0,0.6,-0.09172,1.12618,1.32029,0.19414,0.49709,0.06116,1.28904,0.1109,-0.08463,-0.06516,-2.44546,g_emp_1;g_emp_1_rel_ctry;share_decline_5;emp_dev5
860,Uzbekistan,24,Basic metals,2023,0.0653,Watch,True,1.0,16,True,False,0.00856,0.51088,0.16334,0.0,0.0,0.23018,0.10729,0.46161,0.11239,0.3641,0.10859,0.09789,0.12998,-0.00492,0.00273,-2.01239,vol_emp_5;g_emp_1_rel_ctry;g_out_1;g_va_1
860,Uzbekistan,25,"Fabricated metal products, except machinery",2023,0.1385,Elevated,True,1.0,16,True,False,-0.07224,-0.01594,0.11424,2.0,0.4,-0.01814,-0.13526,0.1816,0.07783,0.74724,0.07956,-0.06793,0.19583,-0.08573,-0.08553,-3.29143,g_emp_1;g_emp_1_rel_ctry;vol_emp_5;g_va_3
860,Uzbekistan,26,"Computer, electronic and optical products",2023,0.0653,Watch,True,1.0,16,True,False,-0.52834,-0.07291,0.51219,1.0,0.4,-0.40093,-0.50053,-0.19503,-0.36805,0.04129,-0.39969,0.05897,0.15897,-0.54183,-0.54651,-5.41077,g_emp_1;g_emp_1_rel_ctry;vol_emp_5;log_emp_share_ctry
860,Uzbekistan,27,Electrical equipment,2023,0.0653,Watch,True,1.0,16,True,False,0.02319,0.06246,0.12701,0.0,0.2,0.09025,0.10936,0.72173,0.224,0.85558,0.29338,0.08422,0.27391,0.00971,0.00232,-3.49837,vol_emp_5;g_emp_1_rel_ctry;g_out_1;g_va_1
860,Uzbekistan,28,Machinery and equipment n.e.c.,2023,0.1772,Elevated,True,1.0,16,True,False,-0.09918,-0.3,0.14377,3.0,0.6,-0.17976,0.12976,0.31834,-0.02476,0.12667,0.09895,0.25415,0.25945,-0.11266,-0.11054,-4.52092,g_emp_1;log_emp_share_ctry;g_emp_1_rel_ctry;share_decline_5
860,Uzbekistan,29,"Motor vehicles, trailers and semi-trailers",2023,0.0653,Watch,True,1.0,16,True,False,0.28678,0.35884,0.10356,0.0,0.2,0.23743,0.42836,1.48815,0.40901,0.96134,0.37529,0.11002,0.21803,0.2733,0.27555,-3.06868,vol_emp_5;g_prod_1
860,Uzbekistan,30,Other transport equipment,2023,0.294,High,True,1.0,16,True,False,0.13655,0.22189,0.11163,0.0,0.2,0.12587,-0.05298,0.57724,0.07402,0.69015,0.51012,-0.16676,0.57967,0.12306,0.08621,-4.82157,log_emp_share_ctry;wage_share;vol_emp_5;g_prod_1
860,Uzbekistan,31,Furniture,2023,0.117,Elevated,True,1.0,16,True,False,-0.03468,0.01966,0.12098,1.0,0.4,-0.00531,-0.04807,0.45427,0.20009,1.08079,0.04001,-0.01387,0.16715,-0.04816,-0.0036,-3.85773,g_emp_1;g_emp_1_rel_ctry;log_emp_share_ctry;vol_emp_5
860,Uzbekistan,32,Other manufacturing,2023,0.1385,Elevated,True,1.0,16,True,False,0.03336,0.24278,0.15388,0.0,0.2,0.09554,0.33494,0.69226,0.58384,1.11939,0.08538,0.29185,0.10968,0.01987,0.01595,-4.9065,log_emp_share_ctry;vol_emp_5
860,Uzbekistan,33,Repair and installation of machinery/equipment,2023,0.2136,High,True,1.0,16,True,False,-0.06011,-0.24861,0.06283,3.0,0.8,-0.15076,-0.00457,0.37247,0.38697,0.90145,0.19081,0.05909,0.55714,-0.0736,-0.08072,-4.40729,share_decline_5;wage_share;g_emp_1;log_emp_share_ctry
894,Zambia,10,Food products,2023,,Insufficient data,False,0.188,16,True,False,,,,0.0,,,-0.04572,0.67822,,,,,,,,,
894,Zambia,13,Textiles,2023,,Insufficient data,False,0.188,16,True,False,,,,0.0,,,0.07262,3.09762,,,,,,,,,
894,Zambia,16,"Wood products, excluding furniture",2023,,Insufficient data,False,0.188,16,True,False,,,,0.0,,,2.67537,1.33195,,,,,,,,,
894,Zambia,17,Paper and paper products,2023,,Insufficient data,False,0.188,16,True,False,,,,0.0,,,1.7452,3.6639,,,,,,,,,
894,Zambia,19,Coke and refined petroleum products,2023,,Insufficient data,False,0.188,16,True,False,,,,0.0,,,0.10071,0.41285,,,,,,,,,
894,Zambia,20,Chemicals and chemical products,2023,,Insufficient data,False,0.188,16,True,False,,,,0.0,,,0.25726,0.78623,,,,,,,,,
894,Zambia,24,Basic metals,2023,,Insufficient data,False,0.188,16,True,False,,,,0.0,,,-0.29047,0.59887,,,,,,,,,
894,Zambia,25,"Fabricated metal products, except machinery",2023,,Insufficient data,False,0.188,16,True,False,,,,0.0,,,-0.35732,0.01281,,,,,,,,,
